window,representation,domain,rank_name,z_m,component,rmse_m_s
K3_T1-3,eulerian,A_common_dense,aggressive_temporal,2026.3157894736842,u,2.5674816874578945
K3_T1-3,eulerian,A_common_dense,aggressive_temporal,2026.3157894736842,v,1.629147260021436
K3_T1-3,eulerian,A_common_dense,aggressive_temporal,2026.3157894736842,w,1.00550463136711
K3_T1-3,eulerian,A_common_dense,aggressive_temporal,2789.4736842105262,u,2.4004090639145534
K3_T1-3,eulerian,A_common_dense,aggressive_temporal,2789.4736842105262,v,1.262884726624349
K3_T1-3,eulerian,A_common_dense,aggressive_temporal,2789.4736842105262,w,0.9273706441859825
K3_T1-3,eulerian,A_common_dense,aggressive_temporal,3552.6315789473683,u,2.0107519314036284
K3_T1-3,eulerian,A_common_dense,aggressive_temporal,3552.6315789473683,v,1.1792768947248666
K3_T1-3,eulerian,A_common_dense,aggressive_temporal,3552.6315789473683,w,0.8102842715159567
K3_T1-3,eulerian,A_common_dense,aggressive_temporal,4315.78947368421,u,1.6480838907285345
K3_T1-3,eulerian,A_common_dense,aggressive_temporal,4315.78947368421,v,1.129761289994405
K3_T1-3,eulerian,A_common_dense,aggressive_temporal,4315.78947368421,w,0.6637444951728303
K3_T1-3,eulerian,A_common_dense,compact_temporal,2026.3157894736842,u,0.8348932620726881
K3_T1-3,eulerian,A_common_dense,compact_temporal,2026.3157894736842,v,0.6613718430876423
K3_T1-3,eulerian,A_common_dense,compact_temporal,2026.3157894736842,w,0.3819434207794091
K3_T1-3,eulerian,A_common_dense,compact_temporal,2789.4736842105262,u,0.7661096899751753
K3_T1-3,eulerian,A_common_dense,compact_temporal,2789.4736842105262,v,0.7153388385174796
K3_T1-3,eulerian,A_common_dense,compact_temporal,2789.4736842105262,w,0.3845599330987392
K3_T1-3,eulerian,A_common_dense,compact_temporal,3552.6315789473683,u,0.6606388180336284
K3_T1-3,eulerian,A_common_dense,compact_temporal,3552.6315789473683,v,0.7499402648068105
K3_T1-3,eulerian,A_common_dense,compact_temporal,3552.6315789473683,w,0.355470328033458
K3_T1-3,eulerian,A_common_dense,compact_temporal,4315.78947368421,u,0.5862947434221392
K3_T1-3,eulerian,A_common_dense,compact_temporal,4315.78947368421,v,0.7314115257000499
K3_T1-3,eulerian,A_common_dense,compact_temporal,4315.78947368421,w,0.30439104271415124
K3_T1-3,eulerian,A_common_dense,moderate_temporal,2026.3157894736842,u,0.04552464752467207
K3_T1-3,eulerian,A_common_dense,moderate_temporal,2026.3157894736842,v,0.04263074418525241
K3_T1-3,eulerian,A_common_dense,moderate_temporal,2026.3157894736842,w,0.04686766870805351
K3_T1-3,eulerian,A_common_dense,moderate_temporal,2789.4736842105262,u,0.03972299703518367
K3_T1-3,eulerian,A_common_dense,moderate_temporal,2789.4736842105262,v,0.04035589614469616
K3_T1-3,eulerian,A_common_dense,moderate_temporal,2789.4736842105262,w,0.050885208980007486
K3_T1-3,eulerian,A_common_dense,moderate_temporal,3552.6315789473683,u,0.03609304673528602
K3_T1-3,eulerian,A_common_dense,moderate_temporal,3552.6315789473683,v,0.04607901873840961
K3_T1-3,eulerian,A_common_dense,moderate_temporal,3552.6315789473683,w,0.048918183467630744
K3_T1-3,eulerian,A_common_dense,moderate_temporal,4315.78947368421,u,0.03237053533414611
K3_T1-3,eulerian,A_common_dense,moderate_temporal,4315.78947368421,v,0.047526339773681
K3_T1-3,eulerian,A_common_dense,moderate_temporal,4315.78947368421,w,0.0425134582399981
K3_T1-3,eulerian,A_common_dense,compact_rt_full,2026.3157894736842,u,0.7688019998704223
K3_T1-3,eulerian,A_common_dense,compact_rt_full,2026.3157894736842,v,0.4716174621700127
K3_T1-3,eulerian,A_common_dense,compact_rt_full,2026.3157894736842,w,0.2553437380575398
K3_T1-3,eulerian,A_common_dense,compact_rt_full,2789.4736842105262,u,0.6866233531545568
K3_T1-3,eulerian,A_common_dense,compact_rt_full,2789.4736842105262,v,0.6000833027906818
K3_T1-3,eulerian,A_common_dense,compact_rt_full,2789.4736842105262,w,0.2556243251443179
K3_T1-3,eulerian,A_common_dense,compact_rt_full,3552.6315789473683,u,0.5747237353166234
K3_T1-3,eulerian,A_common_dense,compact_rt_full,3552.6315789473683,v,0.6602134667288058
K3_T1-3,eulerian,A_common_dense,compact_rt_full,3552.6315789473683,w,0.23250666531057465
K3_T1-3,eulerian,A_common_dense,compact_rt_full,4315.78947368421,u,0.4959271424158136
K3_T1-3,eulerian,A_common_dense,compact_rt_full,4315.78947368421,v,0.6535391449962762
K3_T1-3,eulerian,A_common_dense,compact_rt_full,4315.78947368421,w,0.19845773471364064
K3_T1-3,eulerian,A_common_dense,moderate_rt_full,2026.3157894736842,u,0.04552464752467207
K3_T1-3,eulerian,A_common_dense,moderate_rt_full,2026.3157894736842,v,0.04263074418525241
K3_T1-3,eulerian,A_common_dense,moderate_rt_full,2026.3157894736842,w,0.04686766870805351
K3_T1-3,eulerian,A_common_dense,moderate_rt_full,2789.4736842105262,u,0.03972299703518367
K3_T1-3,eulerian,A_common_dense,moderate_rt_full,2789.4736842105262,v,0.04035589614469616
K3_T1-3,eulerian,A_common_dense,moderate_rt_full,2789.4736842105262,w,0.050885208980007486
K3_T1-3,eulerian,A_common_dense,moderate_rt_full,3552.6315789473683,u,0.03609304673528602
K3_T1-3,eulerian,A_common_dense,moderate_rt_full,3552.6315789473683,v,0.04607901873840961
K3_T1-3,eulerian,A_common_dense,moderate_rt_full,3552.6315789473683,w,0.048918183467630744
K3_T1-3,eulerian,A_common_dense,moderate_rt_full,4315.78947368421,u,0.03237053533414611
K3_T1-3,eulerian,A_common_dense,moderate_rt_full,4315.78947368421,v,0.047526339773681
K3_T1-3,eulerian,A_common_dense,moderate_rt_full,4315.78947368421,w,0.0425134582399981
K3_T1-3,eulerian,B_structured_missing,aggressive_temporal,500.0,u,1.6789289006299748
K3_T1-3,eulerian,B_structured_missing,aggressive_temporal,500.0,v,2.608087310766278
K3_T1-3,eulerian,B_structured_missing,aggressive_temporal,500.0,w,1.0739768963112732
K3_T1-3,eulerian,B_structured_missing,aggressive_temporal,1263.157894736842,u,1.6657341110873471
K3_T1-3,eulerian,B_structured_missing,aggressive_temporal,1263.157894736842,v,2.335896104968143
K3_T1-3,eulerian,B_structured_missing,aggressive_temporal,1263.157894736842,w,1.1253524207848908
K3_T1-3,eulerian,B_structured_missing,aggressive_temporal,2026.3157894736842,u,2.1798916628228286
K3_T1-3,eulerian,B_structured_missing,aggressive_temporal,2026.3157894736842,v,2.565049369853831
K3_T1-3,eulerian,B_structured_missing,aggressive_temporal,2026.3157894736842,w,1.207842436447607
K3_T1-3,eulerian,B_structured_missing,aggressive_temporal,2789.4736842105262,u,2.5120470557592145
K3_T1-3,eulerian,B_structured_missing,aggressive_temporal,2789.4736842105262,v,2.7860312084165733
K3_T1-3,eulerian,B_structured_missing,aggressive_temporal,2789.4736842105262,w,1.3792400594191516
K3_T1-3,eulerian,B_structured_missing,aggressive_temporal,3552.6315789473683,u,2.352402483301742
K3_T1-3,eulerian,B_structured_missing,aggressive_temporal,3552.6315789473683,v,2.6263545640700685
K3_T1-3,eulerian,B_structured_missing,aggressive_temporal,3552.6315789473683,w,1.1717199832755467
K3_T1-3,eulerian,B_structured_missing,aggressive_temporal,4315.78947368421,u,2.0922845222593844
K3_T1-3,eulerian,B_structured_missing,aggressive_temporal,4315.78947368421,v,2.083132647386105
K3_T1-3,eulerian,B_structured_missing,aggressive_temporal,4315.78947368421,w,1.0023976779720472
K3_T1-3,eulerian,B_structured_missing,aggressive_temporal,5078.9473684210525,u,1.3195186444615763
K3_T1-3,eulerian,B_structured_missing,aggressive_temporal,5078.9473684210525,v,1.9685418495126081
K3_T1-3,eulerian,B_structured_missing,aggressive_temporal,5078.9473684210525,w,0.27958758196330713
K3_T1-3,eulerian,B_structured_missing,aggressive_temporal,5842.105263157895,u,2.531481708266302
K3_T1-3,eulerian,B_structured_missing,aggressive_temporal,5842.105263157895,v,1.634856950976438
K3_T1-3,eulerian,B_structured_missing,aggressive_temporal,5842.105263157895,w,0.20773504781954188
K3_T1-3,eulerian,B_structured_missing,aggressive_temporal,6605.263157894737,u,nan
K3_T1-3,eulerian,B_structured_missing,aggressive_temporal,6605.263157894737,v,nan
K3_T1-3,eulerian,B_structured_missing,aggressive_temporal,6605.263157894737,w,nan
K3_T1-3,eulerian,B_structured_missing,compact_temporal,500.0,u,0.9499382266087388
K3_T1-3,eulerian,B_structured_missing,compact_temporal,500.0,v,1.0811403939841164
K3_T1-3,eulerian,B_structured_missing,compact_temporal,500.0,w,0.4856227828599847
K3_T1-3,eulerian,B_structured_missing,compact_temporal,1263.157894736842,u,0.9732007644249457
K3_T1-3,eulerian,B_structured_missing,compact_temporal,1263.157894736842,v,1.0160017180568455
K3_T1-3,eulerian,B_structured_missing,compact_temporal,1263.157894736842,w,0.5863791397518633
K3_T1-3,eulerian,B_structured_missing,compact_temporal,2026.3157894736842,u,1.138150788851249
K3_T1-3,eulerian,B_structured_missing,compact_temporal,2026.3157894736842,v,1.183141701987574
K3_T1-3,eulerian,B_structured_missing,compact_temporal,2026.3157894736842,w,0.6551798979514486
K3_T1-3,eulerian,B_structured_missing,compact_temporal,2789.4736842105262,u,1.327968135070395
K3_T1-3,eulerian,B_structured_missing,compact_temporal,2789.4736842105262,v,1.3265495430492726
K3_T1-3,eulerian,B_structured_missing,compact_temporal,2789.4736842105262,w,0.6051213978018968
K3_T1-3,eulerian,B_structured_missing,compact_temporal,3552.6315789473683,u,1.2752487256409246
K3_T1-3,eulerian,B_structured_missing,compact_temporal,3552.6315789473683,v,1.3103969818648442
K3_T1-3,eulerian,B_structured_missing,compact_temporal,3552.6315789473683,w,0.49528921561194167
K3_T1-3,eulerian,B_structured_missing,compact_temporal,4315.78947368421,u,0.9208558001594185
K3_T1-3,eulerian,B_structured_missing,compact_temporal,4315.78947368421,v,1.116489935728243
K3_T1-3,eulerian,B_structured_missing,compact_temporal,4315.78947368421,w,0.3906968454474944
K3_T1-3,eulerian,B_structured_missing,compact_temporal,5078.9473684210525,u,0.5999777151951438
K3_T1-3,eulerian,B_structured_missing,compact_temporal,5078.9473684210525,v,0.5209139918380498
K3_T1-3,eulerian,B_structured_missing,compact_temporal,5078.9473684210525,w,0.13635734043152015
K3_T1-3,eulerian,B_structured_missing,compact_temporal,5842.105263157895,u,0.6317126835558925
K3_T1-3,eulerian,B_structured_missing,compact_temporal,5842.105263157895,v,0.5709409389675256
K3_T1-3,eulerian,B_structured_missing,compact_temporal,5842.105263157895,w,0.14623577448454053
K3_T1-3,eulerian,B_structured_missing,compact_temporal,6605.263157894737,u,nan
K3_T1-3,eulerian,B_structured_missing,compact_temporal,6605.263157894737,v,nan
K3_T1-3,eulerian,B_structured_missing,compact_temporal,6605.263157894737,w,nan
K3_T1-3,eulerian,B_structured_missing,moderate_temporal,500.0,u,3.344067138811284
K3_T1-3,eulerian,B_structured_missing,moderate_temporal,500.0,v,1.3552651873956763
K3_T1-3,eulerian,B_structured_missing,moderate_temporal,500.0,w,0.3983883492232101
K3_T1-3,eulerian,B_structured_missing,moderate_temporal,1263.157894736842,u,2.546166688381208
K3_T1-3,eulerian,B_structured_missing,moderate_temporal,1263.157894736842,v,1.5009104689689263
K3_T1-3,eulerian,B_structured_missing,moderate_temporal,1263.157894736842,w,0.33613923879125807
K3_T1-3,eulerian,B_structured_missing,moderate_temporal,2026.3157894736842,u,1.6481886293979158
K3_T1-3,eulerian,B_structured_missing,moderate_temporal,2026.3157894736842,v,1.3120593940801881
K3_T1-3,eulerian,B_structured_missing,moderate_temporal,2026.3157894736842,w,0.24319725760602082
K3_T1-3,eulerian,B_structured_missing,moderate_temporal,2789.4736842105262,u,0.28191896132562344
K3_T1-3,eulerian,B_structured_missing,moderate_temporal,2789.4736842105262,v,0.3912929898310374
K3_T1-3,eulerian,B_structured_missing,moderate_temporal,2789.4736842105262,w,0.09634780412125477
K3_T1-3,eulerian,B_structured_missing,moderate_temporal,3552.6315789473683,u,0.2855533065666529
K3_T1-3,eulerian,B_structured_missing,moderate_temporal,3552.6315789473683,v,0.3430566154036258
K3_T1-3,eulerian,B_structured_missing,moderate_temporal,3552.6315789473683,w,0.0896151155366172
K3_T1-3,eulerian,B_structured_missing,moderate_temporal,4315.78947368421,u,0.5136372595028472
K3_T1-3,eulerian,B_structured_missing,moderate_temporal,4315.78947368421,v,0.6161594278769391
K3_T1-3,eulerian,B_structured_missing,moderate_temporal,4315.78947368421,w,0.11642723702885717
K3_T1-3,eulerian,B_structured_missing,moderate_temporal,5078.9473684210525,u,0.47456389792525244
K3_T1-3,eulerian,B_structured_missing,moderate_temporal,5078.9473684210525,v,0.32748696627370943
K3_T1-3,eulerian,B_structured_missing,moderate_temporal,5078.9473684210525,w,0.05841482821580247
K3_T1-3,eulerian,B_structured_missing,moderate_temporal,5842.105263157895,u,0.9491505201779054
K3_T1-3,eulerian,B_structured_missing,moderate_temporal,5842.105263157895,v,0.3333616189734152
K3_T1-3,eulerian,B_structured_missing,moderate_temporal,5842.105263157895,w,0.050028606810200514
K3_T1-3,eulerian,B_structured_missing,moderate_temporal,6605.263157894737,u,nan
K3_T1-3,eulerian,B_structured_missing,moderate_temporal,6605.263157894737,v,nan
K3_T1-3,eulerian,B_structured_missing,moderate_temporal,6605.263157894737,w,nan
K3_T1-3,eulerian,B_structured_missing,compact_rt_full,500.0,u,0.6253886536166365
K3_T1-3,eulerian,B_structured_missing,compact_rt_full,500.0,v,0.6641878608752401
K3_T1-3,eulerian,B_structured_missing,compact_rt_full,500.0,w,0.10566327764718154
K3_T1-3,eulerian,B_structured_missing,compact_rt_full,1263.157894736842,u,0.5140666951303872
K3_T1-3,eulerian,B_structured_missing,compact_rt_full,1263.157894736842,v,0.42001667147459415
K3_T1-3,eulerian,B_structured_missing,compact_rt_full,1263.157894736842,w,0.11444028405460618
K3_T1-3,eulerian,B_structured_missing,compact_rt_full,2026.3157894736842,u,0.3703404771016183
K3_T1-3,eulerian,B_structured_missing,compact_rt_full,2026.3157894736842,v,0.27840631622915296
K3_T1-3,eulerian,B_structured_missing,compact_rt_full,2026.3157894736842,w,0.13417999899683458
K3_T1-3,eulerian,B_structured_missing,compact_rt_full,2789.4736842105262,u,0.32914795907136574
K3_T1-3,eulerian,B_structured_missing,compact_rt_full,2789.4736842105262,v,0.4085187331395748
K3_T1-3,eulerian,B_structured_missing,compact_rt_full,2789.4736842105262,w,0.15532436984562065
K3_T1-3,eulerian,B_structured_missing,compact_rt_full,3552.6315789473683,u,0.26879105791141716
K3_T1-3,eulerian,B_structured_missing,compact_rt_full,3552.6315789473683,v,0.32763490449598504
K3_T1-3,eulerian,B_structured_missing,compact_rt_full,3552.6315789473683,w,0.14012464113960404
K3_T1-3,eulerian,B_structured_missing,compact_rt_full,4315.78947368421,u,0.3544246720872957
K3_T1-3,eulerian,B_structured_missing,compact_rt_full,4315.78947368421,v,0.49205089756994963
K3_T1-3,eulerian,B_structured_missing,compact_rt_full,4315.78947368421,w,0.1312612732271305
K3_T1-3,eulerian,B_structured_missing,compact_rt_full,5078.9473684210525,u,0.5460189499769813
K3_T1-3,eulerian,B_structured_missing,compact_rt_full,5078.9473684210525,v,0.4051416963000504
K3_T1-3,eulerian,B_structured_missing,compact_rt_full,5078.9473684210525,w,0.08316168965530896
K3_T1-3,eulerian,B_structured_missing,compact_rt_full,5842.105263157895,u,0.6964651139454412
K3_T1-3,eulerian,B_structured_missing,compact_rt_full,5842.105263157895,v,0.4362402884872858
K3_T1-3,eulerian,B_structured_missing,compact_rt_full,5842.105263157895,w,0.050154047255236665
K3_T1-3,eulerian,B_structured_missing,compact_rt_full,6605.263157894737,u,nan
K3_T1-3,eulerian,B_structured_missing,compact_rt_full,6605.263157894737,v,nan
K3_T1-3,eulerian,B_structured_missing,compact_rt_full,6605.263157894737,w,nan
K3_T1-3,eulerian,B_structured_missing,moderate_rt_full,500.0,u,3.344067138811284
K3_T1-3,eulerian,B_structured_missing,moderate_rt_full,500.0,v,1.3552651873956763
K3_T1-3,eulerian,B_structured_missing,moderate_rt_full,500.0,w,0.3983883492232101
K3_T1-3,eulerian,B_structured_missing,moderate_rt_full,1263.157894736842,u,2.546166688381208
K3_T1-3,eulerian,B_structured_missing,moderate_rt_full,1263.157894736842,v,1.5009104689689263
K3_T1-3,eulerian,B_structured_missing,moderate_rt_full,1263.157894736842,w,0.33613923879125807
K3_T1-3,eulerian,B_structured_missing,moderate_rt_full,2026.3157894736842,u,1.6481886293979158
K3_T1-3,eulerian,B_structured_missing,moderate_rt_full,2026.3157894736842,v,1.3120593940801881
K3_T1-3,eulerian,B_structured_missing,moderate_rt_full,2026.3157894736842,w,0.24319725760602082
K3_T1-3,eulerian,B_structured_missing,moderate_rt_full,2789.4736842105262,u,0.28191896132562344
K3_T1-3,eulerian,B_structured_missing,moderate_rt_full,2789.4736842105262,v,0.3912929898310374
K3_T1-3,eulerian,B_structured_missing,moderate_rt_full,2789.4736842105262,w,0.09634780412125477
K3_T1-3,eulerian,B_structured_missing,moderate_rt_full,3552.6315789473683,u,0.2855533065666529
K3_T1-3,eulerian,B_structured_missing,moderate_rt_full,3552.6315789473683,v,0.3430566154036258
K3_T1-3,eulerian,B_structured_missing,moderate_rt_full,3552.6315789473683,w,0.0896151155366172
K3_T1-3,eulerian,B_structured_missing,moderate_rt_full,4315.78947368421,u,0.5136372595028472
K3_T1-3,eulerian,B_structured_missing,moderate_rt_full,4315.78947368421,v,0.6161594278769391
K3_T1-3,eulerian,B_structured_missing,moderate_rt_full,4315.78947368421,w,0.11642723702885717
K3_T1-3,eulerian,B_structured_missing,moderate_rt_full,5078.9473684210525,u,0.47456389792525244
K3_T1-3,eulerian,B_structured_missing,moderate_rt_full,5078.9473684210525,v,0.32748696627370943
K3_T1-3,eulerian,B_structured_missing,moderate_rt_full,5078.9473684210525,w,0.05841482821580247
K3_T1-3,eulerian,B_structured_missing,moderate_rt_full,5842.105263157895,u,0.9491505201779054
K3_T1-3,eulerian,B_structured_missing,moderate_rt_full,5842.105263157895,v,0.3333616189734152
K3_T1-3,eulerian,B_structured_missing,moderate_rt_full,5842.105263157895,w,0.050028606810200514
K3_T1-3,eulerian,B_structured_missing,moderate_rt_full,6605.263157894737,u,nan
K3_T1-3,eulerian,B_structured_missing,moderate_rt_full,6605.263157894737,v,nan
K3_T1-3,eulerian,B_structured_missing,moderate_rt_full,6605.263157894737,w,nan
K3_T1-3,storm_relative,A_common_dense,aggressive_temporal,2026.3157894736842,u,1.6063293568942476
K3_T1-3,storm_relative,A_common_dense,aggressive_temporal,2026.3157894736842,v,1.1599128207171032
K3_T1-3,storm_relative,A_common_dense,aggressive_temporal,2026.3157894736842,w,0.8784660861621066
K3_T1-3,storm_relative,A_common_dense,aggressive_temporal,2789.4736842105262,u,1.6021266998394215
K3_T1-3,storm_relative,A_common_dense,aggressive_temporal,2789.4736842105262,v,0.8784189418916957
K3_T1-3,storm_relative,A_common_dense,aggressive_temporal,2789.4736842105262,w,0.8486543145711751
K3_T1-3,storm_relative,A_common_dense,aggressive_temporal,3552.6315789473683,u,1.4509462835967737
K3_T1-3,storm_relative,A_common_dense,aggressive_temporal,3552.6315789473683,v,0.8378684410210953
K3_T1-3,storm_relative,A_common_dense,aggressive_temporal,3552.6315789473683,w,0.7609863055787336
K3_T1-3,storm_relative,A_common_dense,aggressive_temporal,4315.78947368421,u,1.2633920300427985
K3_T1-3,storm_relative,A_common_dense,aggressive_temporal,4315.78947368421,v,0.808587902765201
K3_T1-3,storm_relative,A_common_dense,aggressive_temporal,4315.78947368421,w,0.6304769821561836
K3_T1-3,storm_relative,A_common_dense,compact_temporal,2026.3157894736842,u,0.612654050485567
K3_T1-3,storm_relative,A_common_dense,compact_temporal,2026.3157894736842,v,0.5591177151221252
K3_T1-3,storm_relative,A_common_dense,compact_temporal,2026.3157894736842,w,0.3452670812853647
K3_T1-3,storm_relative,A_common_dense,compact_temporal,2789.4736842105262,u,0.4924436312211987
K3_T1-3,storm_relative,A_common_dense,compact_temporal,2789.4736842105262,v,0.6544129145820189
K3_T1-3,storm_relative,A_common_dense,compact_temporal,2789.4736842105262,w,0.35521983387843675
K3_T1-3,storm_relative,A_common_dense,compact_temporal,3552.6315789473683,u,0.3905615244018622
K3_T1-3,storm_relative,A_common_dense,compact_temporal,3552.6315789473683,v,0.7344097649676106
K3_T1-3,storm_relative,A_common_dense,compact_temporal,3552.6315789473683,w,0.3296531420401421
K3_T1-3,storm_relative,A_common_dense,compact_temporal,4315.78947368421,u,0.40354355881342313
K3_T1-3,storm_relative,A_common_dense,compact_temporal,4315.78947368421,v,0.73133471586399
K3_T1-3,storm_relative,A_common_dense,compact_temporal,4315.78947368421,w,0.28714751704893055
K3_T1-3,storm_relative,A_common_dense,moderate_temporal,2026.3157894736842,u,0.02653587848005228
K3_T1-3,storm_relative,A_common_dense,moderate_temporal,2026.3157894736842,v,0.036044783187519296
K3_T1-3,storm_relative,A_common_dense,moderate_temporal,2026.3157894736842,w,0.03680324548593384
K3_T1-3,storm_relative,A_common_dense,moderate_temporal,2789.4736842105262,u,0.022953145671548252
K3_T1-3,storm_relative,A_common_dense,moderate_temporal,2789.4736842105262,v,0.03224887067035054
K3_T1-3,storm_relative,A_common_dense,moderate_temporal,2789.4736842105262,w,0.04214414268996495
K3_T1-3,storm_relative,A_common_dense,moderate_temporal,3552.6315789473683,u,0.021047030374092668
K3_T1-3,storm_relative,A_common_dense,moderate_temporal,3552.6315789473683,v,0.03745610119926742
K3_T1-3,storm_relative,A_common_dense,moderate_temporal,3552.6315789473683,w,0.04183588539368224
K3_T1-3,storm_relative,A_common_dense,moderate_temporal,4315.78947368421,u,0.019987096569168635
K3_T1-3,storm_relative,A_common_dense,moderate_temporal,4315.78947368421,v,0.03971775741540436
K3_T1-3,storm_relative,A_common_dense,moderate_temporal,4315.78947368421,w,0.03725466202387369
K3_T1-3,storm_relative,A_common_dense,compact_rt_full,2026.3157894736842,u,0.5839909099320262
K3_T1-3,storm_relative,A_common_dense,compact_rt_full,2026.3157894736842,v,0.40385943979271277
K3_T1-3,storm_relative,A_common_dense,compact_rt_full,2026.3157894736842,w,0.265352318886782
K3_T1-3,storm_relative,A_common_dense,compact_rt_full,2789.4736842105262,u,0.4618206923255424
K3_T1-3,storm_relative,A_common_dense,compact_rt_full,2789.4736842105262,v,0.5940365438278867
K3_T1-3,storm_relative,A_common_dense,compact_rt_full,2789.4736842105262,w,0.2840861307483952
K3_T1-3,storm_relative,A_common_dense,compact_rt_full,3552.6315789473683,u,0.3479343486866171
K3_T1-3,storm_relative,A_common_dense,compact_rt_full,3552.6315789473683,v,0.6862816828324441
K3_T1-3,storm_relative,A_common_dense,compact_rt_full,3552.6315789473683,w,0.2687036305268389
K3_T1-3,storm_relative,A_common_dense,compact_rt_full,4315.78947368421,u,0.36368643584502774
K3_T1-3,storm_relative,A_common_dense,compact_rt_full,4315.78947368421,v,0.6840620141311656
K3_T1-3,storm_relative,A_common_dense,compact_rt_full,4315.78947368421,w,0.24068894811361138
K3_T1-3,storm_relative,A_common_dense,moderate_rt_full,2026.3157894736842,u,0.02653587848005228
K3_T1-3,storm_relative,A_common_dense,moderate_rt_full,2026.3157894736842,v,0.036044783187519296
K3_T1-3,storm_relative,A_common_dense,moderate_rt_full,2026.3157894736842,w,0.03680324548593384
K3_T1-3,storm_relative,A_common_dense,moderate_rt_full,2789.4736842105262,u,0.022953145671548252
K3_T1-3,storm_relative,A_common_dense,moderate_rt_full,2789.4736842105262,v,0.03224887067035054
K3_T1-3,storm_relative,A_common_dense,moderate_rt_full,2789.4736842105262,w,0.04214414268996495
K3_T1-3,storm_relative,A_common_dense,moderate_rt_full,3552.6315789473683,u,0.021047030374092668
K3_T1-3,storm_relative,A_common_dense,moderate_rt_full,3552.6315789473683,v,0.03745610119926742
K3_T1-3,storm_relative,A_common_dense,moderate_rt_full,3552.6315789473683,w,0.04183588539368224
K3_T1-3,storm_relative,A_common_dense,moderate_rt_full,4315.78947368421,u,0.019987096569168635
K3_T1-3,storm_relative,A_common_dense,moderate_rt_full,4315.78947368421,v,0.03971775741540436
K3_T1-3,storm_relative,A_common_dense,moderate_rt_full,4315.78947368421,w,0.03725466202387369
K3_T1-3,storm_relative,B_structured_missing,aggressive_temporal,500.0,u,1.9402961467173858
K3_T1-3,storm_relative,B_structured_missing,aggressive_temporal,500.0,v,2.3309944160745903
K3_T1-3,storm_relative,B_structured_missing,aggressive_temporal,500.0,w,1.040968591293344
K3_T1-3,storm_relative,B_structured_missing,aggressive_temporal,1263.157894736842,u,1.5642496898357425
K3_T1-3,storm_relative,B_structured_missing,aggressive_temporal,1263.157894736842,v,1.75176265217616
K3_T1-3,storm_relative,B_structured_missing,aggressive_temporal,1263.157894736842,w,1.1415511690336744
K3_T1-3,storm_relative,B_structured_missing,aggressive_temporal,2026.3157894736842,u,1.8348736222430886
K3_T1-3,storm_relative,B_structured_missing,aggressive_temporal,2026.3157894736842,v,1.7383025575223447
K3_T1-3,storm_relative,B_structured_missing,aggressive_temporal,2026.3157894736842,w,1.2135256122679396
K3_T1-3,storm_relative,B_structured_missing,aggressive_temporal,2789.4736842105262,u,2.1668416109352404
K3_T1-3,storm_relative,B_structured_missing,aggressive_temporal,2789.4736842105262,v,2.0198264382306905
K3_T1-3,storm_relative,B_structured_missing,aggressive_temporal,2789.4736842105262,w,1.3835213804036652
K3_T1-3,storm_relative,B_structured_missing,aggressive_temporal,3552.6315789473683,u,2.1121520702149477
K3_T1-3,storm_relative,B_structured_missing,aggressive_temporal,3552.6315789473683,v,1.9569312304545579
K3_T1-3,storm_relative,B_structured_missing,aggressive_temporal,3552.6315789473683,w,1.2434037184947782
K3_T1-3,storm_relative,B_structured_missing,aggressive_temporal,4315.78947368421,u,1.801124678188803
K3_T1-3,storm_relative,B_structured_missing,aggressive_temporal,4315.78947368421,v,1.6136509102690335
K3_T1-3,storm_relative,B_structured_missing,aggressive_temporal,4315.78947368421,w,1.0398800093494633
K3_T1-3,storm_relative,B_structured_missing,aggressive_temporal,5078.9473684210525,u,1.4332209518999341
K3_T1-3,storm_relative,B_structured_missing,aggressive_temporal,5078.9473684210525,v,1.4962011355004543
K3_T1-3,storm_relative,B_structured_missing,aggressive_temporal,5078.9473684210525,w,0.2924860923162224
K3_T1-3,storm_relative,B_structured_missing,aggressive_temporal,5842.105263157895,u,4.769082563046826
K3_T1-3,storm_relative,B_structured_missing,aggressive_temporal,5842.105263157895,v,0.8809374033152357
K3_T1-3,storm_relative,B_structured_missing,aggressive_temporal,5842.105263157895,w,0.20576729343258235
K3_T1-3,storm_relative,B_structured_missing,aggressive_temporal,6605.263157894737,u,nan
K3_T1-3,storm_relative,B_structured_missing,aggressive_temporal,6605.263157894737,v,nan
K3_T1-3,storm_relative,B_structured_missing,aggressive_temporal,6605.263157894737,w,nan
K3_T1-3,storm_relative,B_structured_missing,compact_temporal,500.0,u,1.0590191935463247
K3_T1-3,storm_relative,B_structured_missing,compact_temporal,500.0,v,1.026926854406761
K3_T1-3,storm_relative,B_structured_missing,compact_temporal,500.0,w,0.36123099402260456
K3_T1-3,storm_relative,B_structured_missing,compact_temporal,1263.157894736842,u,0.9546606082530781
K3_T1-3,storm_relative,B_structured_missing,compact_temporal,1263.157894736842,v,0.8543978836477821
K3_T1-3,storm_relative,B_structured_missing,compact_temporal,1263.157894736842,w,0.4195231668340508
K3_T1-3,storm_relative,B_structured_missing,compact_temporal,2026.3157894736842,u,1.0424368011728962
K3_T1-3,storm_relative,B_structured_missing,compact_temporal,2026.3157894736842,v,0.9411342464538566
K3_T1-3,storm_relative,B_structured_missing,compact_temporal,2026.3157894736842,w,0.45040096825676673
K3_T1-3,storm_relative,B_structured_missing,compact_temporal,2789.4736842105262,u,1.1373495898934907
K3_T1-3,storm_relative,B_structured_missing,compact_temporal,2789.4736842105262,v,1.0642634775703008
K3_T1-3,storm_relative,B_structured_missing,compact_temporal,2789.4736842105262,w,0.4186425283400426
K3_T1-3,storm_relative,B_structured_missing,compact_temporal,3552.6315789473683,u,1.0383265708588845
K3_T1-3,storm_relative,B_structured_missing,compact_temporal,3552.6315789473683,v,0.9828384028172273
K3_T1-3,storm_relative,B_structured_missing,compact_temporal,3552.6315789473683,w,0.36853030659244335
K3_T1-3,storm_relative,B_structured_missing,compact_temporal,4315.78947368421,u,0.6753800719125272
K3_T1-3,storm_relative,B_structured_missing,compact_temporal,4315.78947368421,v,0.7997728515840076
K3_T1-3,storm_relative,B_structured_missing,compact_temporal,4315.78947368421,w,0.30409624171640437
K3_T1-3,storm_relative,B_structured_missing,compact_temporal,5078.9473684210525,u,0.8128353204501586
K3_T1-3,storm_relative,B_structured_missing,compact_temporal,5078.9473684210525,v,0.59463989469212
K3_T1-3,storm_relative,B_structured_missing,compact_temporal,5078.9473684210525,w,0.10591334383826725
K3_T1-3,storm_relative,B_structured_missing,compact_temporal,5842.105263157895,u,0.30360127042913376
K3_T1-3,storm_relative,B_structured_missing,compact_temporal,5842.105263157895,v,0.01067739943686341
K3_T1-3,storm_relative,B_structured_missing,compact_temporal,5842.105263157895,w,0.058599448458072634
K3_T1-3,storm_relative,B_structured_missing,compact_temporal,6605.263157894737,u,nan
K3_T1-3,storm_relative,B_structured_missing,compact_temporal,6605.263157894737,v,nan
K3_T1-3,storm_relative,B_structured_missing,compact_temporal,6605.263157894737,w,nan
K3_T1-3,storm_relative,B_structured_missing,moderate_temporal,500.0,u,3.5433318691279747
K3_T1-3,storm_relative,B_structured_missing,moderate_temporal,500.0,v,1.512111537520958
K3_T1-3,storm_relative,B_structured_missing,moderate_temporal,500.0,w,0.4531640683166636
K3_T1-3,storm_relative,B_structured_missing,moderate_temporal,1263.157894736842,u,2.5720646841423287
K3_T1-3,storm_relative,B_structured_missing,moderate_temporal,1263.157894736842,v,1.611517013360751
K3_T1-3,storm_relative,B_structured_missing,moderate_temporal,1263.157894736842,w,0.38978268574623615
K3_T1-3,storm_relative,B_structured_missing,moderate_temporal,2026.3157894736842,u,1.8062823448370715
K3_T1-3,storm_relative,B_structured_missing,moderate_temporal,2026.3157894736842,v,1.5153294807948756
K3_T1-3,storm_relative,B_structured_missing,moderate_temporal,2026.3157894736842,w,0.27772486618845665
K3_T1-3,storm_relative,B_structured_missing,moderate_temporal,2789.4736842105262,u,0.3616624629100694
K3_T1-3,storm_relative,B_structured_missing,moderate_temporal,2789.4736842105262,v,0.5133140240350537
K3_T1-3,storm_relative,B_structured_missing,moderate_temporal,2789.4736842105262,w,0.11595742481620536
K3_T1-3,storm_relative,B_structured_missing,moderate_temporal,3552.6315789473683,u,0.3066909900453011
K3_T1-3,storm_relative,B_structured_missing,moderate_temporal,3552.6315789473683,v,0.3651584169772563
K3_T1-3,storm_relative,B_structured_missing,moderate_temporal,3552.6315789473683,w,0.09064460498204453
K3_T1-3,storm_relative,B_structured_missing,moderate_temporal,4315.78947368421,u,0.5065454205260707
K3_T1-3,storm_relative,B_structured_missing,moderate_temporal,4315.78947368421,v,0.5763435437462544
K3_T1-3,storm_relative,B_structured_missing,moderate_temporal,4315.78947368421,w,0.10744771127525049
K3_T1-3,storm_relative,B_structured_missing,moderate_temporal,5078.9473684210525,u,0.5484190397127565
K3_T1-3,storm_relative,B_structured_missing,moderate_temporal,5078.9473684210525,v,0.3563935631697014
K3_T1-3,storm_relative,B_structured_missing,moderate_temporal,5078.9473684210525,w,0.039626278673105864
K3_T1-3,storm_relative,B_structured_missing,moderate_temporal,5842.105263157895,u,0.9000341610417841
K3_T1-3,storm_relative,B_structured_missing,moderate_temporal,5842.105263157895,v,0.18110002019980165
K3_T1-3,storm_relative,B_structured_missing,moderate_temporal,5842.105263157895,w,0.0725539495566345
K3_T1-3,storm_relative,B_structured_missing,moderate_temporal,6605.263157894737,u,nan
K3_T1-3,storm_relative,B_structured_missing,moderate_temporal,6605.263157894737,v,nan
K3_T1-3,storm_relative,B_structured_missing,moderate_temporal,6605.263157894737,w,nan
K3_T1-3,storm_relative,B_structured_missing,compact_rt_full,500.0,u,0.7098086314742817
K3_T1-3,storm_relative,B_structured_missing,compact_rt_full,500.0,v,0.6099596216640757
K3_T1-3,storm_relative,B_structured_missing,compact_rt_full,500.0,w,0.10754385482776431
K3_T1-3,storm_relative,B_structured_missing,compact_rt_full,1263.157894736842,u,0.5594560130244051
K3_T1-3,storm_relative,B_structured_missing,compact_rt_full,1263.157894736842,v,0.40900228714475956
K3_T1-3,storm_relative,B_structured_missing,compact_rt_full,1263.157894736842,w,0.12208032731701077
K3_T1-3,storm_relative,B_structured_missing,compact_rt_full,2026.3157894736842,u,0.4140016006604061
K3_T1-3,storm_relative,B_structured_missing,compact_rt_full,2026.3157894736842,v,0.2981846997565364
K3_T1-3,storm_relative,B_structured_missing,compact_rt_full,2026.3157894736842,w,0.13974593188671158
K3_T1-3,storm_relative,B_structured_missing,compact_rt_full,2789.4736842105262,u,0.34670760415602364
K3_T1-3,storm_relative,B_structured_missing,compact_rt_full,2789.4736842105262,v,0.4607051261462149
K3_T1-3,storm_relative,B_structured_missing,compact_rt_full,2789.4736842105262,w,0.16452285366826444
K3_T1-3,storm_relative,B_structured_missing,compact_rt_full,3552.6315789473683,u,0.28786234554719464
K3_T1-3,storm_relative,B_structured_missing,compact_rt_full,3552.6315789473683,v,0.33139114895196503
K3_T1-3,storm_relative,B_structured_missing,compact_rt_full,3552.6315789473683,w,0.1409016222197543
K3_T1-3,storm_relative,B_structured_missing,compact_rt_full,4315.78947368421,u,0.37850620643597754
K3_T1-3,storm_relative,B_structured_missing,compact_rt_full,4315.78947368421,v,0.5241635853832666
K3_T1-3,storm_relative,B_structured_missing,compact_rt_full,4315.78947368421,w,0.14234040122457747
K3_T1-3,storm_relative,B_structured_missing,compact_rt_full,5078.9473684210525,u,0.673312403263542
K3_T1-3,storm_relative,B_structured_missing,compact_rt_full,5078.9473684210525,v,0.4286936633324383
K3_T1-3,storm_relative,B_structured_missing,compact_rt_full,5078.9473684210525,w,0.0662890518233566
K3_T1-3,storm_relative,B_structured_missing,compact_rt_full,5842.105263157895,u,0.07627431349111902
K3_T1-3,storm_relative,B_structured_missing,compact_rt_full,5842.105263157895,v,0.1377435485363474
K3_T1-3,storm_relative,B_structured_missing,compact_rt_full,5842.105263157895,w,0.04663227501334728
K3_T1-3,storm_relative,B_structured_missing,compact_rt_full,6605.263157894737,u,nan
K3_T1-3,storm_relative,B_structured_missing,compact_rt_full,6605.263157894737,v,nan
K3_T1-3,storm_relative,B_structured_missing,compact_rt_full,6605.263157894737,w,nan
K3_T1-3,storm_relative,B_structured_missing,moderate_rt_full,500.0,u,3.5433318691279747
K3_T1-3,storm_relative,B_structured_missing,moderate_rt_full,500.0,v,1.512111537520958
K3_T1-3,storm_relative,B_structured_missing,moderate_rt_full,500.0,w,0.4531640683166636
K3_T1-3,storm_relative,B_structured_missing,moderate_rt_full,1263.157894736842,u,2.5720646841423287
K3_T1-3,storm_relative,B_structured_missing,moderate_rt_full,1263.157894736842,v,1.611517013360751
K3_T1-3,storm_relative,B_structured_missing,moderate_rt_full,1263.157894736842,w,0.38978268574623615
K3_T1-3,storm_relative,B_structured_missing,moderate_rt_full,2026.3157894736842,u,1.8062823448370715
K3_T1-3,storm_relative,B_structured_missing,moderate_rt_full,2026.3157894736842,v,1.5153294807948756
K3_T1-3,storm_relative,B_structured_missing,moderate_rt_full,2026.3157894736842,w,0.27772486618845665
K3_T1-3,storm_relative,B_structured_missing,moderate_rt_full,2789.4736842105262,u,0.3616624629100694
K3_T1-3,storm_relative,B_structured_missing,moderate_rt_full,2789.4736842105262,v,0.5133140240350537
K3_T1-3,storm_relative,B_structured_missing,moderate_rt_full,2789.4736842105262,w,0.11595742481620536
K3_T1-3,storm_relative,B_structured_missing,moderate_rt_full,3552.6315789473683,u,0.3066909900453011
K3_T1-3,storm_relative,B_structured_missing,moderate_rt_full,3552.6315789473683,v,0.3651584169772563
K3_T1-3,storm_relative,B_structured_missing,moderate_rt_full,3552.6315789473683,w,0.09064460498204453
K3_T1-3,storm_relative,B_structured_missing,moderate_rt_full,4315.78947368421,u,0.5065454205260707
K3_T1-3,storm_relative,B_structured_missing,moderate_rt_full,4315.78947368421,v,0.5763435437462544
K3_T1-3,storm_relative,B_structured_missing,moderate_rt_full,4315.78947368421,w,0.10744771127525049
K3_T1-3,storm_relative,B_structured_missing,moderate_rt_full,5078.9473684210525,u,0.5484190397127565
K3_T1-3,storm_relative,B_structured_missing,moderate_rt_full,5078.9473684210525,v,0.3563935631697014
K3_T1-3,storm_relative,B_structured_missing,moderate_rt_full,5078.9473684210525,w,0.039626278673105864
K3_T1-3,storm_relative,B_structured_missing,moderate_rt_full,5842.105263157895,u,0.9000341610417841
K3_T1-3,storm_relative,B_structured_missing,moderate_rt_full,5842.105263157895,v,0.18110002019980165
K3_T1-3,storm_relative,B_structured_missing,moderate_rt_full,5842.105263157895,w,0.0725539495566345
K3_T1-3,storm_relative,B_structured_missing,moderate_rt_full,6605.263157894737,u,nan
K3_T1-3,storm_relative,B_structured_missing,moderate_rt_full,6605.263157894737,v,nan
K3_T1-3,storm_relative,B_structured_missing,moderate_rt_full,6605.263157894737,w,nan
K3_T2-4,eulerian,A_common_dense,aggressive_temporal,2026.3157894736842,u,3.408646695154156
K3_T2-4,eulerian,A_common_dense,aggressive_temporal,2026.3157894736842,v,2.529043562202653
K3_T2-4,eulerian,A_common_dense,aggressive_temporal,2026.3157894736842,w,1.188737045030463
K3_T2-4,eulerian,A_common_dense,aggressive_temporal,2789.4736842105262,u,3.241088803898491
K3_T2-4,eulerian,A_common_dense,aggressive_temporal,2789.4736842105262,v,2.6215741376049673
K3_T2-4,eulerian,A_common_dense,aggressive_temporal,2789.4736842105262,w,0.9687465253298916
K3_T2-4,eulerian,A_common_dense,aggressive_temporal,3552.6315789473683,u,2.7534928879257565
K3_T2-4,eulerian,A_common_dense,aggressive_temporal,3552.6315789473683,v,2.6118825051259127
K3_T2-4,eulerian,A_common_dense,aggressive_temporal,3552.6315789473683,w,0.7708296088429499
K3_T2-4,eulerian,A_common_dense,aggressive_temporal,4315.78947368421,u,2.200811784318065
K3_T2-4,eulerian,A_common_dense,aggressive_temporal,4315.78947368421,v,2.4530305960031646
K3_T2-4,eulerian,A_common_dense,aggressive_temporal,4315.78947368421,w,0.5682939324792019
K3_T2-4,eulerian,A_common_dense,aggressive_temporal,5078.9473684210525,u,2.032647009132786
K3_T2-4,eulerian,A_common_dense,aggressive_temporal,5078.9473684210525,v,2.2172057376690875
K3_T2-4,eulerian,A_common_dense,aggressive_temporal,5078.9473684210525,w,0.4180489284323028
K3_T2-4,eulerian,A_common_dense,compact_temporal,2026.3157894736842,u,0.7804125006358211
K3_T2-4,eulerian,A_common_dense,compact_temporal,2026.3157894736842,v,0.9060950715439025
K3_T2-4,eulerian,A_common_dense,compact_temporal,2026.3157894736842,w,0.4789674168388221
K3_T2-4,eulerian,A_common_dense,compact_temporal,2789.4736842105262,u,0.7434562215084376
K3_T2-4,eulerian,A_common_dense,compact_temporal,2789.4736842105262,v,0.8624439853280027
K3_T2-4,eulerian,A_common_dense,compact_temporal,2789.4736842105262,w,0.42029744126378576
K3_T2-4,eulerian,A_common_dense,compact_temporal,3552.6315789473683,u,0.6536402501815127
K3_T2-4,eulerian,A_common_dense,compact_temporal,3552.6315789473683,v,0.8623459848786219
K3_T2-4,eulerian,A_common_dense,compact_temporal,3552.6315789473683,w,0.3572426148233276
K3_T2-4,eulerian,A_common_dense,compact_temporal,4315.78947368421,u,0.5438190955585189
K3_T2-4,eulerian,A_common_dense,compact_temporal,4315.78947368421,v,0.8298298127465251
K3_T2-4,eulerian,A_common_dense,compact_temporal,4315.78947368421,w,0.29063127033575653
K3_T2-4,eulerian,A_common_dense,compact_temporal,5078.9473684210525,u,0.4767355433242337
K3_T2-4,eulerian,A_common_dense,compact_temporal,5078.9473684210525,v,0.7463957142877244
K3_T2-4,eulerian,A_common_dense,compact_temporal,5078.9473684210525,w,0.22782044101981477
K3_T2-4,eulerian,A_common_dense,moderate_temporal,2026.3157894736842,u,0.05370185385902693
K3_T2-4,eulerian,A_common_dense,moderate_temporal,2026.3157894736842,v,0.06513466892370356
K3_T2-4,eulerian,A_common_dense,moderate_temporal,2026.3157894736842,w,0.05605986977102782
K3_T2-4,eulerian,A_common_dense,moderate_temporal,2789.4736842105262,u,0.05546864603155982
K3_T2-4,eulerian,A_common_dense,moderate_temporal,2789.4736842105262,v,0.0633834153067014
K3_T2-4,eulerian,A_common_dense,moderate_temporal,2789.4736842105262,w,0.0598879947746599
K3_T2-4,eulerian,A_common_dense,moderate_temporal,3552.6315789473683,u,0.05722430012283672
K3_T2-4,eulerian,A_common_dense,moderate_temporal,3552.6315789473683,v,0.06811325064198069
K3_T2-4,eulerian,A_common_dense,moderate_temporal,3552.6315789473683,w,0.058858716029826764
K3_T2-4,eulerian,A_common_dense,moderate_temporal,4315.78947368421,u,0.05434996841312751
K3_T2-4,eulerian,A_common_dense,moderate_temporal,4315.78947368421,v,0.06788290242675725
K3_T2-4,eulerian,A_common_dense,moderate_temporal,4315.78947368421,w,0.056171750898857176
K3_T2-4,eulerian,A_common_dense,moderate_temporal,5078.9473684210525,u,0.04812408324639969
K3_T2-4,eulerian,A_common_dense,moderate_temporal,5078.9473684210525,v,0.06115110223748457
K3_T2-4,eulerian,A_common_dense,moderate_temporal,5078.9473684210525,w,0.05575574626549647
K3_T2-4,eulerian,A_common_dense,compact_rt_full,2026.3157894736842,u,0.5883681011314883
K3_T2-4,eulerian,A_common_dense,compact_rt_full,2026.3157894736842,v,0.6747466280846371
K3_T2-4,eulerian,A_common_dense,compact_rt_full,2026.3157894736842,w,0.3196799136700507
K3_T2-4,eulerian,A_common_dense,compact_rt_full,2789.4736842105262,u,0.5533476570139617
K3_T2-4,eulerian,A_common_dense,compact_rt_full,2789.4736842105262,v,0.7221675556459642
K3_T2-4,eulerian,A_common_dense,compact_rt_full,2789.4736842105262,w,0.2779755224555461
K3_T2-4,eulerian,A_common_dense,compact_rt_full,3552.6315789473683,u,0.4841636977888288
K3_T2-4,eulerian,A_common_dense,compact_rt_full,3552.6315789473683,v,0.7310042660066832
K3_T2-4,eulerian,A_common_dense,compact_rt_full,3552.6315789473683,w,0.22919481370895572
K3_T2-4,eulerian,A_common_dense,compact_rt_full,4315.78947368421,u,0.38989642609617436
K3_T2-4,eulerian,A_common_dense,compact_rt_full,4315.78947368421,v,0.686256500132963
K3_T2-4,eulerian,A_common_dense,compact_rt_full,4315.78947368421,w,0.17819446638840528
K3_T2-4,eulerian,A_common_dense,compact_rt_full,5078.9473684210525,u,0.28767337473527477
K3_T2-4,eulerian,A_common_dense,compact_rt_full,5078.9473684210525,v,0.5940279320702692
K3_T2-4,eulerian,A_common_dense,compact_rt_full,5078.9473684210525,w,0.1360480167705185
K3_T2-4,eulerian,A_common_dense,moderate_rt_full,2026.3157894736842,u,0.05370185385902693
K3_T2-4,eulerian,A_common_dense,moderate_rt_full,2026.3157894736842,v,0.06513466892370356
K3_T2-4,eulerian,A_common_dense,moderate_rt_full,2026.3157894736842,w,0.05605986977102782
K3_T2-4,eulerian,A_common_dense,moderate_rt_full,2789.4736842105262,u,0.05546864603155982
K3_T2-4,eulerian,A_common_dense,moderate_rt_full,2789.4736842105262,v,0.0633834153067014
K3_T2-4,eulerian,A_common_dense,moderate_rt_full,2789.4736842105262,w,0.0598879947746599
K3_T2-4,eulerian,A_common_dense,moderate_rt_full,3552.6315789473683,u,0.05722430012283672
K3_T2-4,eulerian,A_common_dense,moderate_rt_full,3552.6315789473683,v,0.06811325064198069
K3_T2-4,eulerian,A_common_dense,moderate_rt_full,3552.6315789473683,w,0.058858716029826764
K3_T2-4,eulerian,A_common_dense,moderate_rt_full,4315.78947368421,u,0.05434996841312751
K3_T2-4,eulerian,A_common_dense,moderate_rt_full,4315.78947368421,v,0.06788290242675725
K3_T2-4,eulerian,A_common_dense,moderate_rt_full,4315.78947368421,w,0.056171750898857176
K3_T2-4,eulerian,A_common_dense,moderate_rt_full,5078.9473684210525,u,0.04812408324639969
K3_T2-4,eulerian,A_common_dense,moderate_rt_full,5078.9473684210525,v,0.06115110223748457
K3_T2-4,eulerian,A_common_dense,moderate_rt_full,5078.9473684210525,w,0.05575574626549647
K3_T2-4,eulerian,B_structured_missing,aggressive_temporal,500.0,u,1.737742838992076
K3_T2-4,eulerian,B_structured_missing,aggressive_temporal,500.0,v,2.5180920384167713
K3_T2-4,eulerian,B_structured_missing,aggressive_temporal,500.0,w,1.060810226083703
K3_T2-4,eulerian,B_structured_missing,aggressive_temporal,1263.157894736842,u,1.5331499538074904
K3_T2-4,eulerian,B_structured_missing,aggressive_temporal,1263.157894736842,v,2.4447960113310363
K3_T2-4,eulerian,B_structured_missing,aggressive_temporal,1263.157894736842,w,1.0249119258256114
K3_T2-4,eulerian,B_structured_missing,aggressive_temporal,2026.3157894736842,u,2.1155937277615195
K3_T2-4,eulerian,B_structured_missing,aggressive_temporal,2026.3157894736842,v,2.7285810967092723
K3_T2-4,eulerian,B_structured_missing,aggressive_temporal,2026.3157894736842,w,1.0062138074012303
K3_T2-4,eulerian,B_structured_missing,aggressive_temporal,2789.4736842105262,u,2.5172863929674834
K3_T2-4,eulerian,B_structured_missing,aggressive_temporal,2789.4736842105262,v,2.8718529201878877
K3_T2-4,eulerian,B_structured_missing,aggressive_temporal,2789.4736842105262,w,1.0238236637913
K3_T2-4,eulerian,B_structured_missing,aggressive_temporal,3552.6315789473683,u,2.5018724767889595
K3_T2-4,eulerian,B_structured_missing,aggressive_temporal,3552.6315789473683,v,2.7828695394476406
K3_T2-4,eulerian,B_structured_missing,aggressive_temporal,3552.6315789473683,w,0.9088649191006511
K3_T2-4,eulerian,B_structured_missing,aggressive_temporal,4315.78947368421,u,2.3281375440801857
K3_T2-4,eulerian,B_structured_missing,aggressive_temporal,4315.78947368421,v,2.43214788746786
K3_T2-4,eulerian,B_structured_missing,aggressive_temporal,4315.78947368421,w,0.8039647890282373
K3_T2-4,eulerian,B_structured_missing,aggressive_temporal,5078.9473684210525,u,1.7916866300131815
K3_T2-4,eulerian,B_structured_missing,aggressive_temporal,5078.9473684210525,v,2.712715820371208
K3_T2-4,eulerian,B_structured_missing,aggressive_temporal,5078.9473684210525,w,0.39778222784319234
K3_T2-4,eulerian,B_structured_missing,aggressive_temporal,5842.105263157895,u,3.013230095796784
K3_T2-4,eulerian,B_structured_missing,aggressive_temporal,5842.105263157895,v,2.114994819725269
K3_T2-4,eulerian,B_structured_missing,aggressive_temporal,5842.105263157895,w,0.5097604748472819
K3_T2-4,eulerian,B_structured_missing,aggressive_temporal,6605.263157894737,u,nan
K3_T2-4,eulerian,B_structured_missing,aggressive_temporal,6605.263157894737,v,nan
K3_T2-4,eulerian,B_structured_missing,aggressive_temporal,6605.263157894737,w,nan
K3_T2-4,eulerian,B_structured_missing,compact_temporal,500.0,u,0.772220009970744
K3_T2-4,eulerian,B_structured_missing,compact_temporal,500.0,v,1.2086470920768233
K3_T2-4,eulerian,B_structured_missing,compact_temporal,500.0,w,0.5126192399110413
K3_T2-4,eulerian,B_structured_missing,compact_temporal,1263.157894736842,u,0.7142224025633449
K3_T2-4,eulerian,B_structured_missing,compact_temporal,1263.157894736842,v,0.9540140840403488
K3_T2-4,eulerian,B_structured_missing,compact_temporal,1263.157894736842,w,0.5343277113626991
K3_T2-4,eulerian,B_structured_missing,compact_temporal,2026.3157894736842,u,0.8679716440531061
K3_T2-4,eulerian,B_structured_missing,compact_temporal,2026.3157894736842,v,0.8905634168216268
K3_T2-4,eulerian,B_structured_missing,compact_temporal,2026.3157894736842,w,0.5597104839111576
K3_T2-4,eulerian,B_structured_missing,compact_temporal,2789.4736842105262,u,1.0510813214209727
K3_T2-4,eulerian,B_structured_missing,compact_temporal,2789.4736842105262,v,1.0006731596095202
K3_T2-4,eulerian,B_structured_missing,compact_temporal,2789.4736842105262,w,0.7000128922281588
K3_T2-4,eulerian,B_structured_missing,compact_temporal,3552.6315789473683,u,1.0212785983236063
K3_T2-4,eulerian,B_structured_missing,compact_temporal,3552.6315789473683,v,0.9574787597891259
K3_T2-4,eulerian,B_structured_missing,compact_temporal,3552.6315789473683,w,0.668134040441381
K3_T2-4,eulerian,B_structured_missing,compact_temporal,4315.78947368421,u,0.9293047684104486
K3_T2-4,eulerian,B_structured_missing,compact_temporal,4315.78947368421,v,0.8952055991457762
K3_T2-4,eulerian,B_structured_missing,compact_temporal,4315.78947368421,w,0.6229648049825548
K3_T2-4,eulerian,B_structured_missing,compact_temporal,5078.9473684210525,u,0.8033228014013176
K3_T2-4,eulerian,B_structured_missing,compact_temporal,5078.9473684210525,v,0.668704176623688
K3_T2-4,eulerian,B_structured_missing,compact_temporal,5078.9473684210525,w,0.19247513169143227
K3_T2-4,eulerian,B_structured_missing,compact_temporal,5842.105263157895,u,1.2941327886623166
K3_T2-4,eulerian,B_structured_missing,compact_temporal,5842.105263157895,v,0.6057441489291111
K3_T2-4,eulerian,B_structured_missing,compact_temporal,5842.105263157895,w,0.2793877173057423
K3_T2-4,eulerian,B_structured_missing,compact_temporal,6605.263157894737,u,nan
K3_T2-4,eulerian,B_structured_missing,compact_temporal,6605.263157894737,v,nan
K3_T2-4,eulerian,B_structured_missing,compact_temporal,6605.263157894737,w,nan
K3_T2-4,eulerian,B_structured_missing,moderate_temporal,500.0,u,3.465633817417605
K3_T2-4,eulerian,B_structured_missing,moderate_temporal,500.0,v,1.4236383581446328
K3_T2-4,eulerian,B_structured_missing,moderate_temporal,500.0,w,0.37055410519922366
K3_T2-4,eulerian,B_structured_missing,moderate_temporal,1263.157894736842,u,2.874862815347571
K3_T2-4,eulerian,B_structured_missing,moderate_temporal,1263.157894736842,v,1.4971145941547581
K3_T2-4,eulerian,B_structured_missing,moderate_temporal,1263.157894736842,w,0.2790333370033439
K3_T2-4,eulerian,B_structured_missing,moderate_temporal,2026.3157894736842,u,1.9987227876873253
K3_T2-4,eulerian,B_structured_missing,moderate_temporal,2026.3157894736842,v,1.2742403105002047
K3_T2-4,eulerian,B_structured_missing,moderate_temporal,2026.3157894736842,w,0.21332087840171113
K3_T2-4,eulerian,B_structured_missing,moderate_temporal,2789.4736842105262,u,0.3245704136599315
K3_T2-4,eulerian,B_structured_missing,moderate_temporal,2789.4736842105262,v,0.34365583516811204
K3_T2-4,eulerian,B_structured_missing,moderate_temporal,2789.4736842105262,w,0.10243542030072385
K3_T2-4,eulerian,B_structured_missing,moderate_temporal,3552.6315789473683,u,0.3105804740331984
K3_T2-4,eulerian,B_structured_missing,moderate_temporal,3552.6315789473683,v,0.31209509312363487
K3_T2-4,eulerian,B_structured_missing,moderate_temporal,3552.6315789473683,w,0.09254777608057325
K3_T2-4,eulerian,B_structured_missing,moderate_temporal,4315.78947368421,u,0.6358305776202784
K3_T2-4,eulerian,B_structured_missing,moderate_temporal,4315.78947368421,v,0.6237688109208447
K3_T2-4,eulerian,B_structured_missing,moderate_temporal,4315.78947368421,w,0.10965004376273389
K3_T2-4,eulerian,B_structured_missing,moderate_temporal,5078.9473684210525,u,0.8223880047827231
K3_T2-4,eulerian,B_structured_missing,moderate_temporal,5078.9473684210525,v,0.4098760514564123
K3_T2-4,eulerian,B_structured_missing,moderate_temporal,5078.9473684210525,w,0.05837642087121037
K3_T2-4,eulerian,B_structured_missing,moderate_temporal,5842.105263157895,u,0.9277138213956054
K3_T2-4,eulerian,B_structured_missing,moderate_temporal,5842.105263157895,v,0.4887970028052038
K3_T2-4,eulerian,B_structured_missing,moderate_temporal,5842.105263157895,w,0.06773433111369605
K3_T2-4,eulerian,B_structured_missing,moderate_temporal,6605.263157894737,u,nan
K3_T2-4,eulerian,B_structured_missing,moderate_temporal,6605.263157894737,v,nan
K3_T2-4,eulerian,B_structured_missing,moderate_temporal,6605.263157894737,w,nan
K3_T2-4,eulerian,B_structured_missing,compact_rt_full,500.0,u,0.5045289668180164
K3_T2-4,eulerian,B_structured_missing,compact_rt_full,500.0,v,0.5746840839050812
K3_T2-4,eulerian,B_structured_missing,compact_rt_full,500.0,w,0.10670680909122382
K3_T2-4,eulerian,B_structured_missing,compact_rt_full,1263.157894736842,u,0.4320611501373679
K3_T2-4,eulerian,B_structured_missing,compact_rt_full,1263.157894736842,v,0.3928799263028622
K3_T2-4,eulerian,B_structured_missing,compact_rt_full,1263.157894736842,w,0.11494815951592138
K3_T2-4,eulerian,B_structured_missing,compact_rt_full,2026.3157894736842,u,0.3236886953050467
K3_T2-4,eulerian,B_structured_missing,compact_rt_full,2026.3157894736842,v,0.2579157853157346
K3_T2-4,eulerian,B_structured_missing,compact_rt_full,2026.3157894736842,w,0.13144098982613114
K3_T2-4,eulerian,B_structured_missing,compact_rt_full,2789.4736842105262,u,0.3277652211056656
K3_T2-4,eulerian,B_structured_missing,compact_rt_full,2789.4736842105262,v,0.33168539170380384
K3_T2-4,eulerian,B_structured_missing,compact_rt_full,2789.4736842105262,w,0.14632424347096143
K3_T2-4,eulerian,B_structured_missing,compact_rt_full,3552.6315789473683,u,0.29275166752275433
K3_T2-4,eulerian,B_structured_missing,compact_rt_full,3552.6315789473683,v,0.3097249179363679
K3_T2-4,eulerian,B_structured_missing,compact_rt_full,3552.6315789473683,w,0.1287382848175001
K3_T2-4,eulerian,B_structured_missing,compact_rt_full,4315.78947368421,u,0.3818222280742076
K3_T2-4,eulerian,B_structured_missing,compact_rt_full,4315.78947368421,v,0.43959686231681283
K3_T2-4,eulerian,B_structured_missing,compact_rt_full,4315.78947368421,w,0.12089811906906306
K3_T2-4,eulerian,B_structured_missing,compact_rt_full,5078.9473684210525,u,0.5268854868141515
K3_T2-4,eulerian,B_structured_missing,compact_rt_full,5078.9473684210525,v,0.38288120847036156
K3_T2-4,eulerian,B_structured_missing,compact_rt_full,5078.9473684210525,w,0.07935537443066719
K3_T2-4,eulerian,B_structured_missing,compact_rt_full,5842.105263157895,u,1.153449023326266
K3_T2-4,eulerian,B_structured_missing,compact_rt_full,5842.105263157895,v,0.4395042472790677
K3_T2-4,eulerian,B_structured_missing,compact_rt_full,5842.105263157895,w,0.06589068926743957
K3_T2-4,eulerian,B_structured_missing,compact_rt_full,6605.263157894737,u,nan
K3_T2-4,eulerian,B_structured_missing,compact_rt_full,6605.263157894737,v,nan
K3_T2-4,eulerian,B_structured_missing,compact_rt_full,6605.263157894737,w,nan
K3_T2-4,eulerian,B_structured_missing,moderate_rt_full,500.0,u,3.465633817417605
K3_T2-4,eulerian,B_structured_missing,moderate_rt_full,500.0,v,1.4236383581446328
K3_T2-4,eulerian,B_structured_missing,moderate_rt_full,500.0,w,0.37055410519922366
K3_T2-4,eulerian,B_structured_missing,moderate_rt_full,1263.157894736842,u,2.874862815347571
K3_T2-4,eulerian,B_structured_missing,moderate_rt_full,1263.157894736842,v,1.4971145941547581
K3_T2-4,eulerian,B_structured_missing,moderate_rt_full,1263.157894736842,w,0.2790333370033439
K3_T2-4,eulerian,B_structured_missing,moderate_rt_full,2026.3157894736842,u,1.9987227876873253
K3_T2-4,eulerian,B_structured_missing,moderate_rt_full,2026.3157894736842,v,1.2742403105002047
K3_T2-4,eulerian,B_structured_missing,moderate_rt_full,2026.3157894736842,w,0.21332087840171113
K3_T2-4,eulerian,B_structured_missing,moderate_rt_full,2789.4736842105262,u,0.3245704136599315
K3_T2-4,eulerian,B_structured_missing,moderate_rt_full,2789.4736842105262,v,0.34365583516811204
K3_T2-4,eulerian,B_structured_missing,moderate_rt_full,2789.4736842105262,w,0.10243542030072385
K3_T2-4,eulerian,B_structured_missing,moderate_rt_full,3552.6315789473683,u,0.3105804740331984
K3_T2-4,eulerian,B_structured_missing,moderate_rt_full,3552.6315789473683,v,0.31209509312363487
K3_T2-4,eulerian,B_structured_missing,moderate_rt_full,3552.6315789473683,w,0.09254777608057325
K3_T2-4,eulerian,B_structured_missing,moderate_rt_full,4315.78947368421,u,0.6358305776202784
K3_T2-4,eulerian,B_structured_missing,moderate_rt_full,4315.78947368421,v,0.6237688109208447
K3_T2-4,eulerian,B_structured_missing,moderate_rt_full,4315.78947368421,w,0.10965004376273389
K3_T2-4,eulerian,B_structured_missing,moderate_rt_full,5078.9473684210525,u,0.8223880047827231
K3_T2-4,eulerian,B_structured_missing,moderate_rt_full,5078.9473684210525,v,0.4098760514564123
K3_T2-4,eulerian,B_structured_missing,moderate_rt_full,5078.9473684210525,w,0.05837642087121037
K3_T2-4,eulerian,B_structured_missing,moderate_rt_full,5842.105263157895,u,0.9277138213956054
K3_T2-4,eulerian,B_structured_missing,moderate_rt_full,5842.105263157895,v,0.4887970028052038
K3_T2-4,eulerian,B_structured_missing,moderate_rt_full,5842.105263157895,w,0.06773433111369605
K3_T2-4,eulerian,B_structured_missing,moderate_rt_full,6605.263157894737,u,nan
K3_T2-4,eulerian,B_structured_missing,moderate_rt_full,6605.263157894737,v,nan
K3_T2-4,eulerian,B_structured_missing,moderate_rt_full,6605.263157894737,w,nan
K3_T2-4,storm_relative,A_common_dense,aggressive_temporal,2026.3157894736842,u,2.05211557783023
K3_T2-4,storm_relative,A_common_dense,aggressive_temporal,2026.3157894736842,v,1.5272893674615617
K3_T2-4,storm_relative,A_common_dense,aggressive_temporal,2026.3157894736842,w,1.029716072665603
K3_T2-4,storm_relative,A_common_dense,aggressive_temporal,2789.4736842105262,u,2.0044523783324664
K3_T2-4,storm_relative,A_common_dense,aggressive_temporal,2789.4736842105262,v,1.5188326820668028
K3_T2-4,storm_relative,A_common_dense,aggressive_temporal,2789.4736842105262,w,0.8877715413599729
K3_T2-4,storm_relative,A_common_dense,aggressive_temporal,3552.6315789473683,u,1.807659284532667
K3_T2-4,storm_relative,A_common_dense,aggressive_temporal,3552.6315789473683,v,1.5250889742690528
K3_T2-4,storm_relative,A_common_dense,aggressive_temporal,3552.6315789473683,w,0.7302441957479118
K3_T2-4,storm_relative,A_common_dense,aggressive_temporal,4315.78947368421,u,1.5498212094504282
K3_T2-4,storm_relative,A_common_dense,aggressive_temporal,4315.78947368421,v,1.4135557441630842
K3_T2-4,storm_relative,A_common_dense,aggressive_temporal,4315.78947368421,w,0.5456352536380863
K3_T2-4,storm_relative,A_common_dense,aggressive_temporal,5078.9473684210525,u,1.3980060595957264
K3_T2-4,storm_relative,A_common_dense,aggressive_temporal,5078.9473684210525,v,1.2780128712907153
K3_T2-4,storm_relative,A_common_dense,aggressive_temporal,5078.9473684210525,w,0.38260513395450185
K3_T2-4,storm_relative,A_common_dense,compact_temporal,2026.3157894736842,u,0.6384074255950483
K3_T2-4,storm_relative,A_common_dense,compact_temporal,2026.3157894736842,v,0.9752669528572424
K3_T2-4,storm_relative,A_common_dense,compact_temporal,2026.3157894736842,w,0.527660067422899
K3_T2-4,storm_relative,A_common_dense,compact_temporal,2789.4736842105262,u,0.5576163879218092
K3_T2-4,storm_relative,A_common_dense,compact_temporal,2789.4736842105262,v,0.86285800753913
K3_T2-4,storm_relative,A_common_dense,compact_temporal,2789.4736842105262,w,0.46829282241312653
K3_T2-4,storm_relative,A_common_dense,compact_temporal,3552.6315789473683,u,0.46572783045194893
K3_T2-4,storm_relative,A_common_dense,compact_temporal,3552.6315789473683,v,0.7838272381325856
K3_T2-4,storm_relative,A_common_dense,compact_temporal,3552.6315789473683,w,0.3963128673153838
K3_T2-4,storm_relative,A_common_dense,compact_temporal,4315.78947368421,u,0.38112405517348635
K3_T2-4,storm_relative,A_common_dense,compact_temporal,4315.78947368421,v,0.6933687939933617
K3_T2-4,storm_relative,A_common_dense,compact_temporal,4315.78947368421,w,0.3166986967130518
K3_T2-4,storm_relative,A_common_dense,compact_temporal,5078.9473684210525,u,0.34164355041579403
K3_T2-4,storm_relative,A_common_dense,compact_temporal,5078.9473684210525,v,0.5778030983647172
K3_T2-4,storm_relative,A_common_dense,compact_temporal,5078.9473684210525,w,0.23903287330642342
K3_T2-4,storm_relative,A_common_dense,moderate_temporal,2026.3157894736842,u,0.051079960130780186
K3_T2-4,storm_relative,A_common_dense,moderate_temporal,2026.3157894736842,v,0.06755269765529813
K3_T2-4,storm_relative,A_common_dense,moderate_temporal,2026.3157894736842,w,0.05046082031035864
K3_T2-4,storm_relative,A_common_dense,moderate_temporal,2789.4736842105262,u,0.048855158488428085
K3_T2-4,storm_relative,A_common_dense,moderate_temporal,2789.4736842105262,v,0.07049924155687835
K3_T2-4,storm_relative,A_common_dense,moderate_temporal,2789.4736842105262,w,0.05149976255602854
K3_T2-4,storm_relative,A_common_dense,moderate_temporal,3552.6315789473683,u,0.047037707851802765
K3_T2-4,storm_relative,A_common_dense,moderate_temporal,3552.6315789473683,v,0.07358276603108732
K3_T2-4,storm_relative,A_common_dense,moderate_temporal,3552.6315789473683,w,0.047409553781573854
K3_T2-4,storm_relative,A_common_dense,moderate_temporal,4315.78947368421,u,0.04385651675880849
K3_T2-4,storm_relative,A_common_dense,moderate_temporal,4315.78947368421,v,0.07132144775909648
K3_T2-4,storm_relative,A_common_dense,moderate_temporal,4315.78947368421,w,0.040922379089233796
K3_T2-4,storm_relative,A_common_dense,moderate_temporal,5078.9473684210525,u,0.03976207466355782
K3_T2-4,storm_relative,A_common_dense,moderate_temporal,5078.9473684210525,v,0.06357170791015802
K3_T2-4,storm_relative,A_common_dense,moderate_temporal,5078.9473684210525,w,0.036148077525942464
K3_T2-4,storm_relative,A_common_dense,compact_rt_full,2026.3157894736842,u,0.5517016763412539
K3_T2-4,storm_relative,A_common_dense,compact_rt_full,2026.3157894736842,v,0.4616157783096714
K3_T2-4,storm_relative,A_common_dense,compact_rt_full,2026.3157894736842,w,0.35768312939629043
K3_T2-4,storm_relative,A_common_dense,compact_rt_full,2789.4736842105262,u,0.45706161058704764
K3_T2-4,storm_relative,A_common_dense,compact_rt_full,2789.4736842105262,v,0.5576645200697317
K3_T2-4,storm_relative,A_common_dense,compact_rt_full,2789.4736842105262,w,0.3126039986396877
K3_T2-4,storm_relative,A_common_dense,compact_rt_full,3552.6315789473683,u,0.34697453541014756
K3_T2-4,storm_relative,A_common_dense,compact_rt_full,3552.6315789473683,v,0.5918221094522448
K3_T2-4,storm_relative,A_common_dense,compact_rt_full,3552.6315789473683,w,0.2549950065939581
K3_T2-4,storm_relative,A_common_dense,compact_rt_full,4315.78947368421,u,0.25017849884528914
K3_T2-4,storm_relative,A_common_dense,compact_rt_full,4315.78947368421,v,0.5618203997550786
K3_T2-4,storm_relative,A_common_dense,compact_rt_full,4315.78947368421,w,0.19160074068724553
K3_T2-4,storm_relative,A_common_dense,compact_rt_full,5078.9473684210525,u,0.2287701801911892
K3_T2-4,storm_relative,A_common_dense,compact_rt_full,5078.9473684210525,v,0.4813191520342381
K3_T2-4,storm_relative,A_common_dense,compact_rt_full,5078.9473684210525,w,0.1350203214750802
K3_T2-4,storm_relative,A_common_dense,moderate_rt_full,2026.3157894736842,u,0.051079960130780186
K3_T2-4,storm_relative,A_common_dense,moderate_rt_full,2026.3157894736842,v,0.06755269765529813
K3_T2-4,storm_relative,A_common_dense,moderate_rt_full,2026.3157894736842,w,0.05046082031035864
K3_T2-4,storm_relative,A_common_dense,moderate_rt_full,2789.4736842105262,u,0.048855158488428085
K3_T2-4,storm_relative,A_common_dense,moderate_rt_full,2789.4736842105262,v,0.07049924155687835
K3_T2-4,storm_relative,A_common_dense,moderate_rt_full,2789.4736842105262,w,0.05149976255602854
K3_T2-4,storm_relative,A_common_dense,moderate_rt_full,3552.6315789473683,u,0.047037707851802765
K3_T2-4,storm_relative,A_common_dense,moderate_rt_full,3552.6315789473683,v,0.07358276603108732
K3_T2-4,storm_relative,A_common_dense,moderate_rt_full,3552.6315789473683,w,0.047409553781573854
K3_T2-4,storm_relative,A_common_dense,moderate_rt_full,4315.78947368421,u,0.04385651675880849
K3_T2-4,storm_relative,A_common_dense,moderate_rt_full,4315.78947368421,v,0.07132144775909648
K3_T2-4,storm_relative,A_common_dense,moderate_rt_full,4315.78947368421,w,0.040922379089233796
K3_T2-4,storm_relative,A_common_dense,moderate_rt_full,5078.9473684210525,u,0.03976207466355782
K3_T2-4,storm_relative,A_common_dense,moderate_rt_full,5078.9473684210525,v,0.06357170791015802
K3_T2-4,storm_relative,A_common_dense,moderate_rt_full,5078.9473684210525,w,0.036148077525942464
K3_T2-4,storm_relative,B_structured_missing,aggressive_temporal,500.0,u,1.9297450305944024
K3_T2-4,storm_relative,B_structured_missing,aggressive_temporal,500.0,v,2.3320694493333765
K3_T2-4,storm_relative,B_structured_missing,aggressive_temporal,500.0,w,0.9469227195125206
K3_T2-4,storm_relative,B_structured_missing,aggressive_temporal,1263.157894736842,u,1.43647769278718
K3_T2-4,storm_relative,B_structured_missing,aggressive_temporal,1263.157894736842,v,1.858395140017593
K3_T2-4,storm_relative,B_structured_missing,aggressive_temporal,1263.157894736842,w,0.963868771877069
K3_T2-4,storm_relative,B_structured_missing,aggressive_temporal,2026.3157894736842,u,1.6903658140263458
K3_T2-4,storm_relative,B_structured_missing,aggressive_temporal,2026.3157894736842,v,1.9089942139037233
K3_T2-4,storm_relative,B_structured_missing,aggressive_temporal,2026.3157894736842,w,0.963534009444098
K3_T2-4,storm_relative,B_structured_missing,aggressive_temporal,2789.4736842105262,u,2.0317737994958858
K3_T2-4,storm_relative,B_structured_missing,aggressive_temporal,2789.4736842105262,v,2.119545258640349
K3_T2-4,storm_relative,B_structured_missing,aggressive_temporal,2789.4736842105262,w,0.9993200307390028
K3_T2-4,storm_relative,B_structured_missing,aggressive_temporal,3552.6315789473683,u,2.0196954508040976
K3_T2-4,storm_relative,B_structured_missing,aggressive_temporal,3552.6315789473683,v,2.0694727384595297
K3_T2-4,storm_relative,B_structured_missing,aggressive_temporal,3552.6315789473683,w,0.9133932507238447
K3_T2-4,storm_relative,B_structured_missing,aggressive_temporal,4315.78947368421,u,1.7677745487776257
K3_T2-4,storm_relative,B_structured_missing,aggressive_temporal,4315.78947368421,v,1.7714656005805935
K3_T2-4,storm_relative,B_structured_missing,aggressive_temporal,4315.78947368421,w,0.7949958906878098
K3_T2-4,storm_relative,B_structured_missing,aggressive_temporal,5078.9473684210525,u,1.7160829139017046
K3_T2-4,storm_relative,B_structured_missing,aggressive_temporal,5078.9473684210525,v,2.32742537289397
K3_T2-4,storm_relative,B_structured_missing,aggressive_temporal,5078.9473684210525,w,0.39632007259844815
K3_T2-4,storm_relative,B_structured_missing,aggressive_temporal,5842.105263157895,u,5.152591099786242
K3_T2-4,storm_relative,B_structured_missing,aggressive_temporal,5842.105263157895,v,2.1040639461781105
K3_T2-4,storm_relative,B_structured_missing,aggressive_temporal,5842.105263157895,w,0.32826324999082096
K3_T2-4,storm_relative,B_structured_missing,aggressive_temporal,6605.263157894737,u,nan
K3_T2-4,storm_relative,B_structured_missing,aggressive_temporal,6605.263157894737,v,nan
K3_T2-4,storm_relative,B_structured_missing,aggressive_temporal,6605.263157894737,w,nan
K3_T2-4,storm_relative,B_structured_missing,compact_temporal,500.0,u,0.8171849390871105
K3_T2-4,storm_relative,B_structured_missing,compact_temporal,500.0,v,1.1564686747794444
K3_T2-4,storm_relative,B_structured_missing,compact_temporal,500.0,w,0.47275715755626374
K3_T2-4,storm_relative,B_structured_missing,compact_temporal,1263.157894736842,u,0.6737593056684132
K3_T2-4,storm_relative,B_structured_missing,compact_temporal,1263.157894736842,v,0.8785058328725334
K3_T2-4,storm_relative,B_structured_missing,compact_temporal,1263.157894736842,w,0.4843377667793332
K3_T2-4,storm_relative,B_structured_missing,compact_temporal,2026.3157894736842,u,0.728518171989976
K3_T2-4,storm_relative,B_structured_missing,compact_temporal,2026.3157894736842,v,0.7916709755745094
K3_T2-4,storm_relative,B_structured_missing,compact_temporal,2026.3157894736842,w,0.5134440423916985
K3_T2-4,storm_relative,B_structured_missing,compact_temporal,2789.4736842105262,u,0.8319251094445617
K3_T2-4,storm_relative,B_structured_missing,compact_temporal,2789.4736842105262,v,0.8281141544875815
K3_T2-4,storm_relative,B_structured_missing,compact_temporal,2789.4736842105262,w,0.642217010987399
K3_T2-4,storm_relative,B_structured_missing,compact_temporal,3552.6315789473683,u,0.7684707414718427
K3_T2-4,storm_relative,B_structured_missing,compact_temporal,3552.6315789473683,v,0.7375135929838492
K3_T2-4,storm_relative,B_structured_missing,compact_temporal,3552.6315789473683,w,0.6447051293110447
K3_T2-4,storm_relative,B_structured_missing,compact_temporal,4315.78947368421,u,0.6783359080560943
K3_T2-4,storm_relative,B_structured_missing,compact_temporal,4315.78947368421,v,0.6686359159861276
K3_T2-4,storm_relative,B_structured_missing,compact_temporal,4315.78947368421,w,0.6208467227833591
K3_T2-4,storm_relative,B_structured_missing,compact_temporal,5078.9473684210525,u,0.7037391658324492
K3_T2-4,storm_relative,B_structured_missing,compact_temporal,5078.9473684210525,v,0.5431964180224164
K3_T2-4,storm_relative,B_structured_missing,compact_temporal,5078.9473684210525,w,0.10675501521471752
K3_T2-4,storm_relative,B_structured_missing,compact_temporal,5842.105263157895,u,0.7104041236906947
K3_T2-4,storm_relative,B_structured_missing,compact_temporal,5842.105263157895,v,0.6329208625127305
K3_T2-4,storm_relative,B_structured_missing,compact_temporal,5842.105263157895,w,0.043714682307032834
K3_T2-4,storm_relative,B_structured_missing,compact_temporal,6605.263157894737,u,nan
K3_T2-4,storm_relative,B_structured_missing,compact_temporal,6605.263157894737,v,nan
K3_T2-4,storm_relative,B_structured_missing,compact_temporal,6605.263157894737,w,nan
K3_T2-4,storm_relative,B_structured_missing,moderate_temporal,500.0,u,3.6828667381939795
K3_T2-4,storm_relative,B_structured_missing,moderate_temporal,500.0,v,1.529458236616043
K3_T2-4,storm_relative,B_structured_missing,moderate_temporal,500.0,w,0.4005701917504579
K3_T2-4,storm_relative,B_structured_missing,moderate_temporal,1263.157894736842,u,2.8979215843190955
K3_T2-4,storm_relative,B_structured_missing,moderate_temporal,1263.157894736842,v,1.5404371802097252
K3_T2-4,storm_relative,B_structured_missing,moderate_temporal,1263.157894736842,w,0.3105983037547511
K3_T2-4,storm_relative,B_structured_missing,moderate_temporal,2026.3157894736842,u,1.9866460217148778
K3_T2-4,storm_relative,B_structured_missing,moderate_temporal,2026.3157894736842,v,1.411873426283523
K3_T2-4,storm_relative,B_structured_missing,moderate_temporal,2026.3157894736842,w,0.24322513868117665
K3_T2-4,storm_relative,B_structured_missing,moderate_temporal,2789.4736842105262,u,0.3258896272813418
K3_T2-4,storm_relative,B_structured_missing,moderate_temporal,2789.4736842105262,v,0.3565514701024563
K3_T2-4,storm_relative,B_structured_missing,moderate_temporal,2789.4736842105262,w,0.09365068525427002
K3_T2-4,storm_relative,B_structured_missing,moderate_temporal,3552.6315789473683,u,0.3594193462603235
K3_T2-4,storm_relative,B_structured_missing,moderate_temporal,3552.6315789473683,v,0.353531670999799
K3_T2-4,storm_relative,B_structured_missing,moderate_temporal,3552.6315789473683,w,0.09223221369859595
K3_T2-4,storm_relative,B_structured_missing,moderate_temporal,4315.78947368421,u,0.8385529403314218
K3_T2-4,storm_relative,B_structured_missing,moderate_temporal,4315.78947368421,v,0.8398345515578997
K3_T2-4,storm_relative,B_structured_missing,moderate_temporal,4315.78947368421,w,0.13742032553242464
K3_T2-4,storm_relative,B_structured_missing,moderate_temporal,5078.9473684210525,u,0.8840592035017292
K3_T2-4,storm_relative,B_structured_missing,moderate_temporal,5078.9473684210525,v,0.5317437425043318
K3_T2-4,storm_relative,B_structured_missing,moderate_temporal,5078.9473684210525,w,0.06892481396016449
K3_T2-4,storm_relative,B_structured_missing,moderate_temporal,5842.105263157895,u,1.0186565319036414
K3_T2-4,storm_relative,B_structured_missing,moderate_temporal,5842.105263157895,v,0.3641135595063856
K3_T2-4,storm_relative,B_structured_missing,moderate_temporal,5842.105263157895,w,0.07783279103364772
K3_T2-4,storm_relative,B_structured_missing,moderate_temporal,6605.263157894737,u,nan
K3_T2-4,storm_relative,B_structured_missing,moderate_temporal,6605.263157894737,v,nan
K3_T2-4,storm_relative,B_structured_missing,moderate_temporal,6605.263157894737,w,nan
K3_T2-4,storm_relative,B_structured_missing,compact_rt_full,500.0,u,0.5717238197442298
K3_T2-4,storm_relative,B_structured_missing,compact_rt_full,500.0,v,0.5759179113315861
K3_T2-4,storm_relative,B_structured_missing,compact_rt_full,500.0,w,0.11215707072588992
K3_T2-4,storm_relative,B_structured_missing,compact_rt_full,1263.157894736842,u,0.4729459639427186
K3_T2-4,storm_relative,B_structured_missing,compact_rt_full,1263.157894736842,v,0.3993933287931322
K3_T2-4,storm_relative,B_structured_missing,compact_rt_full,1263.157894736842,w,0.11524025693905607
K3_T2-4,storm_relative,B_structured_missing,compact_rt_full,2026.3157894736842,u,0.3467655297045978
K3_T2-4,storm_relative,B_structured_missing,compact_rt_full,2026.3157894736842,v,0.2677521212387363
K3_T2-4,storm_relative,B_structured_missing,compact_rt_full,2026.3157894736842,w,0.12364545803719125
K3_T2-4,storm_relative,B_structured_missing,compact_rt_full,2789.4736842105262,u,0.359015982126885
K3_T2-4,storm_relative,B_structured_missing,compact_rt_full,2789.4736842105262,v,0.37158008562250733
K3_T2-4,storm_relative,B_structured_missing,compact_rt_full,2789.4736842105262,w,0.14469944184158037
K3_T2-4,storm_relative,B_structured_missing,compact_rt_full,3552.6315789473683,u,0.3120532512278816
K3_T2-4,storm_relative,B_structured_missing,compact_rt_full,3552.6315789473683,v,0.31680545593173354
K3_T2-4,storm_relative,B_structured_missing,compact_rt_full,3552.6315789473683,w,0.12461281184797884
K3_T2-4,storm_relative,B_structured_missing,compact_rt_full,4315.78947368421,u,0.38686024608958575
K3_T2-4,storm_relative,B_structured_missing,compact_rt_full,4315.78947368421,v,0.45377497003938516
K3_T2-4,storm_relative,B_structured_missing,compact_rt_full,4315.78947368421,w,0.127054316029494
K3_T2-4,storm_relative,B_structured_missing,compact_rt_full,5078.9473684210525,u,0.6395760808821821
K3_T2-4,storm_relative,B_structured_missing,compact_rt_full,5078.9473684210525,v,0.4549354364825256
K3_T2-4,storm_relative,B_structured_missing,compact_rt_full,5078.9473684210525,w,0.07607804319749643
K3_T2-4,storm_relative,B_structured_missing,compact_rt_full,5842.105263157895,u,0.6820235467584308
K3_T2-4,storm_relative,B_structured_missing,compact_rt_full,5842.105263157895,v,0.5185460525643331
K3_T2-4,storm_relative,B_structured_missing,compact_rt_full,5842.105263157895,w,0.0422055323071542
K3_T2-4,storm_relative,B_structured_missing,compact_rt_full,6605.263157894737,u,nan
K3_T2-4,storm_relative,B_structured_missing,compact_rt_full,6605.263157894737,v,nan
K3_T2-4,storm_relative,B_structured_missing,compact_rt_full,6605.263157894737,w,nan
K3_T2-4,storm_relative,B_structured_missing,moderate_rt_full,500.0,u,3.6828667381939795
K3_T2-4,storm_relative,B_structured_missing,moderate_rt_full,500.0,v,1.529458236616043
K3_T2-4,storm_relative,B_structured_missing,moderate_rt_full,500.0,w,0.4005701917504579
K3_T2-4,storm_relative,B_structured_missing,moderate_rt_full,1263.157894736842,u,2.8979215843190955
K3_T2-4,storm_relative,B_structured_missing,moderate_rt_full,1263.157894736842,v,1.5404371802097252
K3_T2-4,storm_relative,B_structured_missing,moderate_rt_full,1263.157894736842,w,0.3105983037547511
K3_T2-4,storm_relative,B_structured_missing,moderate_rt_full,2026.3157894736842,u,1.9866460217148778
K3_T2-4,storm_relative,B_structured_missing,moderate_rt_full,2026.3157894736842,v,1.411873426283523
K3_T2-4,storm_relative,B_structured_missing,moderate_rt_full,2026.3157894736842,w,0.24322513868117665
K3_T2-4,storm_relative,B_structured_missing,moderate_rt_full,2789.4736842105262,u,0.3258896272813418
K3_T2-4,storm_relative,B_structured_missing,moderate_rt_full,2789.4736842105262,v,0.3565514701024563
K3_T2-4,storm_relative,B_structured_missing,moderate_rt_full,2789.4736842105262,w,0.09365068525427002
K3_T2-4,storm_relative,B_structured_missing,moderate_rt_full,3552.6315789473683,u,0.3594193462603235
K3_T2-4,storm_relative,B_structured_missing,moderate_rt_full,3552.6315789473683,v,0.353531670999799
K3_T2-4,storm_relative,B_structured_missing,moderate_rt_full,3552.6315789473683,w,0.09223221369859595
K3_T2-4,storm_relative,B_structured_missing,moderate_rt_full,4315.78947368421,u,0.8385529403314218
K3_T2-4,storm_relative,B_structured_missing,moderate_rt_full,4315.78947368421,v,0.8398345515578997
K3_T2-4,storm_relative,B_structured_missing,moderate_rt_full,4315.78947368421,w,0.13742032553242464
K3_T2-4,storm_relative,B_structured_missing,moderate_rt_full,5078.9473684210525,u,0.8840592035017292
K3_T2-4,storm_relative,B_structured_missing,moderate_rt_full,5078.9473684210525,v,0.5317437425043318
K3_T2-4,storm_relative,B_structured_missing,moderate_rt_full,5078.9473684210525,w,0.06892481396016449
K3_T2-4,storm_relative,B_structured_missing,moderate_rt_full,5842.105263157895,u,1.0186565319036414
K3_T2-4,storm_relative,B_structured_missing,moderate_rt_full,5842.105263157895,v,0.3641135595063856
K3_T2-4,storm_relative,B_structured_missing,moderate_rt_full,5842.105263157895,w,0.07783279103364772
K3_T2-4,storm_relative,B_structured_missing,moderate_rt_full,6605.263157894737,u,nan
K3_T2-4,storm_relative,B_structured_missing,moderate_rt_full,6605.263157894737,v,nan
K3_T2-4,storm_relative,B_structured_missing,moderate_rt_full,6605.263157894737,w,nan
K3_T3-5,eulerian,A_common_dense,aggressive_temporal,2026.3157894736842,u,2.256769786933543
K3_T3-5,eulerian,A_common_dense,aggressive_temporal,2026.3157894736842,v,2.3133674697427353
K3_T3-5,eulerian,A_common_dense,aggressive_temporal,2026.3157894736842,w,0.8058234447825563
K3_T3-5,eulerian,A_common_dense,aggressive_temporal,2789.4736842105262,u,2.255837058955509
K3_T3-5,eulerian,A_common_dense,aggressive_temporal,2789.4736842105262,v,2.116384074968814
K3_T3-5,eulerian,A_common_dense,aggressive_temporal,2789.4736842105262,w,0.7328561605726178
K3_T3-5,eulerian,A_common_dense,aggressive_temporal,3552.6315789473683,u,2.014118663607134
K3_T3-5,eulerian,A_common_dense,aggressive_temporal,3552.6315789473683,v,1.9433618041758913
K3_T3-5,eulerian,A_common_dense,aggressive_temporal,3552.6315789473683,w,0.6443695636156435
K3_T3-5,eulerian,A_common_dense,aggressive_temporal,4315.78947368421,u,1.618178791167993
K3_T3-5,eulerian,A_common_dense,aggressive_temporal,4315.78947368421,v,1.7386054158904294
K3_T3-5,eulerian,A_common_dense,aggressive_temporal,4315.78947368421,w,0.5394590683448957
K3_T3-5,eulerian,A_common_dense,compact_temporal,2026.3157894736842,u,0.5227062378374899
K3_T3-5,eulerian,A_common_dense,compact_temporal,2026.3157894736842,v,0.8180222510406269
K3_T3-5,eulerian,A_common_dense,compact_temporal,2026.3157894736842,w,0.46901470172842263
K3_T3-5,eulerian,A_common_dense,compact_temporal,2789.4736842105262,u,0.49821832475480293
K3_T3-5,eulerian,A_common_dense,compact_temporal,2789.4736842105262,v,0.7324769612615893
K3_T3-5,eulerian,A_common_dense,compact_temporal,2789.4736842105262,w,0.39844296053070033
K3_T3-5,eulerian,A_common_dense,compact_temporal,3552.6315789473683,u,0.4712575721274063
K3_T3-5,eulerian,A_common_dense,compact_temporal,3552.6315789473683,v,0.6907946083653603
K3_T3-5,eulerian,A_common_dense,compact_temporal,3552.6315789473683,w,0.32853631506499215
K3_T3-5,eulerian,A_common_dense,compact_temporal,4315.78947368421,u,0.44480098349425284
K3_T3-5,eulerian,A_common_dense,compact_temporal,4315.78947368421,v,0.6461374354563069
K3_T3-5,eulerian,A_common_dense,compact_temporal,4315.78947368421,w,0.2613034810984992
K3_T3-5,eulerian,A_common_dense,moderate_temporal,2026.3157894736842,u,0.06048347692620539
K3_T3-5,eulerian,A_common_dense,moderate_temporal,2026.3157894736842,v,0.08627302637675999
K3_T3-5,eulerian,A_common_dense,moderate_temporal,2026.3157894736842,w,0.04083580324395968
K3_T3-5,eulerian,A_common_dense,moderate_temporal,2789.4736842105262,u,0.0648832073282046
K3_T3-5,eulerian,A_common_dense,moderate_temporal,2789.4736842105262,v,0.09727283729232244
K3_T3-5,eulerian,A_common_dense,moderate_temporal,2789.4736842105262,w,0.04007515520314146
K3_T3-5,eulerian,A_common_dense,moderate_temporal,3552.6315789473683,u,0.06731964733416979
K3_T3-5,eulerian,A_common_dense,moderate_temporal,3552.6315789473683,v,0.10344110800418828
K3_T3-5,eulerian,A_common_dense,moderate_temporal,3552.6315789473683,w,0.03717108811559136
K3_T3-5,eulerian,A_common_dense,moderate_temporal,4315.78947368421,u,0.06581144263136557
K3_T3-5,eulerian,A_common_dense,moderate_temporal,4315.78947368421,v,0.10060528143526812
K3_T3-5,eulerian,A_common_dense,moderate_temporal,4315.78947368421,w,0.033467704249936094
K3_T3-5,eulerian,A_common_dense,compact_rt_full,2026.3157894736842,u,0.44784218329050385
K3_T3-5,eulerian,A_common_dense,compact_rt_full,2026.3157894736842,v,0.5628012022846547
K3_T3-5,eulerian,A_common_dense,compact_rt_full,2026.3157894736842,w,0.3394984880637586
K3_T3-5,eulerian,A_common_dense,compact_rt_full,2789.4736842105262,u,0.4112712329116184
K3_T3-5,eulerian,A_common_dense,compact_rt_full,2789.4736842105262,v,0.5524069410292402
K3_T3-5,eulerian,A_common_dense,compact_rt_full,2789.4736842105262,w,0.2825212635976173
K3_T3-5,eulerian,A_common_dense,compact_rt_full,3552.6315789473683,u,0.3748182718290044
K3_T3-5,eulerian,A_common_dense,compact_rt_full,3552.6315789473683,v,0.5694032850783611
K3_T3-5,eulerian,A_common_dense,compact_rt_full,3552.6315789473683,w,0.23249053826244262
K3_T3-5,eulerian,A_common_dense,compact_rt_full,4315.78947368421,u,0.33942993681282707
K3_T3-5,eulerian,A_common_dense,compact_rt_full,4315.78947368421,v,0.5630748664280482
K3_T3-5,eulerian,A_common_dense,compact_rt_full,4315.78947368421,w,0.19074450817158628
K3_T3-5,eulerian,A_common_dense,moderate_rt_full,2026.3157894736842,u,0.06048347692620539
K3_T3-5,eulerian,A_common_dense,moderate_rt_full,2026.3157894736842,v,0.08627302637675999
K3_T3-5,eulerian,A_common_dense,moderate_rt_full,2026.3157894736842,w,0.04083580324395968
K3_T3-5,eulerian,A_common_dense,moderate_rt_full,2789.4736842105262,u,0.0648832073282046
K3_T3-5,eulerian,A_common_dense,moderate_rt_full,2789.4736842105262,v,0.09727283729232244
K3_T3-5,eulerian,A_common_dense,moderate_rt_full,2789.4736842105262,w,0.04007515520314146
K3_T3-5,eulerian,A_common_dense,moderate_rt_full,3552.6315789473683,u,0.06731964733416979
K3_T3-5,eulerian,A_common_dense,moderate_rt_full,3552.6315789473683,v,0.10344110800418828
K3_T3-5,eulerian,A_common_dense,moderate_rt_full,3552.6315789473683,w,0.03717108811559136
K3_T3-5,eulerian,A_common_dense,moderate_rt_full,4315.78947368421,u,0.06581144263136557
K3_T3-5,eulerian,A_common_dense,moderate_rt_full,4315.78947368421,v,0.10060528143526812
K3_T3-5,eulerian,A_common_dense,moderate_rt_full,4315.78947368421,w,0.033467704249936094
K3_T3-5,eulerian,B_structured_missing,aggressive_temporal,500.0,u,2.0278162770905976
K3_T3-5,eulerian,B_structured_missing,aggressive_temporal,500.0,v,2.9069482525017585
K3_T3-5,eulerian,B_structured_missing,aggressive_temporal,500.0,w,0.8603696386250445
K3_T3-5,eulerian,B_structured_missing,aggressive_temporal,1263.157894736842,u,1.8358548261791454
K3_T3-5,eulerian,B_structured_missing,aggressive_temporal,1263.157894736842,v,2.178104250888444
K3_T3-5,eulerian,B_structured_missing,aggressive_temporal,1263.157894736842,w,0.8214796323249757
K3_T3-5,eulerian,B_structured_missing,aggressive_temporal,2026.3157894736842,u,2.0033089953563534
K3_T3-5,eulerian,B_structured_missing,aggressive_temporal,2026.3157894736842,v,1.8520313521632443
K3_T3-5,eulerian,B_structured_missing,aggressive_temporal,2026.3157894736842,w,0.8206953794996852
K3_T3-5,eulerian,B_structured_missing,aggressive_temporal,2789.4736842105262,u,2.128780537727576
K3_T3-5,eulerian,B_structured_missing,aggressive_temporal,2789.4736842105262,v,1.8665513681587316
K3_T3-5,eulerian,B_structured_missing,aggressive_temporal,2789.4736842105262,w,0.9175322117046669
K3_T3-5,eulerian,B_structured_missing,aggressive_temporal,3552.6315789473683,u,2.119723504453966
K3_T3-5,eulerian,B_structured_missing,aggressive_temporal,3552.6315789473683,v,1.9417278216140939
K3_T3-5,eulerian,B_structured_missing,aggressive_temporal,3552.6315789473683,w,0.8568431543238061
K3_T3-5,eulerian,B_structured_missing,aggressive_temporal,4315.78947368421,u,2.0789645141725743
K3_T3-5,eulerian,B_structured_missing,aggressive_temporal,4315.78947368421,v,1.953659782034637
K3_T3-5,eulerian,B_structured_missing,aggressive_temporal,4315.78947368421,w,0.7848315897956193
K3_T3-5,eulerian,B_structured_missing,aggressive_temporal,5078.9473684210525,u,1.6783343824124848
K3_T3-5,eulerian,B_structured_missing,aggressive_temporal,5078.9473684210525,v,1.9055463143528255
K3_T3-5,eulerian,B_structured_missing,aggressive_temporal,5078.9473684210525,w,0.38547258068605816
K3_T3-5,eulerian,B_structured_missing,aggressive_temporal,5842.105263157895,u,1.5419030906529212
K3_T3-5,eulerian,B_structured_missing,aggressive_temporal,5842.105263157895,v,1.5786336792743028
K3_T3-5,eulerian,B_structured_missing,aggressive_temporal,5842.105263157895,w,0.4634676465697368
K3_T3-5,eulerian,B_structured_missing,aggressive_temporal,6605.263157894737,u,nan
K3_T3-5,eulerian,B_structured_missing,aggressive_temporal,6605.263157894737,v,nan
K3_T3-5,eulerian,B_structured_missing,aggressive_temporal,6605.263157894737,w,nan
K3_T3-5,eulerian,B_structured_missing,compact_temporal,500.0,u,0.9975944553547589
K3_T3-5,eulerian,B_structured_missing,compact_temporal,500.0,v,1.238986941278745
K3_T3-5,eulerian,B_structured_missing,compact_temporal,500.0,w,0.41349820968755424
K3_T3-5,eulerian,B_structured_missing,compact_temporal,1263.157894736842,u,0.7293392822870941
K3_T3-5,eulerian,B_structured_missing,compact_temporal,1263.157894736842,v,0.919674204064524
K3_T3-5,eulerian,B_structured_missing,compact_temporal,1263.157894736842,w,0.3785886250675536
K3_T3-5,eulerian,B_structured_missing,compact_temporal,2026.3157894736842,u,0.6048617675359885
K3_T3-5,eulerian,B_structured_missing,compact_temporal,2026.3157894736842,v,0.7086755759266122
K3_T3-5,eulerian,B_structured_missing,compact_temporal,2026.3157894736842,w,0.34918868788275265
K3_T3-5,eulerian,B_structured_missing,compact_temporal,2789.4736842105262,u,0.6878262557013453
K3_T3-5,eulerian,B_structured_missing,compact_temporal,2789.4736842105262,v,0.7612953796708846
K3_T3-5,eulerian,B_structured_missing,compact_temporal,2789.4736842105262,w,0.33514933669629116
K3_T3-5,eulerian,B_structured_missing,compact_temporal,3552.6315789473683,u,0.7649011173438561
K3_T3-5,eulerian,B_structured_missing,compact_temporal,3552.6315789473683,v,0.7466788487806004
K3_T3-5,eulerian,B_structured_missing,compact_temporal,3552.6315789473683,w,0.3221605583201229
K3_T3-5,eulerian,B_structured_missing,compact_temporal,4315.78947368421,u,0.80096508108744
K3_T3-5,eulerian,B_structured_missing,compact_temporal,4315.78947368421,v,0.7490888107072812
K3_T3-5,eulerian,B_structured_missing,compact_temporal,4315.78947368421,w,0.3063941069910198
K3_T3-5,eulerian,B_structured_missing,compact_temporal,5078.9473684210525,u,0.929010397116052
K3_T3-5,eulerian,B_structured_missing,compact_temporal,5078.9473684210525,v,0.6256402717141071
K3_T3-5,eulerian,B_structured_missing,compact_temporal,5078.9473684210525,w,0.22108926066327658
K3_T3-5,eulerian,B_structured_missing,compact_temporal,5842.105263157895,u,1.2530234456764215
K3_T3-5,eulerian,B_structured_missing,compact_temporal,5842.105263157895,v,0.5407559991301963
K3_T3-5,eulerian,B_structured_missing,compact_temporal,5842.105263157895,w,0.2885956258431498
K3_T3-5,eulerian,B_structured_missing,compact_temporal,6605.263157894737,u,nan
K3_T3-5,eulerian,B_structured_missing,compact_temporal,6605.263157894737,v,nan
K3_T3-5,eulerian,B_structured_missing,compact_temporal,6605.263157894737,w,nan
K3_T3-5,eulerian,B_structured_missing,moderate_temporal,500.0,u,3.828896044406196
K3_T3-5,eulerian,B_structured_missing,moderate_temporal,500.0,v,1.2742332367880818
K3_T3-5,eulerian,B_structured_missing,moderate_temporal,500.0,w,0.24624963699308813
K3_T3-5,eulerian,B_structured_missing,moderate_temporal,1263.157894736842,u,3.176967922793805
K3_T3-5,eulerian,B_structured_missing,moderate_temporal,1263.157894736842,v,1.2789163071186453
K3_T3-5,eulerian,B_structured_missing,moderate_temporal,1263.157894736842,w,0.1977853542331511
K3_T3-5,eulerian,B_structured_missing,moderate_temporal,2026.3157894736842,u,2.2724360095627434
K3_T3-5,eulerian,B_structured_missing,moderate_temporal,2026.3157894736842,v,1.183762625493422
K3_T3-5,eulerian,B_structured_missing,moderate_temporal,2026.3157894736842,w,0.16091813973779287
K3_T3-5,eulerian,B_structured_missing,moderate_temporal,2789.4736842105262,u,0.33092164747913344
K3_T3-5,eulerian,B_structured_missing,moderate_temporal,2789.4736842105262,v,0.30805381232797496
K3_T3-5,eulerian,B_structured_missing,moderate_temporal,2789.4736842105262,w,0.09016855808375944
K3_T3-5,eulerian,B_structured_missing,moderate_temporal,3552.6315789473683,u,0.3566267949901066
K3_T3-5,eulerian,B_structured_missing,moderate_temporal,3552.6315789473683,v,0.3107017579463297
K3_T3-5,eulerian,B_structured_missing,moderate_temporal,3552.6315789473683,w,0.08624369439170881
K3_T3-5,eulerian,B_structured_missing,moderate_temporal,4315.78947368421,u,0.7458298423550106
K3_T3-5,eulerian,B_structured_missing,moderate_temporal,4315.78947368421,v,0.5962562768657995
K3_T3-5,eulerian,B_structured_missing,moderate_temporal,4315.78947368421,w,0.1088616319891579
K3_T3-5,eulerian,B_structured_missing,moderate_temporal,5078.9473684210525,u,1.3254999818170192
K3_T3-5,eulerian,B_structured_missing,moderate_temporal,5078.9473684210525,v,0.5285778429480203
K3_T3-5,eulerian,B_structured_missing,moderate_temporal,5078.9473684210525,w,0.07452676688771352
K3_T3-5,eulerian,B_structured_missing,moderate_temporal,5842.105263157895,u,1.1731969645659768
K3_T3-5,eulerian,B_structured_missing,moderate_temporal,5842.105263157895,v,0.23839988099151846
K3_T3-5,eulerian,B_structured_missing,moderate_temporal,5842.105263157895,w,0.057520587161383176
K3_T3-5,eulerian,B_structured_missing,moderate_temporal,6605.263157894737,u,nan
K3_T3-5,eulerian,B_structured_missing,moderate_temporal,6605.263157894737,v,nan
K3_T3-5,eulerian,B_structured_missing,moderate_temporal,6605.263157894737,w,nan
K3_T3-5,eulerian,B_structured_missing,compact_rt_full,500.0,u,0.4824119976378938
K3_T3-5,eulerian,B_structured_missing,compact_rt_full,500.0,v,0.5571549615525732
K3_T3-5,eulerian,B_structured_missing,compact_rt_full,500.0,w,0.10354259981052225
K3_T3-5,eulerian,B_structured_missing,compact_rt_full,1263.157894736842,u,0.39357607887286244
K3_T3-5,eulerian,B_structured_missing,compact_rt_full,1263.157894736842,v,0.36841231205534875
K3_T3-5,eulerian,B_structured_missing,compact_rt_full,1263.157894736842,w,0.10663634024344028
K3_T3-5,eulerian,B_structured_missing,compact_rt_full,2026.3157894736842,u,0.2963432315305081
K3_T3-5,eulerian,B_structured_missing,compact_rt_full,2026.3157894736842,v,0.2536672406392791
K3_T3-5,eulerian,B_structured_missing,compact_rt_full,2026.3157894736842,w,0.12236902258113685
K3_T3-5,eulerian,B_structured_missing,compact_rt_full,2789.4736842105262,u,0.28472951603580327
K3_T3-5,eulerian,B_structured_missing,compact_rt_full,2789.4736842105262,v,0.28990485976146124
K3_T3-5,eulerian,B_structured_missing,compact_rt_full,2789.4736842105262,w,0.1464058729709811
K3_T3-5,eulerian,B_structured_missing,compact_rt_full,3552.6315789473683,u,0.3285694109236706
K3_T3-5,eulerian,B_structured_missing,compact_rt_full,3552.6315789473683,v,0.30609553424187114
K3_T3-5,eulerian,B_structured_missing,compact_rt_full,3552.6315789473683,w,0.1309003661266381
K3_T3-5,eulerian,B_structured_missing,compact_rt_full,4315.78947368421,u,0.39895761466195084
K3_T3-5,eulerian,B_structured_missing,compact_rt_full,4315.78947368421,v,0.3963012203827375
K3_T3-5,eulerian,B_structured_missing,compact_rt_full,4315.78947368421,w,0.12299720869151365
K3_T3-5,eulerian,B_structured_missing,compact_rt_full,5078.9473684210525,u,0.5626725295621334
K3_T3-5,eulerian,B_structured_missing,compact_rt_full,5078.9473684210525,v,0.36389611274148054
K3_T3-5,eulerian,B_structured_missing,compact_rt_full,5078.9473684210525,w,0.07425419709068531
K3_T3-5,eulerian,B_structured_missing,compact_rt_full,5842.105263157895,u,1.3471824777626267
K3_T3-5,eulerian,B_structured_missing,compact_rt_full,5842.105263157895,v,0.2851593542467736
K3_T3-5,eulerian,B_structured_missing,compact_rt_full,5842.105263157895,w,0.060302906081214525
K3_T3-5,eulerian,B_structured_missing,compact_rt_full,6605.263157894737,u,nan
K3_T3-5,eulerian,B_structured_missing,compact_rt_full,6605.263157894737,v,nan
K3_T3-5,eulerian,B_structured_missing,compact_rt_full,6605.263157894737,w,nan
K3_T3-5,eulerian,B_structured_missing,moderate_rt_full,500.0,u,3.828896044406196
K3_T3-5,eulerian,B_structured_missing,moderate_rt_full,500.0,v,1.2742332367880818
K3_T3-5,eulerian,B_structured_missing,moderate_rt_full,500.0,w,0.24624963699308813
K3_T3-5,eulerian,B_structured_missing,moderate_rt_full,1263.157894736842,u,3.176967922793805
K3_T3-5,eulerian,B_structured_missing,moderate_rt_full,1263.157894736842,v,1.2789163071186453
K3_T3-5,eulerian,B_structured_missing,moderate_rt_full,1263.157894736842,w,0.1977853542331511
K3_T3-5,eulerian,B_structured_missing,moderate_rt_full,2026.3157894736842,u,2.2724360095627434
K3_T3-5,eulerian,B_structured_missing,moderate_rt_full,2026.3157894736842,v,1.183762625493422
K3_T3-5,eulerian,B_structured_missing,moderate_rt_full,2026.3157894736842,w,0.16091813973779287
K3_T3-5,eulerian,B_structured_missing,moderate_rt_full,2789.4736842105262,u,0.33092164747913344
K3_T3-5,eulerian,B_structured_missing,moderate_rt_full,2789.4736842105262,v,0.30805381232797496
K3_T3-5,eulerian,B_structured_missing,moderate_rt_full,2789.4736842105262,w,0.09016855808375944
K3_T3-5,eulerian,B_structured_missing,moderate_rt_full,3552.6315789473683,u,0.3566267949901066
K3_T3-5,eulerian,B_structured_missing,moderate_rt_full,3552.6315789473683,v,0.3107017579463297
K3_T3-5,eulerian,B_structured_missing,moderate_rt_full,3552.6315789473683,w,0.08624369439170881
K3_T3-5,eulerian,B_structured_missing,moderate_rt_full,4315.78947368421,u,0.7458298423550106
K3_T3-5,eulerian,B_structured_missing,moderate_rt_full,4315.78947368421,v,0.5962562768657995
K3_T3-5,eulerian,B_structured_missing,moderate_rt_full,4315.78947368421,w,0.1088616319891579
K3_T3-5,eulerian,B_structured_missing,moderate_rt_full,5078.9473684210525,u,1.3254999818170192
K3_T3-5,eulerian,B_structured_missing,moderate_rt_full,5078.9473684210525,v,0.5285778429480203
K3_T3-5,eulerian,B_structured_missing,moderate_rt_full,5078.9473684210525,w,0.07452676688771352
K3_T3-5,eulerian,B_structured_missing,moderate_rt_full,5842.105263157895,u,1.1731969645659768
K3_T3-5,eulerian,B_structured_missing,moderate_rt_full,5842.105263157895,v,0.23839988099151846
K3_T3-5,eulerian,B_structured_missing,moderate_rt_full,5842.105263157895,w,0.057520587161383176
K3_T3-5,eulerian,B_structured_missing,moderate_rt_full,6605.263157894737,u,nan
K3_T3-5,eulerian,B_structured_missing,moderate_rt_full,6605.263157894737,v,nan
K3_T3-5,eulerian,B_structured_missing,moderate_rt_full,6605.263157894737,w,nan
K3_T3-5,storm_relative,A_common_dense,aggressive_temporal,2026.3157894736842,u,1.6368952042115843
K3_T3-5,storm_relative,A_common_dense,aggressive_temporal,2026.3157894736842,v,1.2598261276705567
K3_T3-5,storm_relative,A_common_dense,aggressive_temporal,2026.3157894736842,w,0.810389561363232
K3_T3-5,storm_relative,A_common_dense,aggressive_temporal,2789.4736842105262,u,1.6197168576136867
K3_T3-5,storm_relative,A_common_dense,aggressive_temporal,2789.4736842105262,v,1.1577807291440612
K3_T3-5,storm_relative,A_common_dense,aggressive_temporal,2789.4736842105262,w,0.7294155870629846
K3_T3-5,storm_relative,A_common_dense,aggressive_temporal,3552.6315789473683,u,1.4829890260473235
K3_T3-5,storm_relative,A_common_dense,aggressive_temporal,3552.6315789473683,v,1.1012905399947617
K3_T3-5,storm_relative,A_common_dense,aggressive_temporal,3552.6315789473683,w,0.624572442423085
K3_T3-5,storm_relative,A_common_dense,aggressive_temporal,4315.78947368421,u,1.2959461755143098
K3_T3-5,storm_relative,A_common_dense,aggressive_temporal,4315.78947368421,v,1.0145415691026438
K3_T3-5,storm_relative,A_common_dense,aggressive_temporal,4315.78947368421,w,0.5036074130685992
K3_T3-5,storm_relative,A_common_dense,compact_temporal,2026.3157894736842,u,0.5384626615069042
K3_T3-5,storm_relative,A_common_dense,compact_temporal,2026.3157894736842,v,0.5355341491735923
K3_T3-5,storm_relative,A_common_dense,compact_temporal,2026.3157894736842,w,0.5343239628026926
K3_T3-5,storm_relative,A_common_dense,compact_temporal,2789.4736842105262,u,0.5162825620395325
K3_T3-5,storm_relative,A_common_dense,compact_temporal,2789.4736842105262,v,0.5288319095497066
K3_T3-5,storm_relative,A_common_dense,compact_temporal,2789.4736842105262,w,0.4630415763766102
K3_T3-5,storm_relative,A_common_dense,compact_temporal,3552.6315789473683,u,0.48923787264446417
K3_T3-5,storm_relative,A_common_dense,compact_temporal,3552.6315789473683,v,0.5684757625226668
K3_T3-5,storm_relative,A_common_dense,compact_temporal,3552.6315789473683,w,0.38501811232064304
K3_T3-5,storm_relative,A_common_dense,compact_temporal,4315.78947368421,u,0.4634842316393801
K3_T3-5,storm_relative,A_common_dense,compact_temporal,4315.78947368421,v,0.5809955594984345
K3_T3-5,storm_relative,A_common_dense,compact_temporal,4315.78947368421,w,0.30656109350989147
K3_T3-5,storm_relative,A_common_dense,moderate_temporal,2026.3157894736842,u,0.05463961147817128
K3_T3-5,storm_relative,A_common_dense,moderate_temporal,2026.3157894736842,v,0.07053274208121388
K3_T3-5,storm_relative,A_common_dense,moderate_temporal,2026.3157894736842,w,0.03449756273525919
K3_T3-5,storm_relative,A_common_dense,moderate_temporal,2789.4736842105262,u,0.05097503060367845
K3_T3-5,storm_relative,A_common_dense,moderate_temporal,2789.4736842105262,v,0.06813870624588825
K3_T3-5,storm_relative,A_common_dense,moderate_temporal,2789.4736842105262,w,0.03591316343475159
K3_T3-5,storm_relative,A_common_dense,moderate_temporal,3552.6315789473683,u,0.049434374281299195
K3_T3-5,storm_relative,A_common_dense,moderate_temporal,3552.6315789473683,v,0.06948671658594333
K3_T3-5,storm_relative,A_common_dense,moderate_temporal,3552.6315789473683,w,0.035226085134607524
K3_T3-5,storm_relative,A_common_dense,moderate_temporal,4315.78947368421,u,0.04700841723342762
K3_T3-5,storm_relative,A_common_dense,moderate_temporal,4315.78947368421,v,0.06709804865193358
K3_T3-5,storm_relative,A_common_dense,moderate_temporal,4315.78947368421,w,0.03374601971488058
K3_T3-5,storm_relative,A_common_dense,compact_rt_full,2026.3157894736842,u,0.4651776131255005
K3_T3-5,storm_relative,A_common_dense,compact_rt_full,2026.3157894736842,v,0.42245913310239275
K3_T3-5,storm_relative,A_common_dense,compact_rt_full,2026.3157894736842,w,0.3935349260678405
K3_T3-5,storm_relative,A_common_dense,compact_rt_full,2789.4736842105262,u,0.3934610971384247
K3_T3-5,storm_relative,A_common_dense,compact_rt_full,2789.4736842105262,v,0.45697729500276263
K3_T3-5,storm_relative,A_common_dense,compact_rt_full,2789.4736842105262,w,0.3296128968442353
K3_T3-5,storm_relative,A_common_dense,compact_rt_full,3552.6315789473683,u,0.3285168862368036
K3_T3-5,storm_relative,A_common_dense,compact_rt_full,3552.6315789473683,v,0.4856125289522668
K3_T3-5,storm_relative,A_common_dense,compact_rt_full,3552.6315789473683,w,0.2656521867751363
K3_T3-5,storm_relative,A_common_dense,compact_rt_full,4315.78947368421,u,0.2947919520406317
K3_T3-5,storm_relative,A_common_dense,compact_rt_full,4315.78947368421,v,0.4833870968655603
K3_T3-5,storm_relative,A_common_dense,compact_rt_full,4315.78947368421,w,0.20881956028310888
K3_T3-5,storm_relative,A_common_dense,moderate_rt_full,2026.3157894736842,u,0.05463961147817128
K3_T3-5,storm_relative,A_common_dense,moderate_rt_full,2026.3157894736842,v,0.07053274208121388
K3_T3-5,storm_relative,A_common_dense,moderate_rt_full,2026.3157894736842,w,0.03449756273525919
K3_T3-5,storm_relative,A_common_dense,moderate_rt_full,2789.4736842105262,u,0.05097503060367845
K3_T3-5,storm_relative,A_common_dense,moderate_rt_full,2789.4736842105262,v,0.06813870624588825
K3_T3-5,storm_relative,A_common_dense,moderate_rt_full,2789.4736842105262,w,0.03591316343475159
K3_T3-5,storm_relative,A_common_dense,moderate_rt_full,3552.6315789473683,u,0.049434374281299195
K3_T3-5,storm_relative,A_common_dense,moderate_rt_full,3552.6315789473683,v,0.06948671658594333
K3_T3-5,storm_relative,A_common_dense,moderate_rt_full,3552.6315789473683,w,0.035226085134607524
K3_T3-5,storm_relative,A_common_dense,moderate_rt_full,4315.78947368421,u,0.04700841723342762
K3_T3-5,storm_relative,A_common_dense,moderate_rt_full,4315.78947368421,v,0.06709804865193358
K3_T3-5,storm_relative,A_common_dense,moderate_rt_full,4315.78947368421,w,0.03374601971488058
K3_T3-5,storm_relative,B_structured_missing,aggressive_temporal,500.0,u,1.9375552942284708
K3_T3-5,storm_relative,B_structured_missing,aggressive_temporal,500.0,v,2.4523010545115254
K3_T3-5,storm_relative,B_structured_missing,aggressive_temporal,500.0,w,0.9036672852748534
K3_T3-5,storm_relative,B_structured_missing,aggressive_temporal,1263.157894736842,u,1.7281151113673918
K3_T3-5,storm_relative,B_structured_missing,aggressive_temporal,1263.157894736842,v,1.733184961828951
K3_T3-5,storm_relative,B_structured_missing,aggressive_temporal,1263.157894736842,w,0.8425941277993282
K3_T3-5,storm_relative,B_structured_missing,aggressive_temporal,2026.3157894736842,u,1.6814584089239255
K3_T3-5,storm_relative,B_structured_missing,aggressive_temporal,2026.3157894736842,v,1.33519408061642
K3_T3-5,storm_relative,B_structured_missing,aggressive_temporal,2026.3157894736842,w,0.8197201252617469
K3_T3-5,storm_relative,B_structured_missing,aggressive_temporal,2789.4736842105262,u,1.6382756778682537
K3_T3-5,storm_relative,B_structured_missing,aggressive_temporal,2789.4736842105262,v,1.305059336241811
K3_T3-5,storm_relative,B_structured_missing,aggressive_temporal,2789.4736842105262,w,0.861632250707483
K3_T3-5,storm_relative,B_structured_missing,aggressive_temporal,3552.6315789473683,u,1.5825515507322427
K3_T3-5,storm_relative,B_structured_missing,aggressive_temporal,3552.6315789473683,v,1.3542393081770965
K3_T3-5,storm_relative,B_structured_missing,aggressive_temporal,3552.6315789473683,w,0.7722579630984826
K3_T3-5,storm_relative,B_structured_missing,aggressive_temporal,4315.78947368421,u,1.5320800684942588
K3_T3-5,storm_relative,B_structured_missing,aggressive_temporal,4315.78947368421,v,1.2802498354137002
K3_T3-5,storm_relative,B_structured_missing,aggressive_temporal,4315.78947368421,w,0.7020452510308844
K3_T3-5,storm_relative,B_structured_missing,aggressive_temporal,5078.9473684210525,u,1.9676129975256769
K3_T3-5,storm_relative,B_structured_missing,aggressive_temporal,5078.9473684210525,v,1.4517374475341538
K3_T3-5,storm_relative,B_structured_missing,aggressive_temporal,5078.9473684210525,w,0.39427378447861017
K3_T3-5,storm_relative,B_structured_missing,aggressive_temporal,5842.105263157895,u,2.5902483741463387
K3_T3-5,storm_relative,B_structured_missing,aggressive_temporal,5842.105263157895,v,0.7194161914469754
K3_T3-5,storm_relative,B_structured_missing,aggressive_temporal,5842.105263157895,w,0.25729653223827464
K3_T3-5,storm_relative,B_structured_missing,aggressive_temporal,6605.263157894737,u,nan
K3_T3-5,storm_relative,B_structured_missing,aggressive_temporal,6605.263157894737,v,nan
K3_T3-5,storm_relative,B_structured_missing,aggressive_temporal,6605.263157894737,w,nan
K3_T3-5,storm_relative,B_structured_missing,compact_temporal,500.0,u,0.8580413327498789
K3_T3-5,storm_relative,B_structured_missing,compact_temporal,500.0,v,1.2584590435672853
K3_T3-5,storm_relative,B_structured_missing,compact_temporal,500.0,w,0.44844631399820223
K3_T3-5,storm_relative,B_structured_missing,compact_temporal,1263.157894736842,u,0.6564320800601045
K3_T3-5,storm_relative,B_structured_missing,compact_temporal,1263.157894736842,v,0.9053271126061407
K3_T3-5,storm_relative,B_structured_missing,compact_temporal,1263.157894736842,w,0.43099175035145587
K3_T3-5,storm_relative,B_structured_missing,compact_temporal,2026.3157894736842,u,0.5671691080250152
K3_T3-5,storm_relative,B_structured_missing,compact_temporal,2026.3157894736842,v,0.6698299961810191
K3_T3-5,storm_relative,B_structured_missing,compact_temporal,2026.3157894736842,w,0.41585849914009243
K3_T3-5,storm_relative,B_structured_missing,compact_temporal,2789.4736842105262,u,0.6137842087977021
K3_T3-5,storm_relative,B_structured_missing,compact_temporal,2789.4736842105262,v,0.6637155458701426
K3_T3-5,storm_relative,B_structured_missing,compact_temporal,2789.4736842105262,w,0.40093670893277983
K3_T3-5,storm_relative,B_structured_missing,compact_temporal,3552.6315789473683,u,0.6968668048106786
K3_T3-5,storm_relative,B_structured_missing,compact_temporal,3552.6315789473683,v,0.6803505544887998
K3_T3-5,storm_relative,B_structured_missing,compact_temporal,3552.6315789473683,w,0.3631220205519111
K3_T3-5,storm_relative,B_structured_missing,compact_temporal,4315.78947368421,u,0.7458248797689228
K3_T3-5,storm_relative,B_structured_missing,compact_temporal,4315.78947368421,v,0.7099251757196882
K3_T3-5,storm_relative,B_structured_missing,compact_temporal,4315.78947368421,w,0.32586225094444177
K3_T3-5,storm_relative,B_structured_missing,compact_temporal,5078.9473684210525,u,0.7929911112099434
K3_T3-5,storm_relative,B_structured_missing,compact_temporal,5078.9473684210525,v,0.693329433835701
K3_T3-5,storm_relative,B_structured_missing,compact_temporal,5078.9473684210525,w,0.17113086005266187
K3_T3-5,storm_relative,B_structured_missing,compact_temporal,5842.105263157895,u,1.21470078062647
K3_T3-5,storm_relative,B_structured_missing,compact_temporal,5842.105263157895,v,0.4101310826763782
K3_T3-5,storm_relative,B_structured_missing,compact_temporal,5842.105263157895,w,0.18244667900690345
K3_T3-5,storm_relative,B_structured_missing,compact_temporal,6605.263157894737,u,nan
K3_T3-5,storm_relative,B_structured_missing,compact_temporal,6605.263157894737,v,nan
K3_T3-5,storm_relative,B_structured_missing,compact_temporal,6605.263157894737,w,nan
K3_T3-5,storm_relative,B_structured_missing,moderate_temporal,500.0,u,3.8057130986823173
K3_T3-5,storm_relative,B_structured_missing,moderate_temporal,500.0,v,1.2532297050943044
K3_T3-5,storm_relative,B_structured_missing,moderate_temporal,500.0,w,0.27284219480337457
K3_T3-5,storm_relative,B_structured_missing,moderate_temporal,1263.157894736842,u,3.248497671223698
K3_T3-5,storm_relative,B_structured_missing,moderate_temporal,1263.157894736842,v,1.26748883063909
K3_T3-5,storm_relative,B_structured_missing,moderate_temporal,1263.157894736842,w,0.22374805048999008
K3_T3-5,storm_relative,B_structured_missing,moderate_temporal,2026.3157894736842,u,2.1180980124923456
K3_T3-5,storm_relative,B_structured_missing,moderate_temporal,2026.3157894736842,v,1.1668745223918364
K3_T3-5,storm_relative,B_structured_missing,moderate_temporal,2026.3157894736842,w,0.18193174325249095
K3_T3-5,storm_relative,B_structured_missing,moderate_temporal,2789.4736842105262,u,0.3467226067659282
K3_T3-5,storm_relative,B_structured_missing,moderate_temporal,2789.4736842105262,v,0.30281520686418395
K3_T3-5,storm_relative,B_structured_missing,moderate_temporal,2789.4736842105262,w,0.09162402512377205
K3_T3-5,storm_relative,B_structured_missing,moderate_temporal,3552.6315789473683,u,0.37455714708266763
K3_T3-5,storm_relative,B_structured_missing,moderate_temporal,3552.6315789473683,v,0.3326121585081847
K3_T3-5,storm_relative,B_structured_missing,moderate_temporal,3552.6315789473683,w,0.09155864596592203
K3_T3-5,storm_relative,B_structured_missing,moderate_temporal,4315.78947368421,u,0.8860817886066078
K3_T3-5,storm_relative,B_structured_missing,moderate_temporal,4315.78947368421,v,0.7661820013922033
K3_T3-5,storm_relative,B_structured_missing,moderate_temporal,4315.78947368421,w,0.1368272350979083
K3_T3-5,storm_relative,B_structured_missing,moderate_temporal,5078.9473684210525,u,1.3745400041569589
K3_T3-5,storm_relative,B_structured_missing,moderate_temporal,5078.9473684210525,v,0.541771654529051
K3_T3-5,storm_relative,B_structured_missing,moderate_temporal,5078.9473684210525,w,0.10335984351387614
K3_T3-5,storm_relative,B_structured_missing,moderate_temporal,5842.105263157895,u,1.2533039834884783
K3_T3-5,storm_relative,B_structured_missing,moderate_temporal,5842.105263157895,v,0.12230353658929265
K3_T3-5,storm_relative,B_structured_missing,moderate_temporal,5842.105263157895,w,0.07867981056409781
K3_T3-5,storm_relative,B_structured_missing,moderate_temporal,6605.263157894737,u,nan
K3_T3-5,storm_relative,B_structured_missing,moderate_temporal,6605.263157894737,v,nan
K3_T3-5,storm_relative,B_structured_missing,moderate_temporal,6605.263157894737,w,nan
K3_T3-5,storm_relative,B_structured_missing,compact_rt_full,500.0,u,0.5263857740233754
K3_T3-5,storm_relative,B_structured_missing,compact_rt_full,500.0,v,0.5504772467682517
K3_T3-5,storm_relative,B_structured_missing,compact_rt_full,500.0,w,0.11545413224175896
K3_T3-5,storm_relative,B_structured_missing,compact_rt_full,1263.157894736842,u,0.4484060528015309
K3_T3-5,storm_relative,B_structured_missing,compact_rt_full,1263.157894736842,v,0.3712278716276665
K3_T3-5,storm_relative,B_structured_missing,compact_rt_full,1263.157894736842,w,0.11639207697161855
K3_T3-5,storm_relative,B_structured_missing,compact_rt_full,2026.3157894736842,u,0.3390434990306647
K3_T3-5,storm_relative,B_structured_missing,compact_rt_full,2026.3157894736842,v,0.244975514699917
K3_T3-5,storm_relative,B_structured_missing,compact_rt_full,2026.3157894736842,w,0.12005170081266912
K3_T3-5,storm_relative,B_structured_missing,compact_rt_full,2789.4736842105262,u,0.2997252319422809
K3_T3-5,storm_relative,B_structured_missing,compact_rt_full,2789.4736842105262,v,0.2904835442385654
K3_T3-5,storm_relative,B_structured_missing,compact_rt_full,2789.4736842105262,w,0.1404024285430504
K3_T3-5,storm_relative,B_structured_missing,compact_rt_full,3552.6315789473683,u,0.36683553756029563
K3_T3-5,storm_relative,B_structured_missing,compact_rt_full,3552.6315789473683,v,0.3260653240866769
K3_T3-5,storm_relative,B_structured_missing,compact_rt_full,3552.6315789473683,w,0.12090204065345893
K3_T3-5,storm_relative,B_structured_missing,compact_rt_full,4315.78947368421,u,0.4494806245509303
K3_T3-5,storm_relative,B_structured_missing,compact_rt_full,4315.78947368421,v,0.4167642418805209
K3_T3-5,storm_relative,B_structured_missing,compact_rt_full,4315.78947368421,w,0.12000628595091091
K3_T3-5,storm_relative,B_structured_missing,compact_rt_full,5078.9473684210525,u,0.678709661817971
K3_T3-5,storm_relative,B_structured_missing,compact_rt_full,5078.9473684210525,v,0.42137588557661654
K3_T3-5,storm_relative,B_structured_missing,compact_rt_full,5078.9473684210525,w,0.08421248730508797
K3_T3-5,storm_relative,B_structured_missing,compact_rt_full,5842.105263157895,u,0.9220087754104809
K3_T3-5,storm_relative,B_structured_missing,compact_rt_full,5842.105263157895,v,0.15521275588751504
K3_T3-5,storm_relative,B_structured_missing,compact_rt_full,5842.105263157895,w,0.044200807167991345
K3_T3-5,storm_relative,B_structured_missing,compact_rt_full,6605.263157894737,u,nan
K3_T3-5,storm_relative,B_structured_missing,compact_rt_full,6605.263157894737,v,nan
K3_T3-5,storm_relative,B_structured_missing,compact_rt_full,6605.263157894737,w,nan
K3_T3-5,storm_relative,B_structured_missing,moderate_rt_full,500.0,u,3.8057130986823173
K3_T3-5,storm_relative,B_structured_missing,moderate_rt_full,500.0,v,1.2532297050943044
K3_T3-5,storm_relative,B_structured_missing,moderate_rt_full,500.0,w,0.27284219480337457
K3_T3-5,storm_relative,B_structured_missing,moderate_rt_full,1263.157894736842,u,3.248497671223698
K3_T3-5,storm_relative,B_structured_missing,moderate_rt_full,1263.157894736842,v,1.26748883063909
K3_T3-5,storm_relative,B_structured_missing,moderate_rt_full,1263.157894736842,w,0.22374805048999008
K3_T3-5,storm_relative,B_structured_missing,moderate_rt_full,2026.3157894736842,u,2.1180980124923456
K3_T3-5,storm_relative,B_structured_missing,moderate_rt_full,2026.3157894736842,v,1.1668745223918364
K3_T3-5,storm_relative,B_structured_missing,moderate_rt_full,2026.3157894736842,w,0.18193174325249095
K3_T3-5,storm_relative,B_structured_missing,moderate_rt_full,2789.4736842105262,u,0.3467226067659282
K3_T3-5,storm_relative,B_structured_missing,moderate_rt_full,2789.4736842105262,v,0.30281520686418395
K3_T3-5,storm_relative,B_structured_missing,moderate_rt_full,2789.4736842105262,w,0.09162402512377205
K3_T3-5,storm_relative,B_structured_missing,moderate_rt_full,3552.6315789473683,u,0.37455714708266763
K3_T3-5,storm_relative,B_structured_missing,moderate_rt_full,3552.6315789473683,v,0.3326121585081847
K3_T3-5,storm_relative,B_structured_missing,moderate_rt_full,3552.6315789473683,w,0.09155864596592203
K3_T3-5,storm_relative,B_structured_missing,moderate_rt_full,4315.78947368421,u,0.8860817886066078
K3_T3-5,storm_relative,B_structured_missing,moderate_rt_full,4315.78947368421,v,0.7661820013922033
K3_T3-5,storm_relative,B_structured_missing,moderate_rt_full,4315.78947368421,w,0.1368272350979083
K3_T3-5,storm_relative,B_structured_missing,moderate_rt_full,5078.9473684210525,u,1.3745400041569589
K3_T3-5,storm_relative,B_structured_missing,moderate_rt_full,5078.9473684210525,v,0.541771654529051
K3_T3-5,storm_relative,B_structured_missing,moderate_rt_full,5078.9473684210525,w,0.10335984351387614
K3_T3-5,storm_relative,B_structured_missing,moderate_rt_full,5842.105263157895,u,1.2533039834884783
K3_T3-5,storm_relative,B_structured_missing,moderate_rt_full,5842.105263157895,v,0.12230353658929265
K3_T3-5,storm_relative,B_structured_missing,moderate_rt_full,5842.105263157895,w,0.07867981056409781
K3_T3-5,storm_relative,B_structured_missing,moderate_rt_full,6605.263157894737,u,nan
K3_T3-5,storm_relative,B_structured_missing,moderate_rt_full,6605.263157894737,v,nan
K3_T3-5,storm_relative,B_structured_missing,moderate_rt_full,6605.263157894737,w,nan
K3_T4-6,eulerian,A_common_dense,aggressive_temporal,1263.157894736842,u,2.103690259035476
K3_T4-6,eulerian,A_common_dense,aggressive_temporal,1263.157894736842,v,2.854521397616973
K3_T4-6,eulerian,A_common_dense,aggressive_temporal,1263.157894736842,w,1.2411196686121193
K3_T4-6,eulerian,A_common_dense,aggressive_temporal,2026.3157894736842,u,2.827350488475536
K3_T4-6,eulerian,A_common_dense,aggressive_temporal,2026.3157894736842,v,2.6400432233625497
K3_T4-6,eulerian,A_common_dense,aggressive_temporal,2026.3157894736842,w,1.1318567837140596
K3_T4-6,eulerian,A_common_dense,aggressive_temporal,2789.4736842105262,u,3.29241391554565
K3_T4-6,eulerian,A_common_dense,aggressive_temporal,2789.4736842105262,v,2.562156603606486
K3_T4-6,eulerian,A_common_dense,aggressive_temporal,2789.4736842105262,w,1.0759047499013816
K3_T4-6,eulerian,A_common_dense,aggressive_temporal,3552.6315789473683,u,3.37771971827137
K3_T4-6,eulerian,A_common_dense,aggressive_temporal,3552.6315789473683,v,2.3892311928020904
K3_T4-6,eulerian,A_common_dense,aggressive_temporal,3552.6315789473683,w,0.9332718377906896
K3_T4-6,eulerian,A_common_dense,aggressive_temporal,4315.78947368421,u,3.1291886825096094
K3_T4-6,eulerian,A_common_dense,aggressive_temporal,4315.78947368421,v,2.1055008231519188
K3_T4-6,eulerian,A_common_dense,aggressive_temporal,4315.78947368421,w,0.7163543566214516
K3_T4-6,eulerian,A_common_dense,aggressive_temporal,5078.9473684210525,u,2.6833030198307006
K3_T4-6,eulerian,A_common_dense,aggressive_temporal,5078.9473684210525,v,1.822969082252342
K3_T4-6,eulerian,A_common_dense,aggressive_temporal,5078.9473684210525,w,0.58452999785927
K3_T4-6,eulerian,A_common_dense,compact_temporal,1263.157894736842,u,0.45828618916060826
K3_T4-6,eulerian,A_common_dense,compact_temporal,1263.157894736842,v,0.6338338171277653
K3_T4-6,eulerian,A_common_dense,compact_temporal,1263.157894736842,w,0.681318495206144
K3_T4-6,eulerian,A_common_dense,compact_temporal,2026.3157894736842,u,0.4485514117371249
K3_T4-6,eulerian,A_common_dense,compact_temporal,2026.3157894736842,v,0.6752190177006324
K3_T4-6,eulerian,A_common_dense,compact_temporal,2026.3157894736842,w,0.6548672457103242
K3_T4-6,eulerian,A_common_dense,compact_temporal,2789.4736842105262,u,0.46535112700798115
K3_T4-6,eulerian,A_common_dense,compact_temporal,2789.4736842105262,v,0.7544526184388783
K3_T4-6,eulerian,A_common_dense,compact_temporal,2789.4736842105262,w,0.5933667602797734
K3_T4-6,eulerian,A_common_dense,compact_temporal,3552.6315789473683,u,0.45562555081689227
K3_T4-6,eulerian,A_common_dense,compact_temporal,3552.6315789473683,v,0.7856685764412804
K3_T4-6,eulerian,A_common_dense,compact_temporal,3552.6315789473683,w,0.5005688175465093
K3_T4-6,eulerian,A_common_dense,compact_temporal,4315.78947368421,u,0.4625662889715273
K3_T4-6,eulerian,A_common_dense,compact_temporal,4315.78947368421,v,0.7548615659328441
K3_T4-6,eulerian,A_common_dense,compact_temporal,4315.78947368421,w,0.385737354239938
K3_T4-6,eulerian,A_common_dense,compact_temporal,5078.9473684210525,u,0.5903103135232443
K3_T4-6,eulerian,A_common_dense,compact_temporal,5078.9473684210525,v,0.6705135051662932
K3_T4-6,eulerian,A_common_dense,compact_temporal,5078.9473684210525,w,0.2625123327526134
K3_T4-6,eulerian,A_common_dense,moderate_temporal,1263.157894736842,u,0.04378703936986086
K3_T4-6,eulerian,A_common_dense,moderate_temporal,1263.157894736842,v,0.06861994373680402
K3_T4-6,eulerian,A_common_dense,moderate_temporal,1263.157894736842,w,0.03249181660222173
K3_T4-6,eulerian,A_common_dense,moderate_temporal,2026.3157894736842,u,0.03841169753755016
K3_T4-6,eulerian,A_common_dense,moderate_temporal,2026.3157894736842,v,0.05303020542797148
K3_T4-6,eulerian,A_common_dense,moderate_temporal,2026.3157894736842,w,0.04088567080165354
K3_T4-6,eulerian,A_common_dense,moderate_temporal,2789.4736842105262,u,0.040337541587550846
K3_T4-6,eulerian,A_common_dense,moderate_temporal,2789.4736842105262,v,0.04986313287478534
K3_T4-6,eulerian,A_common_dense,moderate_temporal,2789.4736842105262,w,0.04375164443614611
K3_T4-6,eulerian,A_common_dense,moderate_temporal,3552.6315789473683,u,0.04140606004180255
K3_T4-6,eulerian,A_common_dense,moderate_temporal,3552.6315789473683,v,0.05010170520960011
K3_T4-6,eulerian,A_common_dense,moderate_temporal,3552.6315789473683,w,0.04097730181636357
K3_T4-6,eulerian,A_common_dense,moderate_temporal,4315.78947368421,u,0.03953873859145419
K3_T4-6,eulerian,A_common_dense,moderate_temporal,4315.78947368421,v,0.04866661914665936
K3_T4-6,eulerian,A_common_dense,moderate_temporal,4315.78947368421,w,0.03490274389023399
K3_T4-6,eulerian,A_common_dense,moderate_temporal,5078.9473684210525,u,0.03545057130283034
K3_T4-6,eulerian,A_common_dense,moderate_temporal,5078.9473684210525,v,0.044421879055384694
K3_T4-6,eulerian,A_common_dense,moderate_temporal,5078.9473684210525,w,0.0294450354578096
K3_T4-6,eulerian,A_common_dense,compact_rt_full,1263.157894736842,u,0.39230904128907884
K3_T4-6,eulerian,A_common_dense,compact_rt_full,1263.157894736842,v,0.29486941067120925
K3_T4-6,eulerian,A_common_dense,compact_rt_full,1263.157894736842,w,0.4260400755279338
K3_T4-6,eulerian,A_common_dense,compact_rt_full,2026.3157894736842,u,0.390039177585176
K3_T4-6,eulerian,A_common_dense,compact_rt_full,2026.3157894736842,v,0.39652960472086246
K3_T4-6,eulerian,A_common_dense,compact_rt_full,2026.3157894736842,w,0.4255782949367023
K3_T4-6,eulerian,A_common_dense,compact_rt_full,2789.4736842105262,u,0.39777809498190375
K3_T4-6,eulerian,A_common_dense,compact_rt_full,2789.4736842105262,v,0.5457251750053763
K3_T4-6,eulerian,A_common_dense,compact_rt_full,2789.4736842105262,w,0.39433451589201884
K3_T4-6,eulerian,A_common_dense,compact_rt_full,3552.6315789473683,u,0.39965214417480827
K3_T4-6,eulerian,A_common_dense,compact_rt_full,3552.6315789473683,v,0.6200565355462722
K3_T4-6,eulerian,A_common_dense,compact_rt_full,3552.6315789473683,w,0.3336212033274988
K3_T4-6,eulerian,A_common_dense,compact_rt_full,4315.78947368421,u,0.3970714618860149
K3_T4-6,eulerian,A_common_dense,compact_rt_full,4315.78947368421,v,0.6180803505624848
K3_T4-6,eulerian,A_common_dense,compact_rt_full,4315.78947368421,w,0.25138966505064275
K3_T4-6,eulerian,A_common_dense,compact_rt_full,5078.9473684210525,u,0.3989262199396019
K3_T4-6,eulerian,A_common_dense,compact_rt_full,5078.9473684210525,v,0.5543041914443596
K3_T4-6,eulerian,A_common_dense,compact_rt_full,5078.9473684210525,w,0.16064675586602412
K3_T4-6,eulerian,A_common_dense,moderate_rt_full,1263.157894736842,u,0.04378703936986086
K3_T4-6,eulerian,A_common_dense,moderate_rt_full,1263.157894736842,v,0.06861994373680402
K3_T4-6,eulerian,A_common_dense,moderate_rt_full,1263.157894736842,w,0.03249181660222173
K3_T4-6,eulerian,A_common_dense,moderate_rt_full,2026.3157894736842,u,0.03841169753755016
K3_T4-6,eulerian,A_common_dense,moderate_rt_full,2026.3157894736842,v,0.05303020542797148
K3_T4-6,eulerian,A_common_dense,moderate_rt_full,2026.3157894736842,w,0.04088567080165354
K3_T4-6,eulerian,A_common_dense,moderate_rt_full,2789.4736842105262,u,0.040337541587550846
K3_T4-6,eulerian,A_common_dense,moderate_rt_full,2789.4736842105262,v,0.04986313287478534
K3_T4-6,eulerian,A_common_dense,moderate_rt_full,2789.4736842105262,w,0.04375164443614611
K3_T4-6,eulerian,A_common_dense,moderate_rt_full,3552.6315789473683,u,0.04140606004180255
K3_T4-6,eulerian,A_common_dense,moderate_rt_full,3552.6315789473683,v,0.05010170520960011
K3_T4-6,eulerian,A_common_dense,moderate_rt_full,3552.6315789473683,w,0.04097730181636357
K3_T4-6,eulerian,A_common_dense,moderate_rt_full,4315.78947368421,u,0.03953873859145419
K3_T4-6,eulerian,A_common_dense,moderate_rt_full,4315.78947368421,v,0.04866661914665936
K3_T4-6,eulerian,A_common_dense,moderate_rt_full,4315.78947368421,w,0.03490274389023399
K3_T4-6,eulerian,A_common_dense,moderate_rt_full,5078.9473684210525,u,0.03545057130283034
K3_T4-6,eulerian,A_common_dense,moderate_rt_full,5078.9473684210525,v,0.044421879055384694
K3_T4-6,eulerian,A_common_dense,moderate_rt_full,5078.9473684210525,w,0.0294450354578096
K3_T4-6,eulerian,B_structured_missing,aggressive_temporal,500.0,u,1.9705098473362284
K3_T4-6,eulerian,B_structured_missing,aggressive_temporal,500.0,v,2.7927133348671465
K3_T4-6,eulerian,B_structured_missing,aggressive_temporal,500.0,w,0.8774151864682952
K3_T4-6,eulerian,B_structured_missing,aggressive_temporal,1263.157894736842,u,1.8281690455363242
K3_T4-6,eulerian,B_structured_missing,aggressive_temporal,1263.157894736842,v,2.0628185909804087
K3_T4-6,eulerian,B_structured_missing,aggressive_temporal,1263.157894736842,w,0.8541597843849356
K3_T4-6,eulerian,B_structured_missing,aggressive_temporal,2026.3157894736842,u,2.1756058468168256
K3_T4-6,eulerian,B_structured_missing,aggressive_temporal,2026.3157894736842,v,1.7591559040671063
K3_T4-6,eulerian,B_structured_missing,aggressive_temporal,2026.3157894736842,w,0.8330276103963817
K3_T4-6,eulerian,B_structured_missing,aggressive_temporal,2789.4736842105262,u,2.432552934338001
K3_T4-6,eulerian,B_structured_missing,aggressive_temporal,2789.4736842105262,v,1.7802101118089761
K3_T4-6,eulerian,B_structured_missing,aggressive_temporal,2789.4736842105262,w,0.803304628716739
K3_T4-6,eulerian,B_structured_missing,aggressive_temporal,3552.6315789473683,u,2.302787437542623
K3_T4-6,eulerian,B_structured_missing,aggressive_temporal,3552.6315789473683,v,1.7635628530496557
K3_T4-6,eulerian,B_structured_missing,aggressive_temporal,3552.6315789473683,w,0.7176970119462254
K3_T4-6,eulerian,B_structured_missing,aggressive_temporal,4315.78947368421,u,2.040142701367588
K3_T4-6,eulerian,B_structured_missing,aggressive_temporal,4315.78947368421,v,1.6388250727599665
K3_T4-6,eulerian,B_structured_missing,aggressive_temporal,4315.78947368421,w,0.6036520431972766
K3_T4-6,eulerian,B_structured_missing,aggressive_temporal,5078.9473684210525,u,1.615637539084798
K3_T4-6,eulerian,B_structured_missing,aggressive_temporal,5078.9473684210525,v,1.6130563118237453
K3_T4-6,eulerian,B_structured_missing,aggressive_temporal,5078.9473684210525,w,0.4338117926450764
K3_T4-6,eulerian,B_structured_missing,aggressive_temporal,5842.105263157895,u,3.4689953377433125
K3_T4-6,eulerian,B_structured_missing,aggressive_temporal,5842.105263157895,v,1.6331386139406467
K3_T4-6,eulerian,B_structured_missing,aggressive_temporal,5842.105263157895,w,0.2896058513041062
K3_T4-6,eulerian,B_structured_missing,aggressive_temporal,6605.263157894737,u,nan
K3_T4-6,eulerian,B_structured_missing,aggressive_temporal,6605.263157894737,v,nan
K3_T4-6,eulerian,B_structured_missing,aggressive_temporal,6605.263157894737,w,nan
K3_T4-6,eulerian,B_structured_missing,compact_temporal,500.0,u,1.0048577590220218
K3_T4-6,eulerian,B_structured_missing,compact_temporal,500.0,v,1.0142121052163797
K3_T4-6,eulerian,B_structured_missing,compact_temporal,500.0,w,0.5146223180720461
K3_T4-6,eulerian,B_structured_missing,compact_temporal,1263.157894736842,u,0.6857652209914562
K3_T4-6,eulerian,B_structured_missing,compact_temporal,1263.157894736842,v,0.7959241832358513
K3_T4-6,eulerian,B_structured_missing,compact_temporal,1263.157894736842,w,0.4752946681534933
K3_T4-6,eulerian,B_structured_missing,compact_temporal,2026.3157894736842,u,0.6123462187614592
K3_T4-6,eulerian,B_structured_missing,compact_temporal,2026.3157894736842,v,0.6890027435135111
K3_T4-6,eulerian,B_structured_missing,compact_temporal,2026.3157894736842,w,0.44353549307945667
K3_T4-6,eulerian,B_structured_missing,compact_temporal,2789.4736842105262,u,0.6599965671079292
K3_T4-6,eulerian,B_structured_missing,compact_temporal,2789.4736842105262,v,0.7639301065095965
K3_T4-6,eulerian,B_structured_missing,compact_temporal,2789.4736842105262,w,0.40836112385585127
K3_T4-6,eulerian,B_structured_missing,compact_temporal,3552.6315789473683,u,0.687111587096903
K3_T4-6,eulerian,B_structured_missing,compact_temporal,3552.6315789473683,v,0.7922476122647095
K3_T4-6,eulerian,B_structured_missing,compact_temporal,3552.6315789473683,w,0.34651740899742034
K3_T4-6,eulerian,B_structured_missing,compact_temporal,4315.78947368421,u,0.651149818343493
K3_T4-6,eulerian,B_structured_missing,compact_temporal,4315.78947368421,v,0.7485892239391155
K3_T4-6,eulerian,B_structured_missing,compact_temporal,4315.78947368421,w,0.2922308349617508
K3_T4-6,eulerian,B_structured_missing,compact_temporal,5078.9473684210525,u,0.6769808091973987
K3_T4-6,eulerian,B_structured_missing,compact_temporal,5078.9473684210525,v,0.5641808442531854
K3_T4-6,eulerian,B_structured_missing,compact_temporal,5078.9473684210525,w,0.2304245194349391
K3_T4-6,eulerian,B_structured_missing,compact_temporal,5842.105263157895,u,1.4291579924415887
K3_T4-6,eulerian,B_structured_missing,compact_temporal,5842.105263157895,v,0.5102004900374303
K3_T4-6,eulerian,B_structured_missing,compact_temporal,5842.105263157895,w,0.07562107128584127
K3_T4-6,eulerian,B_structured_missing,compact_temporal,6605.263157894737,u,nan
K3_T4-6,eulerian,B_structured_missing,compact_temporal,6605.263157894737,v,nan
K3_T4-6,eulerian,B_structured_missing,compact_temporal,6605.263157894737,w,nan
K3_T4-6,eulerian,B_structured_missing,moderate_temporal,500.0,u,3.885652670139775
K3_T4-6,eulerian,B_structured_missing,moderate_temporal,500.0,v,1.1933339629094404
K3_T4-6,eulerian,B_structured_missing,moderate_temporal,500.0,w,0.2014561293380619
K3_T4-6,eulerian,B_structured_missing,moderate_temporal,1263.157894736842,u,3.37547768142369
K3_T4-6,eulerian,B_structured_missing,moderate_temporal,1263.157894736842,v,1.240429871500362
K3_T4-6,eulerian,B_structured_missing,moderate_temporal,1263.157894736842,w,0.16361512146940493
K3_T4-6,eulerian,B_structured_missing,moderate_temporal,2026.3157894736842,u,2.661339939922603
K3_T4-6,eulerian,B_structured_missing,moderate_temporal,2026.3157894736842,v,1.1966169519806171
K3_T4-6,eulerian,B_structured_missing,moderate_temporal,2026.3157894736842,w,0.14673541782697677
K3_T4-6,eulerian,B_structured_missing,moderate_temporal,2789.4736842105262,u,0.5544308796118064
K3_T4-6,eulerian,B_structured_missing,moderate_temporal,2789.4736842105262,v,0.43025438105282915
K3_T4-6,eulerian,B_structured_missing,moderate_temporal,2789.4736842105262,w,0.09315451966874198
K3_T4-6,eulerian,B_structured_missing,moderate_temporal,3552.6315789473683,u,0.39168791977182005
K3_T4-6,eulerian,B_structured_missing,moderate_temporal,3552.6315789473683,v,0.31381558601826526
K3_T4-6,eulerian,B_structured_missing,moderate_temporal,3552.6315789473683,w,0.0858179208015291
K3_T4-6,eulerian,B_structured_missing,moderate_temporal,4315.78947368421,u,0.5680683430099842
K3_T4-6,eulerian,B_structured_missing,moderate_temporal,4315.78947368421,v,0.44846995021875014
K3_T4-6,eulerian,B_structured_missing,moderate_temporal,4315.78947368421,w,0.08669664252184234
K3_T4-6,eulerian,B_structured_missing,moderate_temporal,5078.9473684210525,u,1.3611891015026927
K3_T4-6,eulerian,B_structured_missing,moderate_temporal,5078.9473684210525,v,0.6339998652745841
K3_T4-6,eulerian,B_structured_missing,moderate_temporal,5078.9473684210525,w,0.076682381523355
K3_T4-6,eulerian,B_structured_missing,moderate_temporal,5842.105263157895,u,2.063233208161435
K3_T4-6,eulerian,B_structured_missing,moderate_temporal,5842.105263157895,v,0.16188507069564892
K3_T4-6,eulerian,B_structured_missing,moderate_temporal,5842.105263157895,w,0.06615353801503251
K3_T4-6,eulerian,B_structured_missing,moderate_temporal,6605.263157894737,u,nan
K3_T4-6,eulerian,B_structured_missing,moderate_temporal,6605.263157894737,v,nan
K3_T4-6,eulerian,B_structured_missing,moderate_temporal,6605.263157894737,w,nan
K3_T4-6,eulerian,B_structured_missing,compact_rt_full,500.0,u,0.45036066889629883
K3_T4-6,eulerian,B_structured_missing,compact_rt_full,500.0,v,0.5090213927236584
K3_T4-6,eulerian,B_structured_missing,compact_rt_full,500.0,w,0.11777873711454599
K3_T4-6,eulerian,B_structured_missing,compact_rt_full,1263.157894736842,u,0.36157659577506607
K3_T4-6,eulerian,B_structured_missing,compact_rt_full,1263.157894736842,v,0.31629780942178065
K3_T4-6,eulerian,B_structured_missing,compact_rt_full,1263.157894736842,w,0.1255055158697736
K3_T4-6,eulerian,B_structured_missing,compact_rt_full,2026.3157894736842,u,0.3044532190568872
K3_T4-6,eulerian,B_structured_missing,compact_rt_full,2026.3157894736842,v,0.2468202618177903
K3_T4-6,eulerian,B_structured_missing,compact_rt_full,2026.3157894736842,w,0.1446205942036988
K3_T4-6,eulerian,B_structured_missing,compact_rt_full,2789.4736842105262,u,0.2968488467045484
K3_T4-6,eulerian,B_structured_missing,compact_rt_full,2789.4736842105262,v,0.31665313019960245
K3_T4-6,eulerian,B_structured_missing,compact_rt_full,2789.4736842105262,w,0.1573208475773385
K3_T4-6,eulerian,B_structured_missing,compact_rt_full,3552.6315789473683,u,0.34869657540114307
K3_T4-6,eulerian,B_structured_missing,compact_rt_full,3552.6315789473683,v,0.3440389027652983
K3_T4-6,eulerian,B_structured_missing,compact_rt_full,3552.6315789473683,w,0.14573344222394832
K3_T4-6,eulerian,B_structured_missing,compact_rt_full,4315.78947368421,u,0.4184770038317388
K3_T4-6,eulerian,B_structured_missing,compact_rt_full,4315.78947368421,v,0.4318634829780234
K3_T4-6,eulerian,B_structured_missing,compact_rt_full,4315.78947368421,w,0.13168822991499293
K3_T4-6,eulerian,B_structured_missing,compact_rt_full,5078.9473684210525,u,0.6240925830064178
K3_T4-6,eulerian,B_structured_missing,compact_rt_full,5078.9473684210525,v,0.40954023844389287
K3_T4-6,eulerian,B_structured_missing,compact_rt_full,5078.9473684210525,w,0.1022146954489641
K3_T4-6,eulerian,B_structured_missing,compact_rt_full,5842.105263157895,u,1.3617550738710678
K3_T4-6,eulerian,B_structured_missing,compact_rt_full,5842.105263157895,v,0.395255742756306
K3_T4-6,eulerian,B_structured_missing,compact_rt_full,5842.105263157895,w,0.0676253296430965
K3_T4-6,eulerian,B_structured_missing,compact_rt_full,6605.263157894737,u,nan
K3_T4-6,eulerian,B_structured_missing,compact_rt_full,6605.263157894737,v,nan
K3_T4-6,eulerian,B_structured_missing,compact_rt_full,6605.263157894737,w,nan
K3_T4-6,eulerian,B_structured_missing,moderate_rt_full,500.0,u,3.885652670139775
K3_T4-6,eulerian,B_structured_missing,moderate_rt_full,500.0,v,1.1933339629094404
K3_T4-6,eulerian,B_structured_missing,moderate_rt_full,500.0,w,0.2014561293380619
K3_T4-6,eulerian,B_structured_missing,moderate_rt_full,1263.157894736842,u,3.37547768142369
K3_T4-6,eulerian,B_structured_missing,moderate_rt_full,1263.157894736842,v,1.240429871500362
K3_T4-6,eulerian,B_structured_missing,moderate_rt_full,1263.157894736842,w,0.16361512146940493
K3_T4-6,eulerian,B_structured_missing,moderate_rt_full,2026.3157894736842,u,2.661339939922603
K3_T4-6,eulerian,B_structured_missing,moderate_rt_full,2026.3157894736842,v,1.1966169519806171
K3_T4-6,eulerian,B_structured_missing,moderate_rt_full,2026.3157894736842,w,0.14673541782697677
K3_T4-6,eulerian,B_structured_missing,moderate_rt_full,2789.4736842105262,u,0.5544308796118064
K3_T4-6,eulerian,B_structured_missing,moderate_rt_full,2789.4736842105262,v,0.43025438105282915
K3_T4-6,eulerian,B_structured_missing,moderate_rt_full,2789.4736842105262,w,0.09315451966874198
K3_T4-6,eulerian,B_structured_missing,moderate_rt_full,3552.6315789473683,u,0.39168791977182005
K3_T4-6,eulerian,B_structured_missing,moderate_rt_full,3552.6315789473683,v,0.31381558601826526
K3_T4-6,eulerian,B_structured_missing,moderate_rt_full,3552.6315789473683,w,0.0858179208015291
K3_T4-6,eulerian,B_structured_missing,moderate_rt_full,4315.78947368421,u,0.5680683430099842
K3_T4-6,eulerian,B_structured_missing,moderate_rt_full,4315.78947368421,v,0.44846995021875014
K3_T4-6,eulerian,B_structured_missing,moderate_rt_full,4315.78947368421,w,0.08669664252184234
K3_T4-6,eulerian,B_structured_missing,moderate_rt_full,5078.9473684210525,u,1.3611891015026927
K3_T4-6,eulerian,B_structured_missing,moderate_rt_full,5078.9473684210525,v,0.6339998652745841
K3_T4-6,eulerian,B_structured_missing,moderate_rt_full,5078.9473684210525,w,0.076682381523355
K3_T4-6,eulerian,B_structured_missing,moderate_rt_full,5842.105263157895,u,2.063233208161435
K3_T4-6,eulerian,B_structured_missing,moderate_rt_full,5842.105263157895,v,0.16188507069564892
K3_T4-6,eulerian,B_structured_missing,moderate_rt_full,5842.105263157895,w,0.06615353801503251
K3_T4-6,eulerian,B_structured_missing,moderate_rt_full,6605.263157894737,u,nan
K3_T4-6,eulerian,B_structured_missing,moderate_rt_full,6605.263157894737,v,nan
K3_T4-6,eulerian,B_structured_missing,moderate_rt_full,6605.263157894737,w,nan
K3_T4-6,storm_relative,A_common_dense,aggressive_temporal,1263.157894736842,u,1.529801891136482
K3_T4-6,storm_relative,A_common_dense,aggressive_temporal,1263.157894736842,v,2.0473788381971194
K3_T4-6,storm_relative,A_common_dense,aggressive_temporal,1263.157894736842,w,1.096998581862537
K3_T4-6,storm_relative,A_common_dense,aggressive_temporal,2026.3157894736842,u,1.6832053201057895
K3_T4-6,storm_relative,A_common_dense,aggressive_temporal,2026.3157894736842,v,1.7365771905620404
K3_T4-6,storm_relative,A_common_dense,aggressive_temporal,2026.3157894736842,w,0.9255819347548305
K3_T4-6,storm_relative,A_common_dense,aggressive_temporal,2789.4736842105262,u,1.851352598463052
K3_T4-6,storm_relative,A_common_dense,aggressive_temporal,2789.4736842105262,v,1.6860019329517122
K3_T4-6,storm_relative,A_common_dense,aggressive_temporal,2789.4736842105262,w,0.8397899552778447
K3_T4-6,storm_relative,A_common_dense,aggressive_temporal,3552.6315789473683,u,1.787239258086987
K3_T4-6,storm_relative,A_common_dense,aggressive_temporal,3552.6315789473683,v,1.5533430447248273
K3_T4-6,storm_relative,A_common_dense,aggressive_temporal,3552.6315789473683,w,0.7022638208353409
K3_T4-6,storm_relative,A_common_dense,aggressive_temporal,4315.78947368421,u,1.5019322407653795
K3_T4-6,storm_relative,A_common_dense,aggressive_temporal,4315.78947368421,v,1.3353251859528894
K3_T4-6,storm_relative,A_common_dense,aggressive_temporal,4315.78947368421,w,0.5159115048132831
K3_T4-6,storm_relative,A_common_dense,aggressive_temporal,5078.9473684210525,u,1.1926650522868707
K3_T4-6,storm_relative,A_common_dense,aggressive_temporal,5078.9473684210525,v,1.2391843751346936
K3_T4-6,storm_relative,A_common_dense,aggressive_temporal,5078.9473684210525,w,0.44306602793044914
K3_T4-6,storm_relative,A_common_dense,compact_temporal,1263.157894736842,u,0.4499676237845719
K3_T4-6,storm_relative,A_common_dense,compact_temporal,1263.157894736842,v,0.4091132236162477
K3_T4-6,storm_relative,A_common_dense,compact_temporal,1263.157894736842,w,0.5706453857297097
K3_T4-6,storm_relative,A_common_dense,compact_temporal,2026.3157894736842,u,0.4315444661034576
K3_T4-6,storm_relative,A_common_dense,compact_temporal,2026.3157894736842,v,0.46572958413958854
K3_T4-6,storm_relative,A_common_dense,compact_temporal,2026.3157894736842,w,0.5468358945854713
K3_T4-6,storm_relative,A_common_dense,compact_temporal,2789.4736842105262,u,0.44441232173729384
K3_T4-6,storm_relative,A_common_dense,compact_temporal,2789.4736842105262,v,0.5729902143307812
K3_T4-6,storm_relative,A_common_dense,compact_temporal,2789.4736842105262,w,0.48951550655306164
K3_T4-6,storm_relative,A_common_dense,compact_temporal,3552.6315789473683,u,0.42068653723867205
K3_T4-6,storm_relative,A_common_dense,compact_temporal,3552.6315789473683,v,0.6295950026938577
K3_T4-6,storm_relative,A_common_dense,compact_temporal,3552.6315789473683,w,0.40548630139056213
K3_T4-6,storm_relative,A_common_dense,compact_temporal,4315.78947368421,u,0.36346410451491734
K3_T4-6,storm_relative,A_common_dense,compact_temporal,4315.78947368421,v,0.6240159410193359
K3_T4-6,storm_relative,A_common_dense,compact_temporal,4315.78947368421,w,0.304967765730572
K3_T4-6,storm_relative,A_common_dense,compact_temporal,5078.9473684210525,u,0.3719673535917779
K3_T4-6,storm_relative,A_common_dense,compact_temporal,5078.9473684210525,v,0.5649818198889099
K3_T4-6,storm_relative,A_common_dense,compact_temporal,5078.9473684210525,w,0.20272118255416546
K3_T4-6,storm_relative,A_common_dense,moderate_temporal,1263.157894736842,u,0.03926770007109119
K3_T4-6,storm_relative,A_common_dense,moderate_temporal,1263.157894736842,v,0.05511525156845246
K3_T4-6,storm_relative,A_common_dense,moderate_temporal,1263.157894736842,w,0.03586238803983199
K3_T4-6,storm_relative,A_common_dense,moderate_temporal,2026.3157894736842,u,0.03811937532151799
K3_T4-6,storm_relative,A_common_dense,moderate_temporal,2026.3157894736842,v,0.04206573537442909
K3_T4-6,storm_relative,A_common_dense,moderate_temporal,2026.3157894736842,w,0.043058765349715554
K3_T4-6,storm_relative,A_common_dense,moderate_temporal,2789.4736842105262,u,0.04189260662501946
K3_T4-6,storm_relative,A_common_dense,moderate_temporal,2789.4736842105262,v,0.04786929588819492
K3_T4-6,storm_relative,A_common_dense,moderate_temporal,2789.4736842105262,w,0.044061302499463995
K3_T4-6,storm_relative,A_common_dense,moderate_temporal,3552.6315789473683,u,0.04373641962237568
K3_T4-6,storm_relative,A_common_dense,moderate_temporal,3552.6315789473683,v,0.05469808340569777
K3_T4-6,storm_relative,A_common_dense,moderate_temporal,3552.6315789473683,w,0.03966523796283373
K3_T4-6,storm_relative,A_common_dense,moderate_temporal,4315.78947368421,u,0.04259365504389839
K3_T4-6,storm_relative,A_common_dense,moderate_temporal,4315.78947368421,v,0.05667099211550313
K3_T4-6,storm_relative,A_common_dense,moderate_temporal,4315.78947368421,w,0.032256383551730224
K3_T4-6,storm_relative,A_common_dense,moderate_temporal,5078.9473684210525,u,0.039573539790994594
K3_T4-6,storm_relative,A_common_dense,moderate_temporal,5078.9473684210525,v,0.05361785155664674
K3_T4-6,storm_relative,A_common_dense,moderate_temporal,5078.9473684210525,w,0.025866470379228835
K3_T4-6,storm_relative,A_common_dense,compact_rt_full,1263.157894736842,u,0.31623290905712625
K3_T4-6,storm_relative,A_common_dense,compact_rt_full,1263.157894736842,v,0.2936148761875715
K3_T4-6,storm_relative,A_common_dense,compact_rt_full,1263.157894736842,w,0.4314214669286634
K3_T4-6,storm_relative,A_common_dense,compact_rt_full,2026.3157894736842,u,0.30348417147338635
K3_T4-6,storm_relative,A_common_dense,compact_rt_full,2026.3157894736842,v,0.38897941768751376
K3_T4-6,storm_relative,A_common_dense,compact_rt_full,2026.3157894736842,w,0.4195916048471763
K3_T4-6,storm_relative,A_common_dense,compact_rt_full,2789.4736842105262,u,0.29991927742440394
K3_T4-6,storm_relative,A_common_dense,compact_rt_full,2789.4736842105262,v,0.5076366026797983
K3_T4-6,storm_relative,A_common_dense,compact_rt_full,2789.4736842105262,w,0.3748568730669685
K3_T4-6,storm_relative,A_common_dense,compact_rt_full,3552.6315789473683,u,0.2925405931783511
K3_T4-6,storm_relative,A_common_dense,compact_rt_full,3552.6315789473683,v,0.5644164573668009
K3_T4-6,storm_relative,A_common_dense,compact_rt_full,3552.6315789473683,w,0.3038867285951178
K3_T4-6,storm_relative,A_common_dense,compact_rt_full,4315.78947368421,u,0.27471700366118
K3_T4-6,storm_relative,A_common_dense,compact_rt_full,4315.78947368421,v,0.5577193855796061
K3_T4-6,storm_relative,A_common_dense,compact_rt_full,4315.78947368421,w,0.2162685882995987
K3_T4-6,storm_relative,A_common_dense,compact_rt_full,5078.9473684210525,u,0.24495394345582866
K3_T4-6,storm_relative,A_common_dense,compact_rt_full,5078.9473684210525,v,0.4993718479021746
K3_T4-6,storm_relative,A_common_dense,compact_rt_full,5078.9473684210525,w,0.12639009335826837
K3_T4-6,storm_relative,A_common_dense,moderate_rt_full,1263.157894736842,u,0.03926770007109119
K3_T4-6,storm_relative,A_common_dense,moderate_rt_full,1263.157894736842,v,0.05511525156845246
K3_T4-6,storm_relative,A_common_dense,moderate_rt_full,1263.157894736842,w,0.03586238803983199
K3_T4-6,storm_relative,A_common_dense,moderate_rt_full,2026.3157894736842,u,0.03811937532151799
K3_T4-6,storm_relative,A_common_dense,moderate_rt_full,2026.3157894736842,v,0.04206573537442909
K3_T4-6,storm_relative,A_common_dense,moderate_rt_full,2026.3157894736842,w,0.043058765349715554
K3_T4-6,storm_relative,A_common_dense,moderate_rt_full,2789.4736842105262,u,0.04189260662501946
K3_T4-6,storm_relative,A_common_dense,moderate_rt_full,2789.4736842105262,v,0.04786929588819492
K3_T4-6,storm_relative,A_common_dense,moderate_rt_full,2789.4736842105262,w,0.044061302499463995
K3_T4-6,storm_relative,A_common_dense,moderate_rt_full,3552.6315789473683,u,0.04373641962237568
K3_T4-6,storm_relative,A_common_dense,moderate_rt_full,3552.6315789473683,v,0.05469808340569777
K3_T4-6,storm_relative,A_common_dense,moderate_rt_full,3552.6315789473683,w,0.03966523796283373
K3_T4-6,storm_relative,A_common_dense,moderate_rt_full,4315.78947368421,u,0.04259365504389839
K3_T4-6,storm_relative,A_common_dense,moderate_rt_full,4315.78947368421,v,0.05667099211550313
K3_T4-6,storm_relative,A_common_dense,moderate_rt_full,4315.78947368421,w,0.032256383551730224
K3_T4-6,storm_relative,A_common_dense,moderate_rt_full,5078.9473684210525,u,0.039573539790994594
K3_T4-6,storm_relative,A_common_dense,moderate_rt_full,5078.9473684210525,v,0.05361785155664674
K3_T4-6,storm_relative,A_common_dense,moderate_rt_full,5078.9473684210525,w,0.025866470379228835
K3_T4-6,storm_relative,B_structured_missing,aggressive_temporal,500.0,u,1.8642201001820935
K3_T4-6,storm_relative,B_structured_missing,aggressive_temporal,500.0,v,2.44854731114802
K3_T4-6,storm_relative,B_structured_missing,aggressive_temporal,500.0,w,0.8315621511792276
K3_T4-6,storm_relative,B_structured_missing,aggressive_temporal,1263.157894736842,u,1.7371987453739106
K3_T4-6,storm_relative,B_structured_missing,aggressive_temporal,1263.157894736842,v,1.678172633903908
K3_T4-6,storm_relative,B_structured_missing,aggressive_temporal,1263.157894736842,w,0.7410917417360591
K3_T4-6,storm_relative,B_structured_missing,aggressive_temporal,2026.3157894736842,u,1.9063211305610217
K3_T4-6,storm_relative,B_structured_missing,aggressive_temporal,2026.3157894736842,v,1.4101951478523083
K3_T4-6,storm_relative,B_structured_missing,aggressive_temporal,2026.3157894736842,w,0.702617803869084
K3_T4-6,storm_relative,B_structured_missing,aggressive_temporal,2789.4736842105262,u,1.9779746517603987
K3_T4-6,storm_relative,B_structured_missing,aggressive_temporal,2789.4736842105262,v,1.4830006742479191
K3_T4-6,storm_relative,B_structured_missing,aggressive_temporal,2789.4736842105262,w,0.6992124323900911
K3_T4-6,storm_relative,B_structured_missing,aggressive_temporal,3552.6315789473683,u,1.9107171650912642
K3_T4-6,storm_relative,B_structured_missing,aggressive_temporal,3552.6315789473683,v,1.4218036011575246
K3_T4-6,storm_relative,B_structured_missing,aggressive_temporal,3552.6315789473683,w,0.6227965008411793
K3_T4-6,storm_relative,B_structured_missing,aggressive_temporal,4315.78947368421,u,1.649998059867854
K3_T4-6,storm_relative,B_structured_missing,aggressive_temporal,4315.78947368421,v,1.2574885580446091
K3_T4-6,storm_relative,B_structured_missing,aggressive_temporal,4315.78947368421,w,0.5408406644200943
K3_T4-6,storm_relative,B_structured_missing,aggressive_temporal,5078.9473684210525,u,2.1882767836391377
K3_T4-6,storm_relative,B_structured_missing,aggressive_temporal,5078.9473684210525,v,1.3915514620583513
K3_T4-6,storm_relative,B_structured_missing,aggressive_temporal,5078.9473684210525,w,0.4142540362574806
K3_T4-6,storm_relative,B_structured_missing,aggressive_temporal,5842.105263157895,u,2.282543151154951
K3_T4-6,storm_relative,B_structured_missing,aggressive_temporal,5842.105263157895,v,1.8172026350268387
K3_T4-6,storm_relative,B_structured_missing,aggressive_temporal,5842.105263157895,w,0.3658938800093042
K3_T4-6,storm_relative,B_structured_missing,aggressive_temporal,6605.263157894737,u,nan
K3_T4-6,storm_relative,B_structured_missing,aggressive_temporal,6605.263157894737,v,nan
K3_T4-6,storm_relative,B_structured_missing,aggressive_temporal,6605.263157894737,w,nan
K3_T4-6,storm_relative,B_structured_missing,compact_temporal,500.0,u,0.9720471465436918
K3_T4-6,storm_relative,B_structured_missing,compact_temporal,500.0,v,0.9489863767504867
K3_T4-6,storm_relative,B_structured_missing,compact_temporal,500.0,w,0.370735584319936
K3_T4-6,storm_relative,B_structured_missing,compact_temporal,1263.157894736842,u,0.6753418145902397
K3_T4-6,storm_relative,B_structured_missing,compact_temporal,1263.157894736842,v,0.7061279141676645
K3_T4-6,storm_relative,B_structured_missing,compact_temporal,1263.157894736842,w,0.3456199054809933
K3_T4-6,storm_relative,B_structured_missing,compact_temporal,2026.3157894736842,u,0.5318514144440197
K3_T4-6,storm_relative,B_structured_missing,compact_temporal,2026.3157894736842,v,0.5560080596553991
K3_T4-6,storm_relative,B_structured_missing,compact_temporal,2026.3157894736842,w,0.334213599624745
K3_T4-6,storm_relative,B_structured_missing,compact_temporal,2789.4736842105262,u,0.5211364284392745
K3_T4-6,storm_relative,B_structured_missing,compact_temporal,2789.4736842105262,v,0.5972766558387431
K3_T4-6,storm_relative,B_structured_missing,compact_temporal,2789.4736842105262,w,0.3255691648810886
K3_T4-6,storm_relative,B_structured_missing,compact_temporal,3552.6315789473683,u,0.560420609693859
K3_T4-6,storm_relative,B_structured_missing,compact_temporal,3552.6315789473683,v,0.5915842640268011
K3_T4-6,storm_relative,B_structured_missing,compact_temporal,3552.6315789473683,w,0.286100742821153
K3_T4-6,storm_relative,B_structured_missing,compact_temporal,4315.78947368421,u,0.5479907210185132
K3_T4-6,storm_relative,B_structured_missing,compact_temporal,4315.78947368421,v,0.5829416233930711
K3_T4-6,storm_relative,B_structured_missing,compact_temporal,4315.78947368421,w,0.25544680911998363
K3_T4-6,storm_relative,B_structured_missing,compact_temporal,5078.9473684210525,u,0.8358546310487721
K3_T4-6,storm_relative,B_structured_missing,compact_temporal,5078.9473684210525,v,0.5611854265631485
K3_T4-6,storm_relative,B_structured_missing,compact_temporal,5078.9473684210525,w,0.21394566828112568
K3_T4-6,storm_relative,B_structured_missing,compact_temporal,5842.105263157895,u,1.5179907973845974
K3_T4-6,storm_relative,B_structured_missing,compact_temporal,5842.105263157895,v,0.3217616869365288
K3_T4-6,storm_relative,B_structured_missing,compact_temporal,5842.105263157895,w,0.06228269068373395
K3_T4-6,storm_relative,B_structured_missing,compact_temporal,6605.263157894737,u,nan
K3_T4-6,storm_relative,B_structured_missing,compact_temporal,6605.263157894737,v,nan
K3_T4-6,storm_relative,B_structured_missing,compact_temporal,6605.263157894737,w,nan
K3_T4-6,storm_relative,B_structured_missing,moderate_temporal,500.0,u,3.976795748790492
K3_T4-6,storm_relative,B_structured_missing,moderate_temporal,500.0,v,1.1916238582665115
K3_T4-6,storm_relative,B_structured_missing,moderate_temporal,500.0,w,0.2210209049216921
K3_T4-6,storm_relative,B_structured_missing,moderate_temporal,1263.157894736842,u,3.414666685222927
K3_T4-6,storm_relative,B_structured_missing,moderate_temporal,1263.157894736842,v,1.2165541666407709
K3_T4-6,storm_relative,B_structured_missing,moderate_temporal,1263.157894736842,w,0.1872938638450954
K3_T4-6,storm_relative,B_structured_missing,moderate_temporal,2026.3157894736842,u,2.632746342245146
K3_T4-6,storm_relative,B_structured_missing,moderate_temporal,2026.3157894736842,v,1.2527089553384247
K3_T4-6,storm_relative,B_structured_missing,moderate_temporal,2026.3157894736842,w,0.1509484312920058
K3_T4-6,storm_relative,B_structured_missing,moderate_temporal,2789.4736842105262,u,0.39929022631586486
K3_T4-6,storm_relative,B_structured_missing,moderate_temporal,2789.4736842105262,v,0.32137902301004606
K3_T4-6,storm_relative,B_structured_missing,moderate_temporal,2789.4736842105262,w,0.08547044769574086
K3_T4-6,storm_relative,B_structured_missing,moderate_temporal,3552.6315789473683,u,0.37590837781054504
K3_T4-6,storm_relative,B_structured_missing,moderate_temporal,3552.6315789473683,v,0.30846625831657304
K3_T4-6,storm_relative,B_structured_missing,moderate_temporal,3552.6315789473683,w,0.08008788013375301
K3_T4-6,storm_relative,B_structured_missing,moderate_temporal,4315.78947368421,u,0.6822597328200879
K3_T4-6,storm_relative,B_structured_missing,moderate_temporal,4315.78947368421,v,0.5547822647818057
K3_T4-6,storm_relative,B_structured_missing,moderate_temporal,4315.78947368421,w,0.09039974234311268
K3_T4-6,storm_relative,B_structured_missing,moderate_temporal,5078.9473684210525,u,1.2897356455580395
K3_T4-6,storm_relative,B_structured_missing,moderate_temporal,5078.9473684210525,v,0.5709293753234892
K3_T4-6,storm_relative,B_structured_missing,moderate_temporal,5078.9473684210525,w,0.06776209741524672
K3_T4-6,storm_relative,B_structured_missing,moderate_temporal,5842.105263157895,u,1.308938355730286
K3_T4-6,storm_relative,B_structured_missing,moderate_temporal,5842.105263157895,v,0.29369121066497395
K3_T4-6,storm_relative,B_structured_missing,moderate_temporal,5842.105263157895,w,0.05651935188052392
K3_T4-6,storm_relative,B_structured_missing,moderate_temporal,6605.263157894737,u,nan
K3_T4-6,storm_relative,B_structured_missing,moderate_temporal,6605.263157894737,v,nan
K3_T4-6,storm_relative,B_structured_missing,moderate_temporal,6605.263157894737,w,nan
K3_T4-6,storm_relative,B_structured_missing,compact_rt_full,500.0,u,0.4901223376779836
K3_T4-6,storm_relative,B_structured_missing,compact_rt_full,500.0,v,0.5270012291752654
K3_T4-6,storm_relative,B_structured_missing,compact_rt_full,500.0,w,0.10991906644815175
K3_T4-6,storm_relative,B_structured_missing,compact_rt_full,1263.157894736842,u,0.40785497445750285
K3_T4-6,storm_relative,B_structured_missing,compact_rt_full,1263.157894736842,v,0.3325920760693851
K3_T4-6,storm_relative,B_structured_missing,compact_rt_full,1263.157894736842,w,0.11687364880910092
K3_T4-6,storm_relative,B_structured_missing,compact_rt_full,2026.3157894736842,u,0.3359474230074773
K3_T4-6,storm_relative,B_structured_missing,compact_rt_full,2026.3157894736842,v,0.2501312069722391
K3_T4-6,storm_relative,B_structured_missing,compact_rt_full,2026.3157894736842,w,0.13551887821845143
K3_T4-6,storm_relative,B_structured_missing,compact_rt_full,2789.4736842105262,u,0.30550506824785684
K3_T4-6,storm_relative,B_structured_missing,compact_rt_full,2789.4736842105262,v,0.3226294206908023
K3_T4-6,storm_relative,B_structured_missing,compact_rt_full,2789.4736842105262,w,0.14586154364084097
K3_T4-6,storm_relative,B_structured_missing,compact_rt_full,3552.6315789473683,u,0.37215640295022445
K3_T4-6,storm_relative,B_structured_missing,compact_rt_full,3552.6315789473683,v,0.34633366082620043
K3_T4-6,storm_relative,B_structured_missing,compact_rt_full,3552.6315789473683,w,0.13465687882538468
K3_T4-6,storm_relative,B_structured_missing,compact_rt_full,4315.78947368421,u,0.4585790517215226
K3_T4-6,storm_relative,B_structured_missing,compact_rt_full,4315.78947368421,v,0.41520274141037605
K3_T4-6,storm_relative,B_structured_missing,compact_rt_full,4315.78947368421,w,0.12843579888862747
K3_T4-6,storm_relative,B_structured_missing,compact_rt_full,5078.9473684210525,u,0.7437928371158085
K3_T4-6,storm_relative,B_structured_missing,compact_rt_full,5078.9473684210525,v,0.43009307063796176
K3_T4-6,storm_relative,B_structured_missing,compact_rt_full,5078.9473684210525,w,0.09798075201050423
K3_T4-6,storm_relative,B_structured_missing,compact_rt_full,5842.105263157895,u,1.607517127736994
K3_T4-6,storm_relative,B_structured_missing,compact_rt_full,5842.105263157895,v,0.2438678202386373
K3_T4-6,storm_relative,B_structured_missing,compact_rt_full,5842.105263157895,w,0.056259322333845736
K3_T4-6,storm_relative,B_structured_missing,compact_rt_full,6605.263157894737,u,nan
K3_T4-6,storm_relative,B_structured_missing,compact_rt_full,6605.263157894737,v,nan
K3_T4-6,storm_relative,B_structured_missing,compact_rt_full,6605.263157894737,w,nan
K3_T4-6,storm_relative,B_structured_missing,moderate_rt_full,500.0,u,3.976795748790492
K3_T4-6,storm_relative,B_structured_missing,moderate_rt_full,500.0,v,1.1916238582665115
K3_T4-6,storm_relative,B_structured_missing,moderate_rt_full,500.0,w,0.2210209049216921
K3_T4-6,storm_relative,B_structured_missing,moderate_rt_full,1263.157894736842,u,3.414666685222927
K3_T4-6,storm_relative,B_structured_missing,moderate_rt_full,1263.157894736842,v,1.2165541666407709
K3_T4-6,storm_relative,B_structured_missing,moderate_rt_full,1263.157894736842,w,0.1872938638450954
K3_T4-6,storm_relative,B_structured_missing,moderate_rt_full,2026.3157894736842,u,2.632746342245146
K3_T4-6,storm_relative,B_structured_missing,moderate_rt_full,2026.3157894736842,v,1.2527089553384247
K3_T4-6,storm_relative,B_structured_missing,moderate_rt_full,2026.3157894736842,w,0.1509484312920058
K3_T4-6,storm_relative,B_structured_missing,moderate_rt_full,2789.4736842105262,u,0.39929022631586486
K3_T4-6,storm_relative,B_structured_missing,moderate_rt_full,2789.4736842105262,v,0.32137902301004606
K3_T4-6,storm_relative,B_structured_missing,moderate_rt_full,2789.4736842105262,w,0.08547044769574086
K3_T4-6,storm_relative,B_structured_missing,moderate_rt_full,3552.6315789473683,u,0.37590837781054504
K3_T4-6,storm_relative,B_structured_missing,moderate_rt_full,3552.6315789473683,v,0.30846625831657304
K3_T4-6,storm_relative,B_structured_missing,moderate_rt_full,3552.6315789473683,w,0.08008788013375301
K3_T4-6,storm_relative,B_structured_missing,moderate_rt_full,4315.78947368421,u,0.6822597328200879
K3_T4-6,storm_relative,B_structured_missing,moderate_rt_full,4315.78947368421,v,0.5547822647818057
K3_T4-6,storm_relative,B_structured_missing,moderate_rt_full,4315.78947368421,w,0.09039974234311268
K3_T4-6,storm_relative,B_structured_missing,moderate_rt_full,5078.9473684210525,u,1.2897356455580395
K3_T4-6,storm_relative,B_structured_missing,moderate_rt_full,5078.9473684210525,v,0.5709293753234892
K3_T4-6,storm_relative,B_structured_missing,moderate_rt_full,5078.9473684210525,w,0.06776209741524672
K3_T4-6,storm_relative,B_structured_missing,moderate_rt_full,5842.105263157895,u,1.308938355730286
K3_T4-6,storm_relative,B_structured_missing,moderate_rt_full,5842.105263157895,v,0.29369121066497395
K3_T4-6,storm_relative,B_structured_missing,moderate_rt_full,5842.105263157895,w,0.05651935188052392
K3_T4-6,storm_relative,B_structured_missing,moderate_rt_full,6605.263157894737,u,nan
K3_T4-6,storm_relative,B_structured_missing,moderate_rt_full,6605.263157894737,v,nan
K3_T4-6,storm_relative,B_structured_missing,moderate_rt_full,6605.263157894737,w,nan
K4_T1-4,eulerian,A_common_dense,aggressive_temporal,2026.3157894736842,u,4.422720022940003
K4_T1-4,eulerian,A_common_dense,aggressive_temporal,2026.3157894736842,v,2.0907638570589593
K4_T1-4,eulerian,A_common_dense,aggressive_temporal,2026.3157894736842,w,1.7783534308620021
K4_T1-4,eulerian,A_common_dense,aggressive_temporal,2789.4736842105262,u,3.8404553683137874
K4_T1-4,eulerian,A_common_dense,aggressive_temporal,2789.4736842105262,v,2.0866590550793123
K4_T1-4,eulerian,A_common_dense,aggressive_temporal,2789.4736842105262,w,1.5612246188649679
K4_T1-4,eulerian,A_common_dense,aggressive_temporal,3552.6315789473683,u,2.763821915424778
K4_T1-4,eulerian,A_common_dense,aggressive_temporal,3552.6315789473683,v,2.079774479285577
K4_T1-4,eulerian,A_common_dense,aggressive_temporal,3552.6315789473683,w,1.297005567188499
K4_T1-4,eulerian,A_common_dense,aggressive_temporal,4315.78947368421,u,1.7978426947555524
K4_T1-4,eulerian,A_common_dense,aggressive_temporal,4315.78947368421,v,1.9851366206837682
K4_T1-4,eulerian,A_common_dense,aggressive_temporal,4315.78947368421,w,0.9995941742087485
K4_T1-4,eulerian,A_common_dense,aggressive_temporal,5078.9473684210525,u,2.3071455128920553
K4_T1-4,eulerian,A_common_dense,aggressive_temporal,5078.9473684210525,v,1.9026239203999769
K4_T1-4,eulerian,A_common_dense,aggressive_temporal,5078.9473684210525,w,0.6986276515380822
K4_T1-4,eulerian,A_common_dense,compact_temporal,2026.3157894736842,u,0.93811435370248
K4_T1-4,eulerian,A_common_dense,compact_temporal,2026.3157894736842,v,1.3857829155137258
K4_T1-4,eulerian,A_common_dense,compact_temporal,2026.3157894736842,w,0.7658892964334275
K4_T1-4,eulerian,A_common_dense,compact_temporal,2789.4736842105262,u,0.951459832980421
K4_T1-4,eulerian,A_common_dense,compact_temporal,2789.4736842105262,v,1.3655976043352254
K4_T1-4,eulerian,A_common_dense,compact_temporal,2789.4736842105262,w,0.7466002587407202
K4_T1-4,eulerian,A_common_dense,compact_temporal,3552.6315789473683,u,0.8842683846369723
K4_T1-4,eulerian,A_common_dense,compact_temporal,3552.6315789473683,v,1.3377471145747368
K4_T1-4,eulerian,A_common_dense,compact_temporal,3552.6315789473683,w,0.682333047442671
K4_T1-4,eulerian,A_common_dense,compact_temporal,4315.78947368421,u,0.7755188673314151
K4_T1-4,eulerian,A_common_dense,compact_temporal,4315.78947368421,v,1.2525059793831193
K4_T1-4,eulerian,A_common_dense,compact_temporal,4315.78947368421,w,0.5787383160185791
K4_T1-4,eulerian,A_common_dense,compact_temporal,5078.9473684210525,u,0.6941517657990396
K4_T1-4,eulerian,A_common_dense,compact_temporal,5078.9473684210525,v,1.1047370937924752
K4_T1-4,eulerian,A_common_dense,compact_temporal,5078.9473684210525,w,0.4499356039657267
K4_T1-4,eulerian,A_common_dense,moderate_temporal,2026.3157894736842,u,0.2552394496429909
K4_T1-4,eulerian,A_common_dense,moderate_temporal,2026.3157894736842,v,0.3625840613623995
K4_T1-4,eulerian,A_common_dense,moderate_temporal,2026.3157894736842,w,0.2645377389713506
K4_T1-4,eulerian,A_common_dense,moderate_temporal,2789.4736842105262,u,0.227742089507474
K4_T1-4,eulerian,A_common_dense,moderate_temporal,2789.4736842105262,v,0.2704418081294189
K4_T1-4,eulerian,A_common_dense,moderate_temporal,2789.4736842105262,w,0.23731137210574907
K4_T1-4,eulerian,A_common_dense,moderate_temporal,3552.6315789473683,u,0.21009069107817574
K4_T1-4,eulerian,A_common_dense,moderate_temporal,3552.6315789473683,v,0.24559316100523126
K4_T1-4,eulerian,A_common_dense,moderate_temporal,3552.6315789473683,w,0.20675614664816855
K4_T1-4,eulerian,A_common_dense,moderate_temporal,4315.78947368421,u,0.1919180128678973
K4_T1-4,eulerian,A_common_dense,moderate_temporal,4315.78947368421,v,0.24092829393080445
K4_T1-4,eulerian,A_common_dense,moderate_temporal,4315.78947368421,w,0.17159120398250335
K4_T1-4,eulerian,A_common_dense,moderate_temporal,5078.9473684210525,u,0.17048351816524707
K4_T1-4,eulerian,A_common_dense,moderate_temporal,5078.9473684210525,v,0.22790011102417068
K4_T1-4,eulerian,A_common_dense,moderate_temporal,5078.9473684210525,w,0.13432802357316367
K4_T1-4,eulerian,A_common_dense,compact_rt_full,2026.3157894736842,u,0.7406460917457693
K4_T1-4,eulerian,A_common_dense,compact_rt_full,2026.3157894736842,v,0.7156192827396168
K4_T1-4,eulerian,A_common_dense,compact_rt_full,2026.3157894736842,w,0.34470076577313435
K4_T1-4,eulerian,A_common_dense,compact_rt_full,2789.4736842105262,u,0.7368273136627307
K4_T1-4,eulerian,A_common_dense,compact_rt_full,2789.4736842105262,v,0.8018342318660653
K4_T1-4,eulerian,A_common_dense,compact_rt_full,2789.4736842105262,w,0.3310490857910444
K4_T1-4,eulerian,A_common_dense,compact_rt_full,3552.6315789473683,u,0.6746991175883248
K4_T1-4,eulerian,A_common_dense,compact_rt_full,3552.6315789473683,v,0.8427861972730327
K4_T1-4,eulerian,A_common_dense,compact_rt_full,3552.6315789473683,w,0.2906906365376377
K4_T1-4,eulerian,A_common_dense,compact_rt_full,4315.78947368421,u,0.5673495369940574
K4_T1-4,eulerian,A_common_dense,compact_rt_full,4315.78947368421,v,0.8124592732851736
K4_T1-4,eulerian,A_common_dense,compact_rt_full,4315.78947368421,w,0.23217284358633908
K4_T1-4,eulerian,A_common_dense,compact_rt_full,5078.9473684210525,u,0.4354083176141433
K4_T1-4,eulerian,A_common_dense,compact_rt_full,5078.9473684210525,v,0.718296860365312
K4_T1-4,eulerian,A_common_dense,compact_rt_full,5078.9473684210525,w,0.17016687394002925
K4_T1-4,eulerian,A_common_dense,moderate_rt_full,2026.3157894736842,u,0.04863570340826108
K4_T1-4,eulerian,A_common_dense,moderate_rt_full,2026.3157894736842,v,0.06258901678736904
K4_T1-4,eulerian,A_common_dense,moderate_rt_full,2026.3157894736842,w,0.04380354814415906
K4_T1-4,eulerian,A_common_dense,moderate_rt_full,2789.4736842105262,u,0.046133759383389074
K4_T1-4,eulerian,A_common_dense,moderate_rt_full,2789.4736842105262,v,0.06333369885518346
K4_T1-4,eulerian,A_common_dense,moderate_rt_full,2789.4736842105262,w,0.046482247052340414
K4_T1-4,eulerian,A_common_dense,moderate_rt_full,3552.6315789473683,u,0.045243219383369795
K4_T1-4,eulerian,A_common_dense,moderate_rt_full,3552.6315789473683,v,0.0653684205538693
K4_T1-4,eulerian,A_common_dense,moderate_rt_full,3552.6315789473683,w,0.04540834926546583
K4_T1-4,eulerian,A_common_dense,moderate_rt_full,4315.78947368421,u,0.0433153368278407
K4_T1-4,eulerian,A_common_dense,moderate_rt_full,4315.78947368421,v,0.06347472649756537
K4_T1-4,eulerian,A_common_dense,moderate_rt_full,4315.78947368421,w,0.04176334445313558
K4_T1-4,eulerian,A_common_dense,moderate_rt_full,5078.9473684210525,u,0.040753736342605006
K4_T1-4,eulerian,A_common_dense,moderate_rt_full,5078.9473684210525,v,0.05723028817380819
K4_T1-4,eulerian,A_common_dense,moderate_rt_full,5078.9473684210525,w,0.038110895875748986
K4_T1-4,eulerian,B_structured_missing,aggressive_temporal,500.0,u,1.8226719766576245
K4_T1-4,eulerian,B_structured_missing,aggressive_temporal,500.0,v,2.806606841803445
K4_T1-4,eulerian,B_structured_missing,aggressive_temporal,500.0,w,1.1186230333524656
K4_T1-4,eulerian,B_structured_missing,aggressive_temporal,1263.157894736842,u,1.8981030791494842
K4_T1-4,eulerian,B_structured_missing,aggressive_temporal,1263.157894736842,v,2.689444492803477
K4_T1-4,eulerian,B_structured_missing,aggressive_temporal,1263.157894736842,w,1.1237186246727224
K4_T1-4,eulerian,B_structured_missing,aggressive_temporal,2026.3157894736842,u,2.5775325422940027
K4_T1-4,eulerian,B_structured_missing,aggressive_temporal,2026.3157894736842,v,2.9618741436914395
K4_T1-4,eulerian,B_structured_missing,aggressive_temporal,2026.3157894736842,w,1.1604957811057233
K4_T1-4,eulerian,B_structured_missing,aggressive_temporal,2789.4736842105262,u,2.9900348100398664
K4_T1-4,eulerian,B_structured_missing,aggressive_temporal,2789.4736842105262,v,3.1039452756445507
K4_T1-4,eulerian,B_structured_missing,aggressive_temporal,2789.4736842105262,w,1.2743224584563118
K4_T1-4,eulerian,B_structured_missing,aggressive_temporal,3552.6315789473683,u,2.891809991943389
K4_T1-4,eulerian,B_structured_missing,aggressive_temporal,3552.6315789473683,v,2.9749041755301984
K4_T1-4,eulerian,B_structured_missing,aggressive_temporal,3552.6315789473683,w,1.1049203861154033
K4_T1-4,eulerian,B_structured_missing,aggressive_temporal,4315.78947368421,u,2.7233017942476567
K4_T1-4,eulerian,B_structured_missing,aggressive_temporal,4315.78947368421,v,2.4899920418850976
K4_T1-4,eulerian,B_structured_missing,aggressive_temporal,4315.78947368421,w,0.930711579266656
K4_T1-4,eulerian,B_structured_missing,aggressive_temporal,5078.9473684210525,u,1.8781538101152073
K4_T1-4,eulerian,B_structured_missing,aggressive_temporal,5078.9473684210525,v,2.576456166950152
K4_T1-4,eulerian,B_structured_missing,aggressive_temporal,5078.9473684210525,w,0.3736296485763419
K4_T1-4,eulerian,B_structured_missing,aggressive_temporal,5842.105263157895,u,2.981202024238736
K4_T1-4,eulerian,B_structured_missing,aggressive_temporal,5842.105263157895,v,2.255625645780872
K4_T1-4,eulerian,B_structured_missing,aggressive_temporal,5842.105263157895,w,0.4674412601264411
K4_T1-4,eulerian,B_structured_missing,aggressive_temporal,6605.263157894737,u,nan
K4_T1-4,eulerian,B_structured_missing,aggressive_temporal,6605.263157894737,v,nan
K4_T1-4,eulerian,B_structured_missing,aggressive_temporal,6605.263157894737,w,nan
K4_T1-4,eulerian,B_structured_missing,compact_temporal,500.0,u,0.8655657630818824
K4_T1-4,eulerian,B_structured_missing,compact_temporal,500.0,v,1.4423858501485232
K4_T1-4,eulerian,B_structured_missing,compact_temporal,500.0,w,0.6359378756908224
K4_T1-4,eulerian,B_structured_missing,compact_temporal,1263.157894736842,u,0.9399868745943915
K4_T1-4,eulerian,B_structured_missing,compact_temporal,1263.157894736842,v,1.2226737223000756
K4_T1-4,eulerian,B_structured_missing,compact_temporal,1263.157894736842,w,0.7154701101359341
K4_T1-4,eulerian,B_structured_missing,compact_temporal,2026.3157894736842,u,1.1762342245628041
K4_T1-4,eulerian,B_structured_missing,compact_temporal,2026.3157894736842,v,1.2125019842740858
K4_T1-4,eulerian,B_structured_missing,compact_temporal,2026.3157894736842,w,0.8027520470237791
K4_T1-4,eulerian,B_structured_missing,compact_temporal,2789.4736842105262,u,1.375073557107913
K4_T1-4,eulerian,B_structured_missing,compact_temporal,2789.4736842105262,v,1.3408938703011402
K4_T1-4,eulerian,B_structured_missing,compact_temporal,2789.4736842105262,w,0.8687814326708307
K4_T1-4,eulerian,B_structured_missing,compact_temporal,3552.6315789473683,u,1.3961087379129724
K4_T1-4,eulerian,B_structured_missing,compact_temporal,3552.6315789473683,v,1.3901467012405022
K4_T1-4,eulerian,B_structured_missing,compact_temporal,3552.6315789473683,w,0.7748371594900532
K4_T1-4,eulerian,B_structured_missing,compact_temporal,4315.78947368421,u,1.2284131320866707
K4_T1-4,eulerian,B_structured_missing,compact_temporal,4315.78947368421,v,1.316795569826051
K4_T1-4,eulerian,B_structured_missing,compact_temporal,4315.78947368421,w,0.684629517965176
K4_T1-4,eulerian,B_structured_missing,compact_temporal,5078.9473684210525,u,0.8207934592714016
K4_T1-4,eulerian,B_structured_missing,compact_temporal,5078.9473684210525,v,0.7602609262455234
K4_T1-4,eulerian,B_structured_missing,compact_temporal,5078.9473684210525,w,0.2381174834098991
K4_T1-4,eulerian,B_structured_missing,compact_temporal,5842.105263157895,u,1.123155101701502
K4_T1-4,eulerian,B_structured_missing,compact_temporal,5842.105263157895,v,0.6432847595896745
K4_T1-4,eulerian,B_structured_missing,compact_temporal,5842.105263157895,w,0.35983196492010844
K4_T1-4,eulerian,B_structured_missing,compact_temporal,6605.263157894737,u,nan
K4_T1-4,eulerian,B_structured_missing,compact_temporal,6605.263157894737,v,nan
K4_T1-4,eulerian,B_structured_missing,compact_temporal,6605.263157894737,w,nan
K4_T1-4,eulerian,B_structured_missing,moderate_temporal,500.0,u,1.3218380679506037
K4_T1-4,eulerian,B_structured_missing,moderate_temporal,500.0,v,0.9425915930798906
K4_T1-4,eulerian,B_structured_missing,moderate_temporal,500.0,w,0.4190524981432247
K4_T1-4,eulerian,B_structured_missing,moderate_temporal,1263.157894736842,u,1.139397457700377
K4_T1-4,eulerian,B_structured_missing,moderate_temporal,1263.157894736842,v,0.9610867673605004
K4_T1-4,eulerian,B_structured_missing,moderate_temporal,1263.157894736842,w,0.46803166220050146
K4_T1-4,eulerian,B_structured_missing,moderate_temporal,2026.3157894736842,u,1.0170641665943707
K4_T1-4,eulerian,B_structured_missing,moderate_temporal,2026.3157894736842,v,0.8758491837794277
K4_T1-4,eulerian,B_structured_missing,moderate_temporal,2026.3157894736842,w,0.49027135885995804
K4_T1-4,eulerian,B_structured_missing,moderate_temporal,2789.4736842105262,u,0.9834269086262775
K4_T1-4,eulerian,B_structured_missing,moderate_temporal,2789.4736842105262,v,0.6711633230720807
K4_T1-4,eulerian,B_structured_missing,moderate_temporal,2789.4736842105262,w,0.4797290221306116
K4_T1-4,eulerian,B_structured_missing,moderate_temporal,3552.6315789473683,u,0.9149650635204456
K4_T1-4,eulerian,B_structured_missing,moderate_temporal,3552.6315789473683,v,0.6347198274581038
K4_T1-4,eulerian,B_structured_missing,moderate_temporal,3552.6315789473683,w,0.4574331929538963
K4_T1-4,eulerian,B_structured_missing,moderate_temporal,4315.78947368421,u,0.8361675878826068
K4_T1-4,eulerian,B_structured_missing,moderate_temporal,4315.78947368421,v,0.6226087045588129
K4_T1-4,eulerian,B_structured_missing,moderate_temporal,4315.78947368421,w,0.4521230402973485
K4_T1-4,eulerian,B_structured_missing,moderate_temporal,5078.9473684210525,u,0.7958625581433624
K4_T1-4,eulerian,B_structured_missing,moderate_temporal,5078.9473684210525,v,0.5218906280843227
K4_T1-4,eulerian,B_structured_missing,moderate_temporal,5078.9473684210525,w,0.13889883737973202
K4_T1-4,eulerian,B_structured_missing,moderate_temporal,5842.105263157895,u,0.9968758179918955
K4_T1-4,eulerian,B_structured_missing,moderate_temporal,5842.105263157895,v,0.4650039554204609
K4_T1-4,eulerian,B_structured_missing,moderate_temporal,5842.105263157895,w,0.12821026539379074
K4_T1-4,eulerian,B_structured_missing,moderate_temporal,6605.263157894737,u,nan
K4_T1-4,eulerian,B_structured_missing,moderate_temporal,6605.263157894737,v,nan
K4_T1-4,eulerian,B_structured_missing,moderate_temporal,6605.263157894737,w,nan
K4_T1-4,eulerian,B_structured_missing,compact_rt_full,500.0,u,0.5938689513104912
K4_T1-4,eulerian,B_structured_missing,compact_rt_full,500.0,v,0.6336361606316196
K4_T1-4,eulerian,B_structured_missing,compact_rt_full,500.0,w,0.10278586336900533
K4_T1-4,eulerian,B_structured_missing,compact_rt_full,1263.157894736842,u,0.48179755749518993
K4_T1-4,eulerian,B_structured_missing,compact_rt_full,1263.157894736842,v,0.4096875068104611
K4_T1-4,eulerian,B_structured_missing,compact_rt_full,1263.157894736842,w,0.11008603511016772
K4_T1-4,eulerian,B_structured_missing,compact_rt_full,2026.3157894736842,u,0.34414313105175265
K4_T1-4,eulerian,B_structured_missing,compact_rt_full,2026.3157894736842,v,0.2681337747415137
K4_T1-4,eulerian,B_structured_missing,compact_rt_full,2026.3157894736842,w,0.12685675969305546
K4_T1-4,eulerian,B_structured_missing,compact_rt_full,2789.4736842105262,u,0.3049463186724802
K4_T1-4,eulerian,B_structured_missing,compact_rt_full,2789.4736842105262,v,0.3603151867025387
K4_T1-4,eulerian,B_structured_missing,compact_rt_full,2789.4736842105262,w,0.14477136243629
K4_T1-4,eulerian,B_structured_missing,compact_rt_full,3552.6315789473683,u,0.2766459679143505
K4_T1-4,eulerian,B_structured_missing,compact_rt_full,3552.6315789473683,v,0.31834452492040305
K4_T1-4,eulerian,B_structured_missing,compact_rt_full,3552.6315789473683,w,0.1278168610038481
K4_T1-4,eulerian,B_structured_missing,compact_rt_full,4315.78947368421,u,0.35836250732156727
K4_T1-4,eulerian,B_structured_missing,compact_rt_full,4315.78947368421,v,0.45668543398850636
K4_T1-4,eulerian,B_structured_missing,compact_rt_full,4315.78947368421,w,0.11909581084079837
K4_T1-4,eulerian,B_structured_missing,compact_rt_full,5078.9473684210525,u,0.5725987236228789
K4_T1-4,eulerian,B_structured_missing,compact_rt_full,5078.9473684210525,v,0.4089094879037302
K4_T1-4,eulerian,B_structured_missing,compact_rt_full,5078.9473684210525,w,0.08059746862362398
K4_T1-4,eulerian,B_structured_missing,compact_rt_full,5842.105263157895,u,1.0261644513655466
K4_T1-4,eulerian,B_structured_missing,compact_rt_full,5842.105263157895,v,0.4290186820173895
K4_T1-4,eulerian,B_structured_missing,compact_rt_full,5842.105263157895,w,0.04669411748428154
K4_T1-4,eulerian,B_structured_missing,compact_rt_full,6605.263157894737,u,nan
K4_T1-4,eulerian,B_structured_missing,compact_rt_full,6605.263157894737,v,nan
K4_T1-4,eulerian,B_structured_missing,compact_rt_full,6605.263157894737,w,nan
K4_T1-4,eulerian,B_structured_missing,moderate_rt_full,500.0,u,3.484851175190485
K4_T1-4,eulerian,B_structured_missing,moderate_rt_full,500.0,v,1.2876999431257805
K4_T1-4,eulerian,B_structured_missing,moderate_rt_full,500.0,w,0.37080286706656496
K4_T1-4,eulerian,B_structured_missing,moderate_rt_full,1263.157894736842,u,2.868036475597644
K4_T1-4,eulerian,B_structured_missing,moderate_rt_full,1263.157894736842,v,1.3886527963667799
K4_T1-4,eulerian,B_structured_missing,moderate_rt_full,1263.157894736842,w,0.29980375702759854
K4_T1-4,eulerian,B_structured_missing,moderate_rt_full,2026.3157894736842,u,1.8209359715286315
K4_T1-4,eulerian,B_structured_missing,moderate_rt_full,2026.3157894736842,v,1.2382231500990988
K4_T1-4,eulerian,B_structured_missing,moderate_rt_full,2026.3157894736842,w,0.21621945686197083
K4_T1-4,eulerian,B_structured_missing,moderate_rt_full,2789.4736842105262,u,0.2933490148658572
K4_T1-4,eulerian,B_structured_missing,moderate_rt_full,2789.4736842105262,v,0.32761349071644785
K4_T1-4,eulerian,B_structured_missing,moderate_rt_full,2789.4736842105262,w,0.08974026800148316
K4_T1-4,eulerian,B_structured_missing,moderate_rt_full,3552.6315789473683,u,0.31224210308637823
K4_T1-4,eulerian,B_structured_missing,moderate_rt_full,3552.6315789473683,v,0.33512174138955425
K4_T1-4,eulerian,B_structured_missing,moderate_rt_full,3552.6315789473683,w,0.0849474184150147
K4_T1-4,eulerian,B_structured_missing,moderate_rt_full,4315.78947368421,u,0.6822248374409735
K4_T1-4,eulerian,B_structured_missing,moderate_rt_full,4315.78947368421,v,0.6800236386957188
K4_T1-4,eulerian,B_structured_missing,moderate_rt_full,4315.78947368421,w,0.12355234878473156
K4_T1-4,eulerian,B_structured_missing,moderate_rt_full,5078.9473684210525,u,0.6293827166308317
K4_T1-4,eulerian,B_structured_missing,moderate_rt_full,5078.9473684210525,v,0.3397838004607823
K4_T1-4,eulerian,B_structured_missing,moderate_rt_full,5078.9473684210525,w,0.06788469212335875
K4_T1-4,eulerian,B_structured_missing,moderate_rt_full,5842.105263157895,u,0.8887277240946648
K4_T1-4,eulerian,B_structured_missing,moderate_rt_full,5842.105263157895,v,0.353855691204888
K4_T1-4,eulerian,B_structured_missing,moderate_rt_full,5842.105263157895,w,0.04371969095063392
K4_T1-4,eulerian,B_structured_missing,moderate_rt_full,6605.263157894737,u,nan
K4_T1-4,eulerian,B_structured_missing,moderate_rt_full,6605.263157894737,v,nan
K4_T1-4,eulerian,B_structured_missing,moderate_rt_full,6605.263157894737,w,nan
K4_T1-4,storm_relative,A_common_dense,aggressive_temporal,2026.3157894736842,u,2.5000184875713547
K4_T1-4,storm_relative,A_common_dense,aggressive_temporal,2026.3157894736842,v,1.8149808728512784
K4_T1-4,storm_relative,A_common_dense,aggressive_temporal,2026.3157894736842,w,1.2626309642951543
K4_T1-4,storm_relative,A_common_dense,aggressive_temporal,2789.4736842105262,u,2.25925699807323
K4_T1-4,storm_relative,A_common_dense,aggressive_temporal,2789.4736842105262,v,1.591138707972326
K4_T1-4,storm_relative,A_common_dense,aggressive_temporal,2789.4736842105262,w,1.1880909211217214
K4_T1-4,storm_relative,A_common_dense,aggressive_temporal,3552.6315789473683,u,1.7882607012028042
K4_T1-4,storm_relative,A_common_dense,aggressive_temporal,3552.6315789473683,v,1.4348046935413963
K4_T1-4,storm_relative,A_common_dense,aggressive_temporal,3552.6315789473683,w,1.0408760178586984
K4_T1-4,storm_relative,A_common_dense,aggressive_temporal,4315.78947368421,u,1.3397503140820435
K4_T1-4,storm_relative,A_common_dense,aggressive_temporal,4315.78947368421,v,1.19291264421443
K4_T1-4,storm_relative,A_common_dense,aggressive_temporal,4315.78947368421,w,0.8378138801367219
K4_T1-4,storm_relative,A_common_dense,aggressive_temporal,5078.9473684210525,u,1.39814344964124
K4_T1-4,storm_relative,A_common_dense,aggressive_temporal,5078.9473684210525,v,1.0385714895254523
K4_T1-4,storm_relative,A_common_dense,aggressive_temporal,5078.9473684210525,w,0.6028967884986962
K4_T1-4,storm_relative,A_common_dense,compact_temporal,2026.3157894736842,u,0.6125406548238569
K4_T1-4,storm_relative,A_common_dense,compact_temporal,2026.3157894736842,v,1.0435964375596674
K4_T1-4,storm_relative,A_common_dense,compact_temporal,2026.3157894736842,w,0.5575678309385986
K4_T1-4,storm_relative,A_common_dense,compact_temporal,2789.4736842105262,u,0.4954194756518279
K4_T1-4,storm_relative,A_common_dense,compact_temporal,2789.4736842105262,v,0.9804794707571337
K4_T1-4,storm_relative,A_common_dense,compact_temporal,2789.4736842105262,w,0.5090039251341925
K4_T1-4,storm_relative,A_common_dense,compact_temporal,3552.6315789473683,u,0.40780630192480993
K4_T1-4,storm_relative,A_common_dense,compact_temporal,3552.6315789473683,v,0.9419352109439019
K4_T1-4,storm_relative,A_common_dense,compact_temporal,3552.6315789473683,w,0.4445818332600228
K4_T1-4,storm_relative,A_common_dense,compact_temporal,4315.78947368421,u,0.37418501589497755
K4_T1-4,storm_relative,A_common_dense,compact_temporal,4315.78947368421,v,0.8705652097496228
K4_T1-4,storm_relative,A_common_dense,compact_temporal,4315.78947368421,w,0.36504744530331584
K4_T1-4,storm_relative,A_common_dense,compact_temporal,5078.9473684210525,u,0.4179465284166957
K4_T1-4,storm_relative,A_common_dense,compact_temporal,5078.9473684210525,v,0.7535826587050077
K4_T1-4,storm_relative,A_common_dense,compact_temporal,5078.9473684210525,w,0.27710678134649686
K4_T1-4,storm_relative,A_common_dense,moderate_temporal,2026.3157894736842,u,0.20612775016789328
K4_T1-4,storm_relative,A_common_dense,moderate_temporal,2026.3157894736842,v,0.44278896914750393
K4_T1-4,storm_relative,A_common_dense,moderate_temporal,2026.3157894736842,w,0.29872249905985737
K4_T1-4,storm_relative,A_common_dense,moderate_temporal,2789.4736842105262,u,0.17957280330189856
K4_T1-4,storm_relative,A_common_dense,moderate_temporal,2789.4736842105262,v,0.26920560686351874
K4_T1-4,storm_relative,A_common_dense,moderate_temporal,2789.4736842105262,w,0.27748535235573735
K4_T1-4,storm_relative,A_common_dense,moderate_temporal,3552.6315789473683,u,0.1809959235814748
K4_T1-4,storm_relative,A_common_dense,moderate_temporal,3552.6315789473683,v,0.19697656945437975
K4_T1-4,storm_relative,A_common_dense,moderate_temporal,3552.6315789473683,w,0.24234376022469928
K4_T1-4,storm_relative,A_common_dense,moderate_temporal,4315.78947368421,u,0.17604969914723412
K4_T1-4,storm_relative,A_common_dense,moderate_temporal,4315.78947368421,v,0.18538947608776354
K4_T1-4,storm_relative,A_common_dense,moderate_temporal,4315.78947368421,w,0.1964540791525618
K4_T1-4,storm_relative,A_common_dense,moderate_temporal,5078.9473684210525,u,0.17085147250625723
K4_T1-4,storm_relative,A_common_dense,moderate_temporal,5078.9473684210525,v,0.17847843532048294
K4_T1-4,storm_relative,A_common_dense,moderate_temporal,5078.9473684210525,w,0.1447903330377977
K4_T1-4,storm_relative,A_common_dense,compact_rt_full,2026.3157894736842,u,0.4709229763465946
K4_T1-4,storm_relative,A_common_dense,compact_rt_full,2026.3157894736842,v,0.5675804639008292
K4_T1-4,storm_relative,A_common_dense,compact_rt_full,2026.3157894736842,w,0.24381214819159747
K4_T1-4,storm_relative,A_common_dense,compact_rt_full,2789.4736842105262,u,0.35078266734439734
K4_T1-4,storm_relative,A_common_dense,compact_rt_full,2789.4736842105262,v,0.6596308617539897
K4_T1-4,storm_relative,A_common_dense,compact_rt_full,2789.4736842105262,w,0.2337745896098873
K4_T1-4,storm_relative,A_common_dense,compact_rt_full,3552.6315789473683,u,0.2482987587871498
K4_T1-4,storm_relative,A_common_dense,compact_rt_full,3552.6315789473683,v,0.7075802037617303
K4_T1-4,storm_relative,A_common_dense,compact_rt_full,3552.6315789473683,w,0.20599137051678146
K4_T1-4,storm_relative,A_common_dense,compact_rt_full,4315.78947368421,u,0.20724759124731287
K4_T1-4,storm_relative,A_common_dense,compact_rt_full,4315.78947368421,v,0.6875513390648771
K4_T1-4,storm_relative,A_common_dense,compact_rt_full,4315.78947368421,w,0.16539191303388287
K4_T1-4,storm_relative,A_common_dense,compact_rt_full,5078.9473684210525,u,0.25509799624117385
K4_T1-4,storm_relative,A_common_dense,compact_rt_full,5078.9473684210525,v,0.6081129862321704
K4_T1-4,storm_relative,A_common_dense,compact_rt_full,5078.9473684210525,w,0.11973582167075877
K4_T1-4,storm_relative,A_common_dense,moderate_rt_full,2026.3157894736842,u,0.04919551298344985
K4_T1-4,storm_relative,A_common_dense,moderate_rt_full,2026.3157894736842,v,0.049893861494488975
K4_T1-4,storm_relative,A_common_dense,moderate_rt_full,2026.3157894736842,w,0.03850553995760766
K4_T1-4,storm_relative,A_common_dense,moderate_rt_full,2789.4736842105262,u,0.048062470896883557
K4_T1-4,storm_relative,A_common_dense,moderate_rt_full,2789.4736842105262,v,0.0552703083346858
K4_T1-4,storm_relative,A_common_dense,moderate_rt_full,2789.4736842105262,w,0.043390655422269886
K4_T1-4,storm_relative,A_common_dense,moderate_rt_full,3552.6315789473683,u,0.04650186610030476
K4_T1-4,storm_relative,A_common_dense,moderate_rt_full,3552.6315789473683,v,0.05947247434462739
K4_T1-4,storm_relative,A_common_dense,moderate_rt_full,3552.6315789473683,w,0.04300483317870245
K4_T1-4,storm_relative,A_common_dense,moderate_rt_full,4315.78947368421,u,0.04378417690140261
K4_T1-4,storm_relative,A_common_dense,moderate_rt_full,4315.78947368421,v,0.05884148755536475
K4_T1-4,storm_relative,A_common_dense,moderate_rt_full,4315.78947368421,w,0.0387562301324472
K4_T1-4,storm_relative,A_common_dense,moderate_rt_full,5078.9473684210525,u,0.04051717501178327
K4_T1-4,storm_relative,A_common_dense,moderate_rt_full,5078.9473684210525,v,0.05372725198038411
K4_T1-4,storm_relative,A_common_dense,moderate_rt_full,5078.9473684210525,w,0.03273451783712302
K4_T1-4,storm_relative,B_structured_missing,aggressive_temporal,500.0,u,1.9455813955131644
K4_T1-4,storm_relative,B_structured_missing,aggressive_temporal,500.0,v,2.406672047355392
K4_T1-4,storm_relative,B_structured_missing,aggressive_temporal,500.0,w,1.0356445130203742
K4_T1-4,storm_relative,B_structured_missing,aggressive_temporal,1263.157894736842,u,1.6758816793115636
K4_T1-4,storm_relative,B_structured_missing,aggressive_temporal,1263.157894736842,v,1.9170290361746976
K4_T1-4,storm_relative,B_structured_missing,aggressive_temporal,1263.157894736842,w,1.110017944418113
K4_T1-4,storm_relative,B_structured_missing,aggressive_temporal,2026.3157894736842,u,1.9684942270265389
K4_T1-4,storm_relative,B_structured_missing,aggressive_temporal,2026.3157894736842,v,1.899702752124299
K4_T1-4,storm_relative,B_structured_missing,aggressive_temporal,2026.3157894736842,w,1.168810822845996
K4_T1-4,storm_relative,B_structured_missing,aggressive_temporal,2789.4736842105262,u,2.256793519633304
K4_T1-4,storm_relative,B_structured_missing,aggressive_temporal,2789.4736842105262,v,2.12029937594217
K4_T1-4,storm_relative,B_structured_missing,aggressive_temporal,2789.4736842105262,w,1.2679657852649533
K4_T1-4,storm_relative,B_structured_missing,aggressive_temporal,3552.6315789473683,u,2.2241919935390126
K4_T1-4,storm_relative,B_structured_missing,aggressive_temporal,3552.6315789473683,v,2.1194410918175963
K4_T1-4,storm_relative,B_structured_missing,aggressive_temporal,3552.6315789473683,w,1.1369894135936833
K4_T1-4,storm_relative,B_structured_missing,aggressive_temporal,4315.78947368421,u,1.9846878447288494
K4_T1-4,storm_relative,B_structured_missing,aggressive_temporal,4315.78947368421,v,1.857852623899656
K4_T1-4,storm_relative,B_structured_missing,aggressive_temporal,4315.78947368421,w,0.9338994874511992
K4_T1-4,storm_relative,B_structured_missing,aggressive_temporal,5078.9473684210525,u,1.839237811130779
K4_T1-4,storm_relative,B_structured_missing,aggressive_temporal,5078.9473684210525,v,1.9534391064329917
K4_T1-4,storm_relative,B_structured_missing,aggressive_temporal,5078.9473684210525,w,0.3797686392498419
K4_T1-4,storm_relative,B_structured_missing,aggressive_temporal,5842.105263157895,u,5.452224289383773
K4_T1-4,storm_relative,B_structured_missing,aggressive_temporal,5842.105263157895,v,1.1893409061381126
K4_T1-4,storm_relative,B_structured_missing,aggressive_temporal,5842.105263157895,w,0.27831964966585127
K4_T1-4,storm_relative,B_structured_missing,aggressive_temporal,6605.263157894737,u,nan
K4_T1-4,storm_relative,B_structured_missing,aggressive_temporal,6605.263157894737,v,nan
K4_T1-4,storm_relative,B_structured_missing,aggressive_temporal,6605.263157894737,w,nan
K4_T1-4,storm_relative,B_structured_missing,compact_temporal,500.0,u,0.9955824044003139
K4_T1-4,storm_relative,B_structured_missing,compact_temporal,500.0,v,1.3021960359595115
K4_T1-4,storm_relative,B_structured_missing,compact_temporal,500.0,w,0.6303983271789295
K4_T1-4,storm_relative,B_structured_missing,compact_temporal,1263.157894736842,u,1.0009893019689176
K4_T1-4,storm_relative,B_structured_missing,compact_temporal,1263.157894736842,v,1.0451977562946964
K4_T1-4,storm_relative,B_structured_missing,compact_temporal,1263.157894736842,w,0.6646794960168367
K4_T1-4,storm_relative,B_structured_missing,compact_temporal,2026.3157894736842,u,1.1287683346471609
K4_T1-4,storm_relative,B_structured_missing,compact_temporal,2026.3157894736842,v,0.9598905191656593
K4_T1-4,storm_relative,B_structured_missing,compact_temporal,2026.3157894736842,w,0.7107308198447793
K4_T1-4,storm_relative,B_structured_missing,compact_temporal,2789.4736842105262,u,1.2026286757981612
K4_T1-4,storm_relative,B_structured_missing,compact_temporal,2789.4736842105262,v,0.9676095641194857
K4_T1-4,storm_relative,B_structured_missing,compact_temporal,2789.4736842105262,w,0.7494989435313771
K4_T1-4,storm_relative,B_structured_missing,compact_temporal,3552.6315789473683,u,1.151990243617524
K4_T1-4,storm_relative,B_structured_missing,compact_temporal,3552.6315789473683,v,0.9655830335701067
K4_T1-4,storm_relative,B_structured_missing,compact_temporal,3552.6315789473683,w,0.6972370503029683
K4_T1-4,storm_relative,B_structured_missing,compact_temporal,4315.78947368421,u,0.900758683716678
K4_T1-4,storm_relative,B_structured_missing,compact_temporal,4315.78947368421,v,0.8776595592355853
K4_T1-4,storm_relative,B_structured_missing,compact_temporal,4315.78947368421,w,0.6273400995299161
K4_T1-4,storm_relative,B_structured_missing,compact_temporal,5078.9473684210525,u,0.9149689645309509
K4_T1-4,storm_relative,B_structured_missing,compact_temporal,5078.9473684210525,v,0.6620076323466537
K4_T1-4,storm_relative,B_structured_missing,compact_temporal,5078.9473684210525,w,0.1569924161650372
K4_T1-4,storm_relative,B_structured_missing,compact_temporal,5842.105263157895,u,0.6593729637253212
K4_T1-4,storm_relative,B_structured_missing,compact_temporal,5842.105263157895,v,0.12914882571584307
K4_T1-4,storm_relative,B_structured_missing,compact_temporal,5842.105263157895,w,0.02052926722199221
K4_T1-4,storm_relative,B_structured_missing,compact_temporal,6605.263157894737,u,nan
K4_T1-4,storm_relative,B_structured_missing,compact_temporal,6605.263157894737,v,nan
K4_T1-4,storm_relative,B_structured_missing,compact_temporal,6605.263157894737,w,nan
K4_T1-4,storm_relative,B_structured_missing,moderate_temporal,500.0,u,1.6387827336339553
K4_T1-4,storm_relative,B_structured_missing,moderate_temporal,500.0,v,1.0610265166223245
K4_T1-4,storm_relative,B_structured_missing,moderate_temporal,500.0,w,0.37537594195785356
K4_T1-4,storm_relative,B_structured_missing,moderate_temporal,1263.157894736842,u,1.5084570890510838
K4_T1-4,storm_relative,B_structured_missing,moderate_temporal,1263.157894736842,v,1.0298158655468868
K4_T1-4,storm_relative,B_structured_missing,moderate_temporal,1263.157894736842,w,0.3777864685058742
K4_T1-4,storm_relative,B_structured_missing,moderate_temporal,2026.3157894736842,u,1.0606183049906326
K4_T1-4,storm_relative,B_structured_missing,moderate_temporal,2026.3157894736842,v,0.8610547763407141
K4_T1-4,storm_relative,B_structured_missing,moderate_temporal,2026.3157894736842,w,0.3690707682990797
K4_T1-4,storm_relative,B_structured_missing,moderate_temporal,2789.4736842105262,u,0.8003583632958097
K4_T1-4,storm_relative,B_structured_missing,moderate_temporal,2789.4736842105262,v,0.7433896416587887
K4_T1-4,storm_relative,B_structured_missing,moderate_temporal,2789.4736842105262,w,0.3542753150714156
K4_T1-4,storm_relative,B_structured_missing,moderate_temporal,3552.6315789473683,u,0.7520785667097281
K4_T1-4,storm_relative,B_structured_missing,moderate_temporal,3552.6315789473683,v,0.7028960297780822
K4_T1-4,storm_relative,B_structured_missing,moderate_temporal,3552.6315789473683,w,0.37392759789567553
K4_T1-4,storm_relative,B_structured_missing,moderate_temporal,4315.78947368421,u,0.6943451945594666
K4_T1-4,storm_relative,B_structured_missing,moderate_temporal,4315.78947368421,v,0.6208400337290181
K4_T1-4,storm_relative,B_structured_missing,moderate_temporal,4315.78947368421,w,0.37921613075548305
K4_T1-4,storm_relative,B_structured_missing,moderate_temporal,5078.9473684210525,u,0.716629904682411
K4_T1-4,storm_relative,B_structured_missing,moderate_temporal,5078.9473684210525,v,0.49227697152557925
K4_T1-4,storm_relative,B_structured_missing,moderate_temporal,5078.9473684210525,w,0.06779425711022885
K4_T1-4,storm_relative,B_structured_missing,moderate_temporal,5842.105263157895,u,0.954946825269591
K4_T1-4,storm_relative,B_structured_missing,moderate_temporal,5842.105263157895,v,0.08886153105594374
K4_T1-4,storm_relative,B_structured_missing,moderate_temporal,5842.105263157895,w,0.0905506651494497
K4_T1-4,storm_relative,B_structured_missing,moderate_temporal,6605.263157894737,u,nan
K4_T1-4,storm_relative,B_structured_missing,moderate_temporal,6605.263157894737,v,nan
K4_T1-4,storm_relative,B_structured_missing,moderate_temporal,6605.263157894737,w,nan
K4_T1-4,storm_relative,B_structured_missing,compact_rt_full,500.0,u,0.6500321006215469
K4_T1-4,storm_relative,B_structured_missing,compact_rt_full,500.0,v,0.5658264283995642
K4_T1-4,storm_relative,B_structured_missing,compact_rt_full,500.0,w,0.10655132574278071
K4_T1-4,storm_relative,B_structured_missing,compact_rt_full,1263.157894736842,u,0.5436955851038975
K4_T1-4,storm_relative,B_structured_missing,compact_rt_full,1263.157894736842,v,0.3951735612696873
K4_T1-4,storm_relative,B_structured_missing,compact_rt_full,1263.157894736842,w,0.1056555297869067
K4_T1-4,storm_relative,B_structured_missing,compact_rt_full,2026.3157894736842,u,0.3904778039504719
K4_T1-4,storm_relative,B_structured_missing,compact_rt_full,2026.3157894736842,v,0.2938622246657568
K4_T1-4,storm_relative,B_structured_missing,compact_rt_full,2026.3157894736842,w,0.11280955725033384
K4_T1-4,storm_relative,B_structured_missing,compact_rt_full,2789.4736842105262,u,0.3545274714028168
K4_T1-4,storm_relative,B_structured_missing,compact_rt_full,2789.4736842105262,v,0.4226645646082783
K4_T1-4,storm_relative,B_structured_missing,compact_rt_full,2789.4736842105262,w,0.1391526230298136
K4_T1-4,storm_relative,B_structured_missing,compact_rt_full,3552.6315789473683,u,0.3171111384552045
K4_T1-4,storm_relative,B_structured_missing,compact_rt_full,3552.6315789473683,v,0.33095854441959827
K4_T1-4,storm_relative,B_structured_missing,compact_rt_full,3552.6315789473683,w,0.11781463181729981
K4_T1-4,storm_relative,B_structured_missing,compact_rt_full,4315.78947368421,u,0.39938164822985806
K4_T1-4,storm_relative,B_structured_missing,compact_rt_full,4315.78947368421,v,0.4954383910464865
K4_T1-4,storm_relative,B_structured_missing,compact_rt_full,4315.78947368421,w,0.12227632098436078
K4_T1-4,storm_relative,B_structured_missing,compact_rt_full,5078.9473684210525,u,0.8047780918609343
K4_T1-4,storm_relative,B_structured_missing,compact_rt_full,5078.9473684210525,v,0.47463007899456333
K4_T1-4,storm_relative,B_structured_missing,compact_rt_full,5078.9473684210525,w,0.06585788144934546
K4_T1-4,storm_relative,B_structured_missing,compact_rt_full,5842.105263157895,u,0.587498710417016
K4_T1-4,storm_relative,B_structured_missing,compact_rt_full,5842.105263157895,v,0.23750222200314042
K4_T1-4,storm_relative,B_structured_missing,compact_rt_full,5842.105263157895,w,0.014726461754384655
K4_T1-4,storm_relative,B_structured_missing,compact_rt_full,6605.263157894737,u,nan
K4_T1-4,storm_relative,B_structured_missing,compact_rt_full,6605.263157894737,v,nan
K4_T1-4,storm_relative,B_structured_missing,compact_rt_full,6605.263157894737,w,nan
K4_T1-4,storm_relative,B_structured_missing,moderate_rt_full,500.0,u,3.47069095483165
K4_T1-4,storm_relative,B_structured_missing,moderate_rt_full,500.0,v,1.2641165989364906
K4_T1-4,storm_relative,B_structured_missing,moderate_rt_full,500.0,w,0.44536497427434146
K4_T1-4,storm_relative,B_structured_missing,moderate_rt_full,1263.157894736842,u,2.8985111376858
K4_T1-4,storm_relative,B_structured_missing,moderate_rt_full,1263.157894736842,v,1.5494072365624516
K4_T1-4,storm_relative,B_structured_missing,moderate_rt_full,1263.157894736842,w,0.348330491462428
K4_T1-4,storm_relative,B_structured_missing,moderate_rt_full,2026.3157894736842,u,1.8799019852420409
K4_T1-4,storm_relative,B_structured_missing,moderate_rt_full,2026.3157894736842,v,1.3745451049696915
K4_T1-4,storm_relative,B_structured_missing,moderate_rt_full,2026.3157894736842,w,0.2321854374160881
K4_T1-4,storm_relative,B_structured_missing,moderate_rt_full,2789.4736842105262,u,0.27491059714919835
K4_T1-4,storm_relative,B_structured_missing,moderate_rt_full,2789.4736842105262,v,0.32130270240899983
K4_T1-4,storm_relative,B_structured_missing,moderate_rt_full,2789.4736842105262,w,0.08282351439718585
K4_T1-4,storm_relative,B_structured_missing,moderate_rt_full,3552.6315789473683,u,0.33378387488043765
K4_T1-4,storm_relative,B_structured_missing,moderate_rt_full,3552.6315789473683,v,0.3717751925370851
K4_T1-4,storm_relative,B_structured_missing,moderate_rt_full,3552.6315789473683,w,0.08794324599562216
K4_T1-4,storm_relative,B_structured_missing,moderate_rt_full,4315.78947368421,u,0.8061231321417395
K4_T1-4,storm_relative,B_structured_missing,moderate_rt_full,4315.78947368421,v,0.8499147429437075
K4_T1-4,storm_relative,B_structured_missing,moderate_rt_full,4315.78947368421,w,0.1299474610290135
K4_T1-4,storm_relative,B_structured_missing,moderate_rt_full,5078.9473684210525,u,0.643139455875995
K4_T1-4,storm_relative,B_structured_missing,moderate_rt_full,5078.9473684210525,v,0.41561224859774615
K4_T1-4,storm_relative,B_structured_missing,moderate_rt_full,5078.9473684210525,w,0.04439265363720192
K4_T1-4,storm_relative,B_structured_missing,moderate_rt_full,5842.105263157895,u,0.705592761653353
K4_T1-4,storm_relative,B_structured_missing,moderate_rt_full,5842.105263157895,v,0.15792636756847145
K4_T1-4,storm_relative,B_structured_missing,moderate_rt_full,5842.105263157895,w,0.08185959761538904
K4_T1-4,storm_relative,B_structured_missing,moderate_rt_full,6605.263157894737,u,nan
K4_T1-4,storm_relative,B_structured_missing,moderate_rt_full,6605.263157894737,v,nan
K4_T1-4,storm_relative,B_structured_missing,moderate_rt_full,6605.263157894737,w,nan
K4_T2-5,eulerian,A_common_dense,aggressive_temporal,2026.3157894736842,u,3.322788406523922
K4_T2-5,eulerian,A_common_dense,aggressive_temporal,2026.3157894736842,v,3.8537816835224796
K4_T2-5,eulerian,A_common_dense,aggressive_temporal,2026.3157894736842,w,1.010270745890916
K4_T2-5,eulerian,A_common_dense,aggressive_temporal,2789.4736842105262,u,3.471203271898389
K4_T2-5,eulerian,A_common_dense,aggressive_temporal,2789.4736842105262,v,3.966409276422636
K4_T2-5,eulerian,A_common_dense,aggressive_temporal,2789.4736842105262,w,0.8854206209824032
K4_T2-5,eulerian,A_common_dense,aggressive_temporal,3552.6315789473683,u,3.2511597597527184
K4_T2-5,eulerian,A_common_dense,aggressive_temporal,3552.6315789473683,v,3.851303251496472
K4_T2-5,eulerian,A_common_dense,aggressive_temporal,3552.6315789473683,w,0.7503338628320939
K4_T2-5,eulerian,A_common_dense,aggressive_temporal,4315.78947368421,u,2.8322797826625647
K4_T2-5,eulerian,A_common_dense,aggressive_temporal,4315.78947368421,v,3.5218998923599236
K4_T2-5,eulerian,A_common_dense,aggressive_temporal,4315.78947368421,w,0.6092538744539544
K4_T2-5,eulerian,A_common_dense,compact_temporal,2026.3157894736842,u,1.3088278332434067
K4_T2-5,eulerian,A_common_dense,compact_temporal,2026.3157894736842,v,1.1531691073853099
K4_T2-5,eulerian,A_common_dense,compact_temporal,2026.3157894736842,w,0.725010405583082
K4_T2-5,eulerian,A_common_dense,compact_temporal,2789.4736842105262,u,1.1530086648569495
K4_T2-5,eulerian,A_common_dense,compact_temporal,2789.4736842105262,v,1.1784602677548126
K4_T2-5,eulerian,A_common_dense,compact_temporal,2789.4736842105262,w,0.6631024465217213
K4_T2-5,eulerian,A_common_dense,compact_temporal,3552.6315789473683,u,0.9230260174424396
K4_T2-5,eulerian,A_common_dense,compact_temporal,3552.6315789473683,v,1.196551118442027
K4_T2-5,eulerian,A_common_dense,compact_temporal,3552.6315789473683,w,0.5738761322294671
K4_T2-5,eulerian,A_common_dense,compact_temporal,4315.78947368421,u,0.8557977547952169
K4_T2-5,eulerian,A_common_dense,compact_temporal,4315.78947368421,v,1.1440228515505797
K4_T2-5,eulerian,A_common_dense,compact_temporal,4315.78947368421,w,0.4662993881976755
K4_T2-5,eulerian,A_common_dense,moderate_temporal,2026.3157894736842,u,0.18884133258206756
K4_T2-5,eulerian,A_common_dense,moderate_temporal,2026.3157894736842,v,0.5299223899059726
K4_T2-5,eulerian,A_common_dense,moderate_temporal,2026.3157894736842,w,0.288052760751943
K4_T2-5,eulerian,A_common_dense,moderate_temporal,2789.4736842105262,u,0.21764565288065293
K4_T2-5,eulerian,A_common_dense,moderate_temporal,2789.4736842105262,v,0.43175845764315013
K4_T2-5,eulerian,A_common_dense,moderate_temporal,2789.4736842105262,w,0.24970953085795847
K4_T2-5,eulerian,A_common_dense,moderate_temporal,3552.6315789473683,u,0.23400785084530745
K4_T2-5,eulerian,A_common_dense,moderate_temporal,3552.6315789473683,v,0.36229209479416585
K4_T2-5,eulerian,A_common_dense,moderate_temporal,3552.6315789473683,w,0.20815005750489102
K4_T2-5,eulerian,A_common_dense,moderate_temporal,4315.78947368421,u,0.22837303720442262
K4_T2-5,eulerian,A_common_dense,moderate_temporal,4315.78947368421,v,0.3078081146839889
K4_T2-5,eulerian,A_common_dense,moderate_temporal,4315.78947368421,w,0.16449634840541433
K4_T2-5,eulerian,A_common_dense,compact_rt_full,2026.3157894736842,u,0.4563797025319291
K4_T2-5,eulerian,A_common_dense,compact_rt_full,2026.3157894736842,v,0.5668094020061418
K4_T2-5,eulerian,A_common_dense,compact_rt_full,2026.3157894736842,w,0.277425528113082
K4_T2-5,eulerian,A_common_dense,compact_rt_full,2789.4736842105262,u,0.47097198029342463
K4_T2-5,eulerian,A_common_dense,compact_rt_full,2789.4736842105262,v,0.6261893471542881
K4_T2-5,eulerian,A_common_dense,compact_rt_full,2789.4736842105262,w,0.24746085417417
K4_T2-5,eulerian,A_common_dense,compact_rt_full,3552.6315789473683,u,0.4592515649451286
K4_T2-5,eulerian,A_common_dense,compact_rt_full,3552.6315789473683,v,0.6561655982502892
K4_T2-5,eulerian,A_common_dense,compact_rt_full,3552.6315789473683,w,0.21142787336947805
K4_T2-5,eulerian,A_common_dense,compact_rt_full,4315.78947368421,u,0.42223588484110075
K4_T2-5,eulerian,A_common_dense,compact_rt_full,4315.78947368421,v,0.6372713492011679
K4_T2-5,eulerian,A_common_dense,compact_rt_full,4315.78947368421,w,0.17595962130167153
K4_T2-5,eulerian,A_common_dense,moderate_rt_full,2026.3157894736842,u,0.08140964683002107
K4_T2-5,eulerian,A_common_dense,moderate_rt_full,2026.3157894736842,v,0.12517476715920742
K4_T2-5,eulerian,A_common_dense,moderate_rt_full,2026.3157894736842,w,0.06304313257712593
K4_T2-5,eulerian,A_common_dense,moderate_rt_full,2789.4736842105262,u,0.08020337092029196
K4_T2-5,eulerian,A_common_dense,moderate_rt_full,2789.4736842105262,v,0.15008214648288348
K4_T2-5,eulerian,A_common_dense,moderate_rt_full,2789.4736842105262,w,0.06332271400291045
K4_T2-5,eulerian,A_common_dense,moderate_rt_full,3552.6315789473683,u,0.07670585276567607
K4_T2-5,eulerian,A_common_dense,moderate_rt_full,3552.6315789473683,v,0.16145072299308605
K4_T2-5,eulerian,A_common_dense,moderate_rt_full,3552.6315789473683,w,0.05972525211689561
K4_T2-5,eulerian,A_common_dense,moderate_rt_full,4315.78947368421,u,0.0701556926033987
K4_T2-5,eulerian,A_common_dense,moderate_rt_full,4315.78947368421,v,0.15686031102258544
K4_T2-5,eulerian,A_common_dense,moderate_rt_full,4315.78947368421,w,0.054367799714989694
K4_T2-5,eulerian,B_structured_missing,aggressive_temporal,500.0,u,2.186286028676942
K4_T2-5,eulerian,B_structured_missing,aggressive_temporal,500.0,v,3.2584584051848453
K4_T2-5,eulerian,B_structured_missing,aggressive_temporal,500.0,w,1.0031679575109786
K4_T2-5,eulerian,B_structured_missing,aggressive_temporal,1263.157894736842,u,2.0694396808301514
K4_T2-5,eulerian,B_structured_missing,aggressive_temporal,1263.157894736842,v,2.819546409174634
K4_T2-5,eulerian,B_structured_missing,aggressive_temporal,1263.157894736842,w,0.9682182258504778
K4_T2-5,eulerian,B_structured_missing,aggressive_temporal,2026.3157894736842,u,2.530189700117184
K4_T2-5,eulerian,B_structured_missing,aggressive_temporal,2026.3157894736842,v,2.8470519941891546
K4_T2-5,eulerian,B_structured_missing,aggressive_temporal,2026.3157894736842,w,0.9585421105032687
K4_T2-5,eulerian,B_structured_missing,aggressive_temporal,2789.4736842105262,u,2.842763832276019
K4_T2-5,eulerian,B_structured_missing,aggressive_temporal,2789.4736842105262,v,2.9261643516955873
K4_T2-5,eulerian,B_structured_missing,aggressive_temporal,2789.4736842105262,w,1.011498396769461
K4_T2-5,eulerian,B_structured_missing,aggressive_temporal,3552.6315789473683,u,2.7998226804919453
K4_T2-5,eulerian,B_structured_missing,aggressive_temporal,3552.6315789473683,v,2.875485072042701
K4_T2-5,eulerian,B_structured_missing,aggressive_temporal,3552.6315789473683,w,0.908782900057713
K4_T2-5,eulerian,B_structured_missing,aggressive_temporal,4315.78947368421,u,2.699924439276073
K4_T2-5,eulerian,B_structured_missing,aggressive_temporal,4315.78947368421,v,2.6306450797807153
K4_T2-5,eulerian,B_structured_missing,aggressive_temporal,4315.78947368421,w,0.8011082963210812
K4_T2-5,eulerian,B_structured_missing,aggressive_temporal,5078.9473684210525,u,1.8498428353780136
K4_T2-5,eulerian,B_structured_missing,aggressive_temporal,5078.9473684210525,v,2.7575389559777554
K4_T2-5,eulerian,B_structured_missing,aggressive_temporal,5078.9473684210525,w,0.4040477314024564
K4_T2-5,eulerian,B_structured_missing,aggressive_temporal,5842.105263157895,u,2.4095935522516205
K4_T2-5,eulerian,B_structured_missing,aggressive_temporal,5842.105263157895,v,1.732801096022827
K4_T2-5,eulerian,B_structured_missing,aggressive_temporal,5842.105263157895,w,0.5034429999453778
K4_T2-5,eulerian,B_structured_missing,aggressive_temporal,6605.263157894737,u,nan
K4_T2-5,eulerian,B_structured_missing,aggressive_temporal,6605.263157894737,v,nan
K4_T2-5,eulerian,B_structured_missing,aggressive_temporal,6605.263157894737,w,nan
K4_T2-5,eulerian,B_structured_missing,compact_temporal,500.0,u,1.2424921312745567
K4_T2-5,eulerian,B_structured_missing,compact_temporal,500.0,v,1.6304021813406269
K4_T2-5,eulerian,B_structured_missing,compact_temporal,500.0,w,0.7212023432911026
K4_T2-5,eulerian,B_structured_missing,compact_temporal,1263.157894736842,u,1.0382563355241052
K4_T2-5,eulerian,B_structured_missing,compact_temporal,1263.157894736842,v,1.2164805220191084
K4_T2-5,eulerian,B_structured_missing,compact_temporal,1263.157894736842,w,0.7043570704155444
K4_T2-5,eulerian,B_structured_missing,compact_temporal,2026.3157894736842,u,1.1070362781972134
K4_T2-5,eulerian,B_structured_missing,compact_temporal,2026.3157894736842,v,1.1122738583967542
K4_T2-5,eulerian,B_structured_missing,compact_temporal,2026.3157894736842,w,0.6945546796775776
K4_T2-5,eulerian,B_structured_missing,compact_temporal,2789.4736842105262,u,1.3167139488394781
K4_T2-5,eulerian,B_structured_missing,compact_temporal,2789.4736842105262,v,1.31149879209892
K4_T2-5,eulerian,B_structured_missing,compact_temporal,2789.4736842105262,w,0.7621023321842657
K4_T2-5,eulerian,B_structured_missing,compact_temporal,3552.6315789473683,u,1.3136875421603265
K4_T2-5,eulerian,B_structured_missing,compact_temporal,3552.6315789473683,v,1.2985957005624726
K4_T2-5,eulerian,B_structured_missing,compact_temporal,3552.6315789473683,w,0.7208036113659313
K4_T2-5,eulerian,B_structured_missing,compact_temporal,4315.78947368421,u,1.155164906660971
K4_T2-5,eulerian,B_structured_missing,compact_temporal,4315.78947368421,v,1.137884771602607
K4_T2-5,eulerian,B_structured_missing,compact_temporal,4315.78947368421,w,0.6523172984228529
K4_T2-5,eulerian,B_structured_missing,compact_temporal,5078.9473684210525,u,1.330175627461048
K4_T2-5,eulerian,B_structured_missing,compact_temporal,5078.9473684210525,v,0.8565361877235008
K4_T2-5,eulerian,B_structured_missing,compact_temporal,5078.9473684210525,w,0.2462182477566999
K4_T2-5,eulerian,B_structured_missing,compact_temporal,5842.105263157895,u,1.2209256281971548
K4_T2-5,eulerian,B_structured_missing,compact_temporal,5842.105263157895,v,0.7547973709789696
K4_T2-5,eulerian,B_structured_missing,compact_temporal,5842.105263157895,w,0.23199135075378421
K4_T2-5,eulerian,B_structured_missing,compact_temporal,6605.263157894737,u,nan
K4_T2-5,eulerian,B_structured_missing,compact_temporal,6605.263157894737,v,nan
K4_T2-5,eulerian,B_structured_missing,compact_temporal,6605.263157894737,w,nan
K4_T2-5,eulerian,B_structured_missing,moderate_temporal,500.0,u,1.6051746381726317
K4_T2-5,eulerian,B_structured_missing,moderate_temporal,500.0,v,1.143426156106665
K4_T2-5,eulerian,B_structured_missing,moderate_temporal,500.0,w,0.35852233132569467
K4_T2-5,eulerian,B_structured_missing,moderate_temporal,1263.157894736842,u,1.3058433807735172
K4_T2-5,eulerian,B_structured_missing,moderate_temporal,1263.157894736842,v,1.041697045879169
K4_T2-5,eulerian,B_structured_missing,moderate_temporal,1263.157894736842,w,0.3401162087510265
K4_T2-5,eulerian,B_structured_missing,moderate_temporal,2026.3157894736842,u,0.8921790740440662
K4_T2-5,eulerian,B_structured_missing,moderate_temporal,2026.3157894736842,v,0.8363117948098
K4_T2-5,eulerian,B_structured_missing,moderate_temporal,2026.3157894736842,w,0.3210337134875776
K4_T2-5,eulerian,B_structured_missing,moderate_temporal,2789.4736842105262,u,0.575376855971415
K4_T2-5,eulerian,B_structured_missing,moderate_temporal,2789.4736842105262,v,0.6508371914852665
K4_T2-5,eulerian,B_structured_missing,moderate_temporal,2789.4736842105262,w,0.3245479104421515
K4_T2-5,eulerian,B_structured_missing,moderate_temporal,3552.6315789473683,u,0.6143634571430667
K4_T2-5,eulerian,B_structured_missing,moderate_temporal,3552.6315789473683,v,0.612607595225078
K4_T2-5,eulerian,B_structured_missing,moderate_temporal,3552.6315789473683,w,0.32170004332668733
K4_T2-5,eulerian,B_structured_missing,moderate_temporal,4315.78947368421,u,0.6840064900875323
K4_T2-5,eulerian,B_structured_missing,moderate_temporal,4315.78947368421,v,0.6151484385653198
K4_T2-5,eulerian,B_structured_missing,moderate_temporal,4315.78947368421,w,0.3359734018659503
K4_T2-5,eulerian,B_structured_missing,moderate_temporal,5078.9473684210525,u,0.7925595162760677
K4_T2-5,eulerian,B_structured_missing,moderate_temporal,5078.9473684210525,v,0.45768982478765186
K4_T2-5,eulerian,B_structured_missing,moderate_temporal,5078.9473684210525,w,0.1654518332823725
K4_T2-5,eulerian,B_structured_missing,moderate_temporal,5842.105263157895,u,1.2374729988777695
K4_T2-5,eulerian,B_structured_missing,moderate_temporal,5842.105263157895,v,0.39821737248561495
K4_T2-5,eulerian,B_structured_missing,moderate_temporal,5842.105263157895,w,0.25996450459425957
K4_T2-5,eulerian,B_structured_missing,moderate_temporal,6605.263157894737,u,nan
K4_T2-5,eulerian,B_structured_missing,moderate_temporal,6605.263157894737,v,nan
K4_T2-5,eulerian,B_structured_missing,moderate_temporal,6605.263157894737,w,nan
K4_T2-5,eulerian,B_structured_missing,compact_rt_full,500.0,u,0.5040219426888459
K4_T2-5,eulerian,B_structured_missing,compact_rt_full,500.0,v,0.5622116133991191
K4_T2-5,eulerian,B_structured_missing,compact_rt_full,500.0,w,0.09867422732601272
K4_T2-5,eulerian,B_structured_missing,compact_rt_full,1263.157894736842,u,0.42698647407720397
K4_T2-5,eulerian,B_structured_missing,compact_rt_full,1263.157894736842,v,0.3662683833568907
K4_T2-5,eulerian,B_structured_missing,compact_rt_full,1263.157894736842,w,0.11043140580000481
K4_T2-5,eulerian,B_structured_missing,compact_rt_full,2026.3157894736842,u,0.3211290748096908
K4_T2-5,eulerian,B_structured_missing,compact_rt_full,2026.3157894736842,v,0.25582240634622727
K4_T2-5,eulerian,B_structured_missing,compact_rt_full,2026.3157894736842,w,0.1252775234861695
K4_T2-5,eulerian,B_structured_missing,compact_rt_full,2789.4736842105262,u,0.3244356165148716
K4_T2-5,eulerian,B_structured_missing,compact_rt_full,2789.4736842105262,v,0.32508301281812657
K4_T2-5,eulerian,B_structured_missing,compact_rt_full,2789.4736842105262,w,0.13813584865458398
K4_T2-5,eulerian,B_structured_missing,compact_rt_full,3552.6315789473683,u,0.3197274982555916
K4_T2-5,eulerian,B_structured_missing,compact_rt_full,3552.6315789473683,v,0.31651877655557786
K4_T2-5,eulerian,B_structured_missing,compact_rt_full,3552.6315789473683,w,0.12562505903686538
K4_T2-5,eulerian,B_structured_missing,compact_rt_full,4315.78947368421,u,0.40568660533539985
K4_T2-5,eulerian,B_structured_missing,compact_rt_full,4315.78947368421,v,0.43033749232950413
K4_T2-5,eulerian,B_structured_missing,compact_rt_full,4315.78947368421,w,0.12076158277319621
K4_T2-5,eulerian,B_structured_missing,compact_rt_full,5078.9473684210525,u,0.5787502478230648
K4_T2-5,eulerian,B_structured_missing,compact_rt_full,5078.9473684210525,v,0.3839572637448475
K4_T2-5,eulerian,B_structured_missing,compact_rt_full,5078.9473684210525,w,0.08028048414781136
K4_T2-5,eulerian,B_structured_missing,compact_rt_full,5842.105263157895,u,1.2201781405736498
K4_T2-5,eulerian,B_structured_missing,compact_rt_full,5842.105263157895,v,0.3366485818463901
K4_T2-5,eulerian,B_structured_missing,compact_rt_full,5842.105263157895,w,0.05828272226416359
K4_T2-5,eulerian,B_structured_missing,compact_rt_full,6605.263157894737,u,nan
K4_T2-5,eulerian,B_structured_missing,compact_rt_full,6605.263157894737,v,nan
K4_T2-5,eulerian,B_structured_missing,compact_rt_full,6605.263157894737,w,nan
K4_T2-5,eulerian,B_structured_missing,moderate_rt_full,500.0,u,3.6695704764772654
K4_T2-5,eulerian,B_structured_missing,moderate_rt_full,500.0,v,1.2686111608926605
K4_T2-5,eulerian,B_structured_missing,moderate_rt_full,500.0,w,0.29674440045659917
K4_T2-5,eulerian,B_structured_missing,moderate_rt_full,1263.157894736842,u,3.1108916464016936
K4_T2-5,eulerian,B_structured_missing,moderate_rt_full,1263.157894736842,v,1.372364171329785
K4_T2-5,eulerian,B_structured_missing,moderate_rt_full,1263.157894736842,w,0.23033754249150706
K4_T2-5,eulerian,B_structured_missing,moderate_rt_full,2026.3157894736842,u,2.174526687658081
K4_T2-5,eulerian,B_structured_missing,moderate_rt_full,2026.3157894736842,v,1.219229515033468
K4_T2-5,eulerian,B_structured_missing,moderate_rt_full,2026.3157894736842,w,0.17853647196633649
K4_T2-5,eulerian,B_structured_missing,moderate_rt_full,2789.4736842105262,u,0.32466106398968525
K4_T2-5,eulerian,B_structured_missing,moderate_rt_full,2789.4736842105262,v,0.32398596112041345
K4_T2-5,eulerian,B_structured_missing,moderate_rt_full,2789.4736842105262,w,0.09235505482010893
K4_T2-5,eulerian,B_structured_missing,moderate_rt_full,3552.6315789473683,u,0.32870128362362905
K4_T2-5,eulerian,B_structured_missing,moderate_rt_full,3552.6315789473683,v,0.3080010798387126
K4_T2-5,eulerian,B_structured_missing,moderate_rt_full,3552.6315789473683,w,0.08206528524536143
K4_T2-5,eulerian,B_structured_missing,moderate_rt_full,4315.78947368421,u,0.6584893053627173
K4_T2-5,eulerian,B_structured_missing,moderate_rt_full,4315.78947368421,v,0.5778315600774402
K4_T2-5,eulerian,B_structured_missing,moderate_rt_full,4315.78947368421,w,0.09813323843107331
K4_T2-5,eulerian,B_structured_missing,moderate_rt_full,5078.9473684210525,u,1.0357342659422226
K4_T2-5,eulerian,B_structured_missing,moderate_rt_full,5078.9473684210525,v,0.49107023088334306
K4_T2-5,eulerian,B_structured_missing,moderate_rt_full,5078.9473684210525,w,0.061243490636388245
K4_T2-5,eulerian,B_structured_missing,moderate_rt_full,5842.105263157895,u,1.1085055919084659
K4_T2-5,eulerian,B_structured_missing,moderate_rt_full,5842.105263157895,v,0.25917186118945723
K4_T2-5,eulerian,B_structured_missing,moderate_rt_full,5842.105263157895,w,0.054682695847165674
K4_T2-5,eulerian,B_structured_missing,moderate_rt_full,6605.263157894737,u,nan
K4_T2-5,eulerian,B_structured_missing,moderate_rt_full,6605.263157894737,v,nan
K4_T2-5,eulerian,B_structured_missing,moderate_rt_full,6605.263157894737,w,nan
K4_T2-5,storm_relative,A_common_dense,aggressive_temporal,2026.3157894736842,u,1.9647309311411953
K4_T2-5,storm_relative,A_common_dense,aggressive_temporal,2026.3157894736842,v,2.1599537875548633
K4_T2-5,storm_relative,A_common_dense,aggressive_temporal,2026.3157894736842,w,0.9343021534316501
K4_T2-5,storm_relative,A_common_dense,aggressive_temporal,2789.4736842105262,u,2.1098148183872407
K4_T2-5,storm_relative,A_common_dense,aggressive_temporal,2789.4736842105262,v,2.367422211516007
K4_T2-5,storm_relative,A_common_dense,aggressive_temporal,2789.4736842105262,w,0.8356377677983664
K4_T2-5,storm_relative,A_common_dense,aggressive_temporal,3552.6315789473683,u,2.100840261939623
K4_T2-5,storm_relative,A_common_dense,aggressive_temporal,3552.6315789473683,v,2.408466864885796
K4_T2-5,storm_relative,A_common_dense,aggressive_temporal,3552.6315789473683,w,0.7021606001960985
K4_T2-5,storm_relative,A_common_dense,aggressive_temporal,4315.78947368421,u,1.996894836082778
K4_T2-5,storm_relative,A_common_dense,aggressive_temporal,4315.78947368421,v,2.266146140241947
K4_T2-5,storm_relative,A_common_dense,aggressive_temporal,4315.78947368421,w,0.5501693781490556
K4_T2-5,storm_relative,A_common_dense,compact_temporal,2026.3157894736842,u,0.8515028545404913
K4_T2-5,storm_relative,A_common_dense,compact_temporal,2026.3157894736842,v,1.0102372824873627
K4_T2-5,storm_relative,A_common_dense,compact_temporal,2026.3157894736842,w,0.631312750201444
K4_T2-5,storm_relative,A_common_dense,compact_temporal,2789.4736842105262,u,0.8440539692659805
K4_T2-5,storm_relative,A_common_dense,compact_temporal,2789.4736842105262,v,0.9978375827989778
K4_T2-5,storm_relative,A_common_dense,compact_temporal,2789.4736842105262,w,0.5717517917028383
K4_T2-5,storm_relative,A_common_dense,compact_temporal,3552.6315789473683,u,0.785630668173885
K4_T2-5,storm_relative,A_common_dense,compact_temporal,3552.6315789473683,v,0.988205024056745
K4_T2-5,storm_relative,A_common_dense,compact_temporal,3552.6315789473683,w,0.4942951440503504
K4_T2-5,storm_relative,A_common_dense,compact_temporal,4315.78947368421,u,0.713008504894964
K4_T2-5,storm_relative,A_common_dense,compact_temporal,4315.78947368421,v,0.9239792210898622
K4_T2-5,storm_relative,A_common_dense,compact_temporal,4315.78947368421,w,0.40573278785894584
K4_T2-5,storm_relative,A_common_dense,moderate_temporal,2026.3157894736842,u,0.24605908383931485
K4_T2-5,storm_relative,A_common_dense,moderate_temporal,2026.3157894736842,v,0.37526066606348696
K4_T2-5,storm_relative,A_common_dense,moderate_temporal,2026.3157894736842,w,0.2791634722868204
K4_T2-5,storm_relative,A_common_dense,moderate_temporal,2789.4736842105262,u,0.27009182057768677
K4_T2-5,storm_relative,A_common_dense,moderate_temporal,2789.4736842105262,v,0.357863941956167
K4_T2-5,storm_relative,A_common_dense,moderate_temporal,2789.4736842105262,w,0.2511903250953622
K4_T2-5,storm_relative,A_common_dense,moderate_temporal,3552.6315789473683,u,0.27047895487567963
K4_T2-5,storm_relative,A_common_dense,moderate_temporal,3552.6315789473683,v,0.37947257274349555
K4_T2-5,storm_relative,A_common_dense,moderate_temporal,3552.6315789473683,w,0.21680349814591968
K4_T2-5,storm_relative,A_common_dense,moderate_temporal,4315.78947368421,u,0.24848384979218355
K4_T2-5,storm_relative,A_common_dense,moderate_temporal,4315.78947368421,v,0.38328535429826904
K4_T2-5,storm_relative,A_common_dense,moderate_temporal,4315.78947368421,w,0.17754888784059553
K4_T2-5,storm_relative,A_common_dense,compact_rt_full,2026.3157894736842,u,0.4326170052335089
K4_T2-5,storm_relative,A_common_dense,compact_rt_full,2026.3157894736842,v,0.4167771309264983
K4_T2-5,storm_relative,A_common_dense,compact_rt_full,2026.3157894736842,w,0.3362048529584372
K4_T2-5,storm_relative,A_common_dense,compact_rt_full,2789.4736842105262,u,0.38938659422471167
K4_T2-5,storm_relative,A_common_dense,compact_rt_full,2789.4736842105262,v,0.5069686946728633
K4_T2-5,storm_relative,A_common_dense,compact_rt_full,2789.4736842105262,w,0.290595881715491
K4_T2-5,storm_relative,A_common_dense,compact_rt_full,3552.6315789473683,u,0.3277455487194109
K4_T2-5,storm_relative,A_common_dense,compact_rt_full,3552.6315789473683,v,0.5464588026433279
K4_T2-5,storm_relative,A_common_dense,compact_rt_full,3552.6315789473683,w,0.23699231827034428
K4_T2-5,storm_relative,A_common_dense,compact_rt_full,4315.78947368421,u,0.2665769358757245
K4_T2-5,storm_relative,A_common_dense,compact_rt_full,4315.78947368421,v,0.5349886868030347
K4_T2-5,storm_relative,A_common_dense,compact_rt_full,4315.78947368421,w,0.18597372119339595
K4_T2-5,storm_relative,A_common_dense,moderate_rt_full,2026.3157894736842,u,0.10118138724114936
K4_T2-5,storm_relative,A_common_dense,moderate_rt_full,2026.3157894736842,v,0.10845348803150252
K4_T2-5,storm_relative,A_common_dense,moderate_rt_full,2026.3157894736842,w,0.05399995885974614
K4_T2-5,storm_relative,A_common_dense,moderate_rt_full,2789.4736842105262,u,0.1088837649643008
K4_T2-5,storm_relative,A_common_dense,moderate_rt_full,2789.4736842105262,v,0.12407515004066128
K4_T2-5,storm_relative,A_common_dense,moderate_rt_full,2789.4736842105262,w,0.05800586435548572
K4_T2-5,storm_relative,A_common_dense,moderate_rt_full,3552.6315789473683,u,0.10957861107284057
K4_T2-5,storm_relative,A_common_dense,moderate_rt_full,3552.6315789473683,v,0.1298886694611797
K4_T2-5,storm_relative,A_common_dense,moderate_rt_full,3552.6315789473683,w,0.05721482269064986
K4_T2-5,storm_relative,A_common_dense,moderate_rt_full,4315.78947368421,u,0.10321921152547016
K4_T2-5,storm_relative,A_common_dense,moderate_rt_full,4315.78947368421,v,0.12351131451558221
K4_T2-5,storm_relative,A_common_dense,moderate_rt_full,4315.78947368421,w,0.05336338145803647
K4_T2-5,storm_relative,B_structured_missing,aggressive_temporal,500.0,u,2.1394245952950453
K4_T2-5,storm_relative,B_structured_missing,aggressive_temporal,500.0,v,2.60106129568434
K4_T2-5,storm_relative,B_structured_missing,aggressive_temporal,500.0,w,0.9627926870802346
K4_T2-5,storm_relative,B_structured_missing,aggressive_temporal,1263.157894736842,u,1.7783929641949747
K4_T2-5,storm_relative,B_structured_missing,aggressive_temporal,1263.157894736842,v,2.027292104845148
K4_T2-5,storm_relative,B_structured_missing,aggressive_temporal,1263.157894736842,w,0.9539790265117644
K4_T2-5,storm_relative,B_structured_missing,aggressive_temporal,2026.3157894736842,u,1.8737149757998408
K4_T2-5,storm_relative,B_structured_missing,aggressive_temporal,2026.3157894736842,v,1.9216642815169056
K4_T2-5,storm_relative,B_structured_missing,aggressive_temporal,2026.3157894736842,w,0.9300304291353312
K4_T2-5,storm_relative,B_structured_missing,aggressive_temporal,2789.4736842105262,u,2.040863610092509
K4_T2-5,storm_relative,B_structured_missing,aggressive_temporal,2789.4736842105262,v,2.085770963654786
K4_T2-5,storm_relative,B_structured_missing,aggressive_temporal,2789.4736842105262,w,0.949348467839186
K4_T2-5,storm_relative,B_structured_missing,aggressive_temporal,3552.6315789473683,u,2.015416163808589
K4_T2-5,storm_relative,B_structured_missing,aggressive_temporal,3552.6315789473683,v,2.0861869408214955
K4_T2-5,storm_relative,B_structured_missing,aggressive_temporal,3552.6315789473683,w,0.849601517122533
K4_T2-5,storm_relative,B_structured_missing,aggressive_temporal,4315.78947368421,u,1.8235825180010152
K4_T2-5,storm_relative,B_structured_missing,aggressive_temporal,4315.78947368421,v,1.874542851036982
K4_T2-5,storm_relative,B_structured_missing,aggressive_temporal,4315.78947368421,w,0.7387869113674793
K4_T2-5,storm_relative,B_structured_missing,aggressive_temporal,5078.9473684210525,u,2.1267798117639796
K4_T2-5,storm_relative,B_structured_missing,aggressive_temporal,5078.9473684210525,v,2.1759829717052117
K4_T2-5,storm_relative,B_structured_missing,aggressive_temporal,5078.9473684210525,w,0.35936132289863004
K4_T2-5,storm_relative,B_structured_missing,aggressive_temporal,5842.105263157895,u,4.34569373899862
K4_T2-5,storm_relative,B_structured_missing,aggressive_temporal,5842.105263157895,v,1.7422105480670018
K4_T2-5,storm_relative,B_structured_missing,aggressive_temporal,5842.105263157895,w,0.2993282030139418
K4_T2-5,storm_relative,B_structured_missing,aggressive_temporal,6605.263157894737,u,nan
K4_T2-5,storm_relative,B_structured_missing,aggressive_temporal,6605.263157894737,v,nan
K4_T2-5,storm_relative,B_structured_missing,aggressive_temporal,6605.263157894737,w,nan
K4_T2-5,storm_relative,B_structured_missing,compact_temporal,500.0,u,1.1075902752804199
K4_T2-5,storm_relative,B_structured_missing,compact_temporal,500.0,v,1.5600844037395076
K4_T2-5,storm_relative,B_structured_missing,compact_temporal,500.0,w,0.5838123894151639
K4_T2-5,storm_relative,B_structured_missing,compact_temporal,1263.157894736842,u,0.8097926986133558
K4_T2-5,storm_relative,B_structured_missing,compact_temporal,1263.157894736842,v,1.128533575943946
K4_T2-5,storm_relative,B_structured_missing,compact_temporal,1263.157894736842,w,0.5749392682432838
K4_T2-5,storm_relative,B_structured_missing,compact_temporal,2026.3157894736842,u,0.882268041518797
K4_T2-5,storm_relative,B_structured_missing,compact_temporal,2026.3157894736842,v,0.9987104235856438
K4_T2-5,storm_relative,B_structured_missing,compact_temporal,2026.3157894736842,w,0.577601757901631
K4_T2-5,storm_relative,B_structured_missing,compact_temporal,2789.4736842105262,u,1.090669572657608
K4_T2-5,storm_relative,B_structured_missing,compact_temporal,2789.4736842105262,v,1.1327287944203097
K4_T2-5,storm_relative,B_structured_missing,compact_temporal,2789.4736842105262,w,0.6582298548373563
K4_T2-5,storm_relative,B_structured_missing,compact_temporal,3552.6315789473683,u,1.0922556732115922
K4_T2-5,storm_relative,B_structured_missing,compact_temporal,3552.6315789473683,v,1.0873445596577513
K4_T2-5,storm_relative,B_structured_missing,compact_temporal,3552.6315789473683,w,0.6580905987206495
K4_T2-5,storm_relative,B_structured_missing,compact_temporal,4315.78947368421,u,0.9583193931683253
K4_T2-5,storm_relative,B_structured_missing,compact_temporal,4315.78947368421,v,0.9089195601180579
K4_T2-5,storm_relative,B_structured_missing,compact_temporal,4315.78947368421,w,0.6198159067400567
K4_T2-5,storm_relative,B_structured_missing,compact_temporal,5078.9473684210525,u,1.0079267302967552
K4_T2-5,storm_relative,B_structured_missing,compact_temporal,5078.9473684210525,v,0.9304714640025382
K4_T2-5,storm_relative,B_structured_missing,compact_temporal,5078.9473684210525,w,0.2320332667633083
K4_T2-5,storm_relative,B_structured_missing,compact_temporal,5842.105263157895,u,0.9150440340430224
K4_T2-5,storm_relative,B_structured_missing,compact_temporal,5842.105263157895,v,0.7212050285794901
K4_T2-5,storm_relative,B_structured_missing,compact_temporal,5842.105263157895,w,0.033043509216484274
K4_T2-5,storm_relative,B_structured_missing,compact_temporal,6605.263157894737,u,nan
K4_T2-5,storm_relative,B_structured_missing,compact_temporal,6605.263157894737,v,nan
K4_T2-5,storm_relative,B_structured_missing,compact_temporal,6605.263157894737,w,nan
K4_T2-5,storm_relative,B_structured_missing,moderate_temporal,500.0,u,2.1504877221619463
K4_T2-5,storm_relative,B_structured_missing,moderate_temporal,500.0,v,1.06646021895378
K4_T2-5,storm_relative,B_structured_missing,moderate_temporal,500.0,w,0.39140735191465975
K4_T2-5,storm_relative,B_structured_missing,moderate_temporal,1263.157894736842,u,1.7518637986143124
K4_T2-5,storm_relative,B_structured_missing,moderate_temporal,1263.157894736842,v,1.0299312860119014
K4_T2-5,storm_relative,B_structured_missing,moderate_temporal,1263.157894736842,w,0.3963325755397481
K4_T2-5,storm_relative,B_structured_missing,moderate_temporal,2026.3157894736842,u,1.263388860764802
K4_T2-5,storm_relative,B_structured_missing,moderate_temporal,2026.3157894736842,v,0.9257614568571692
K4_T2-5,storm_relative,B_structured_missing,moderate_temporal,2026.3157894736842,w,0.3977273550205279
K4_T2-5,storm_relative,B_structured_missing,moderate_temporal,2789.4736842105262,u,0.5605356369979937
K4_T2-5,storm_relative,B_structured_missing,moderate_temporal,2789.4736842105262,v,0.623053571105202
K4_T2-5,storm_relative,B_structured_missing,moderate_temporal,2789.4736842105262,w,0.41825150090549595
K4_T2-5,storm_relative,B_structured_missing,moderate_temporal,3552.6315789473683,u,0.5806509722432558
K4_T2-5,storm_relative,B_structured_missing,moderate_temporal,3552.6315789473683,v,0.589554824112847
K4_T2-5,storm_relative,B_structured_missing,moderate_temporal,3552.6315789473683,w,0.4076119670761921
K4_T2-5,storm_relative,B_structured_missing,moderate_temporal,4315.78947368421,u,0.6906362956589919
K4_T2-5,storm_relative,B_structured_missing,moderate_temporal,4315.78947368421,v,0.6258282224739591
K4_T2-5,storm_relative,B_structured_missing,moderate_temporal,4315.78947368421,w,0.4107410869691338
K4_T2-5,storm_relative,B_structured_missing,moderate_temporal,5078.9473684210525,u,0.6655064404880909
K4_T2-5,storm_relative,B_structured_missing,moderate_temporal,5078.9473684210525,v,0.45630173075515584
K4_T2-5,storm_relative,B_structured_missing,moderate_temporal,5078.9473684210525,w,0.09787144878252725
K4_T2-5,storm_relative,B_structured_missing,moderate_temporal,5842.105263157895,u,0.6096476471085176
K4_T2-5,storm_relative,B_structured_missing,moderate_temporal,5842.105263157895,v,0.5361884819467458
K4_T2-5,storm_relative,B_structured_missing,moderate_temporal,5842.105263157895,w,0.059398132713849514
K4_T2-5,storm_relative,B_structured_missing,moderate_temporal,6605.263157894737,u,nan
K4_T2-5,storm_relative,B_structured_missing,moderate_temporal,6605.263157894737,v,nan
K4_T2-5,storm_relative,B_structured_missing,moderate_temporal,6605.263157894737,w,nan
K4_T2-5,storm_relative,B_structured_missing,compact_rt_full,500.0,u,0.5538782749375383
K4_T2-5,storm_relative,B_structured_missing,compact_rt_full,500.0,v,0.5468240676193321
K4_T2-5,storm_relative,B_structured_missing,compact_rt_full,500.0,w,0.10550418089875893
K4_T2-5,storm_relative,B_structured_missing,compact_rt_full,1263.157894736842,u,0.46276616649640334
K4_T2-5,storm_relative,B_structured_missing,compact_rt_full,1263.157894736842,v,0.36854300889551844
K4_T2-5,storm_relative,B_structured_missing,compact_rt_full,1263.157894736842,w,0.10905924846207954
K4_T2-5,storm_relative,B_structured_missing,compact_rt_full,2026.3157894736842,u,0.3444237610465361
K4_T2-5,storm_relative,B_structured_missing,compact_rt_full,2026.3157894736842,v,0.2449843026527541
K4_T2-5,storm_relative,B_structured_missing,compact_rt_full,2026.3157894736842,w,0.11717808331573304
K4_T2-5,storm_relative,B_structured_missing,compact_rt_full,2789.4736842105262,u,0.3432375806364517
K4_T2-5,storm_relative,B_structured_missing,compact_rt_full,2789.4736842105262,v,0.34201768923383086
K4_T2-5,storm_relative,B_structured_missing,compact_rt_full,2789.4736842105262,w,0.13126690415377637
K4_T2-5,storm_relative,B_structured_missing,compact_rt_full,3552.6315789473683,u,0.3530452012162052
K4_T2-5,storm_relative,B_structured_missing,compact_rt_full,3552.6315789473683,v,0.3279175308342892
K4_T2-5,storm_relative,B_structured_missing,compact_rt_full,3552.6315789473683,w,0.11593589636960376
K4_T2-5,storm_relative,B_structured_missing,compact_rt_full,4315.78947368421,u,0.4379880565532003
K4_T2-5,storm_relative,B_structured_missing,compact_rt_full,4315.78947368421,v,0.45795823089172405
K4_T2-5,storm_relative,B_structured_missing,compact_rt_full,4315.78947368421,w,0.11489059582063675
K4_T2-5,storm_relative,B_structured_missing,compact_rt_full,5078.9473684210525,u,0.6293865393517988
K4_T2-5,storm_relative,B_structured_missing,compact_rt_full,5078.9473684210525,v,0.4387060362055354
K4_T2-5,storm_relative,B_structured_missing,compact_rt_full,5078.9473684210525,w,0.06718448884926209
K4_T2-5,storm_relative,B_structured_missing,compact_rt_full,5842.105263157895,u,0.6744274087730611
K4_T2-5,storm_relative,B_structured_missing,compact_rt_full,5842.105263157895,v,0.6764063302485587
K4_T2-5,storm_relative,B_structured_missing,compact_rt_full,5842.105263157895,w,0.03755883744806276
K4_T2-5,storm_relative,B_structured_missing,compact_rt_full,6605.263157894737,u,nan
K4_T2-5,storm_relative,B_structured_missing,compact_rt_full,6605.263157894737,v,nan
K4_T2-5,storm_relative,B_structured_missing,compact_rt_full,6605.263157894737,w,nan
K4_T2-5,storm_relative,B_structured_missing,moderate_rt_full,500.0,u,3.868873567302563
K4_T2-5,storm_relative,B_structured_missing,moderate_rt_full,500.0,v,1.3205969940036688
K4_T2-5,storm_relative,B_structured_missing,moderate_rt_full,500.0,w,0.33642681180397305
K4_T2-5,storm_relative,B_structured_missing,moderate_rt_full,1263.157894736842,u,3.2506011600401847
K4_T2-5,storm_relative,B_structured_missing,moderate_rt_full,1263.157894736842,v,1.5220312790513966
K4_T2-5,storm_relative,B_structured_missing,moderate_rt_full,1263.157894736842,w,0.2879683463829703
K4_T2-5,storm_relative,B_structured_missing,moderate_rt_full,2026.3157894736842,u,2.317632080809215
K4_T2-5,storm_relative,B_structured_missing,moderate_rt_full,2026.3157894736842,v,1.4509538844797663
K4_T2-5,storm_relative,B_structured_missing,moderate_rt_full,2026.3157894736842,w,0.22260434419771286
K4_T2-5,storm_relative,B_structured_missing,moderate_rt_full,2789.4736842105262,u,0.35568678098096634
K4_T2-5,storm_relative,B_structured_missing,moderate_rt_full,2789.4736842105262,v,0.3601583141175335
K4_T2-5,storm_relative,B_structured_missing,moderate_rt_full,2789.4736842105262,w,0.08968776560771288
K4_T2-5,storm_relative,B_structured_missing,moderate_rt_full,3552.6315789473683,u,0.37289228610695163
K4_T2-5,storm_relative,B_structured_missing,moderate_rt_full,3552.6315789473683,v,0.34431784526475073
K4_T2-5,storm_relative,B_structured_missing,moderate_rt_full,3552.6315789473683,w,0.08849975250667247
K4_T2-5,storm_relative,B_structured_missing,moderate_rt_full,4315.78947368421,u,0.7954126235001329
K4_T2-5,storm_relative,B_structured_missing,moderate_rt_full,4315.78947368421,v,0.7259917966211478
K4_T2-5,storm_relative,B_structured_missing,moderate_rt_full,4315.78947368421,w,0.12512002008130393
K4_T2-5,storm_relative,B_structured_missing,moderate_rt_full,5078.9473684210525,u,0.9054589903639679
K4_T2-5,storm_relative,B_structured_missing,moderate_rt_full,5078.9473684210525,v,0.4903115786261923
K4_T2-5,storm_relative,B_structured_missing,moderate_rt_full,5078.9473684210525,w,0.060458683829302855
K4_T2-5,storm_relative,B_structured_missing,moderate_rt_full,5842.105263157895,u,0.6771464390503404
K4_T2-5,storm_relative,B_structured_missing,moderate_rt_full,5842.105263157895,v,0.4647553329627198
K4_T2-5,storm_relative,B_structured_missing,moderate_rt_full,5842.105263157895,w,0.07695481900008513
K4_T2-5,storm_relative,B_structured_missing,moderate_rt_full,6605.263157894737,u,nan
K4_T2-5,storm_relative,B_structured_missing,moderate_rt_full,6605.263157894737,v,nan
K4_T2-5,storm_relative,B_structured_missing,moderate_rt_full,6605.263157894737,w,nan
K4_T3-6,eulerian,A_common_dense,aggressive_temporal,1263.157894736842,u,2.2326100022192956
K4_T3-6,eulerian,A_common_dense,aggressive_temporal,1263.157894736842,v,3.0633236556995924
K4_T3-6,eulerian,A_common_dense,aggressive_temporal,1263.157894736842,w,1.3711610616360235
K4_T3-6,eulerian,A_common_dense,aggressive_temporal,2026.3157894736842,u,3.2027040358984453
K4_T3-6,eulerian,A_common_dense,aggressive_temporal,2026.3157894736842,v,2.9808815553903214
K4_T3-6,eulerian,A_common_dense,aggressive_temporal,2026.3157894736842,w,1.2551175173750337
K4_T3-6,eulerian,A_common_dense,aggressive_temporal,2789.4736842105262,u,3.822617104250472
K4_T3-6,eulerian,A_common_dense,aggressive_temporal,2789.4736842105262,v,2.947607711233671
K4_T3-6,eulerian,A_common_dense,aggressive_temporal,2789.4736842105262,w,1.1966297681907985
K4_T3-6,eulerian,A_common_dense,aggressive_temporal,3552.6315789473683,u,4.013364781643694
K4_T3-6,eulerian,A_common_dense,aggressive_temporal,3552.6315789473683,v,2.7844212503346766
K4_T3-6,eulerian,A_common_dense,aggressive_temporal,3552.6315789473683,w,1.0541068317145081
K4_T3-6,eulerian,A_common_dense,aggressive_temporal,4315.78947368421,u,3.8359195744570616
K4_T3-6,eulerian,A_common_dense,aggressive_temporal,4315.78947368421,v,2.4860332595696977
K4_T3-6,eulerian,A_common_dense,aggressive_temporal,4315.78947368421,w,0.8402901665174851
K4_T3-6,eulerian,A_common_dense,aggressive_temporal,5078.9473684210525,u,3.4182935881786825
K4_T3-6,eulerian,A_common_dense,aggressive_temporal,5078.9473684210525,v,2.1363216536003846
K4_T3-6,eulerian,A_common_dense,aggressive_temporal,5078.9473684210525,w,0.7034466106206475
K4_T3-6,eulerian,A_common_dense,compact_temporal,1263.157894736842,u,0.5176473014313904
K4_T3-6,eulerian,A_common_dense,compact_temporal,1263.157894736842,v,1.2701904703833762
K4_T3-6,eulerian,A_common_dense,compact_temporal,1263.157894736842,w,0.8211758336897064
K4_T3-6,eulerian,A_common_dense,compact_temporal,2026.3157894736842,u,0.6454039526326187
K4_T3-6,eulerian,A_common_dense,compact_temporal,2026.3157894736842,v,1.2006994253172951
K4_T3-6,eulerian,A_common_dense,compact_temporal,2026.3157894736842,w,0.7857561043068692
K4_T3-6,eulerian,A_common_dense,compact_temporal,2789.4736842105262,u,0.7144872536718742
K4_T3-6,eulerian,A_common_dense,compact_temporal,2789.4736842105262,v,1.151846846088822
K4_T3-6,eulerian,A_common_dense,compact_temporal,2789.4736842105262,w,0.7117280953936499
K4_T3-6,eulerian,A_common_dense,compact_temporal,3552.6315789473683,u,0.710433664529203
K4_T3-6,eulerian,A_common_dense,compact_temporal,3552.6315789473683,v,1.0772096820804111
K4_T3-6,eulerian,A_common_dense,compact_temporal,3552.6315789473683,w,0.6035156548714574
K4_T3-6,eulerian,A_common_dense,compact_temporal,4315.78947368421,u,0.7485302990965649
K4_T3-6,eulerian,A_common_dense,compact_temporal,4315.78947368421,v,0.9626945288880583
K4_T3-6,eulerian,A_common_dense,compact_temporal,4315.78947368421,w,0.47162570359615463
K4_T3-6,eulerian,A_common_dense,compact_temporal,5078.9473684210525,u,0.9962615706131289
K4_T3-6,eulerian,A_common_dense,compact_temporal,5078.9473684210525,v,0.8119065070051611
K4_T3-6,eulerian,A_common_dense,compact_temporal,5078.9473684210525,w,0.33176832228858394
K4_T3-6,eulerian,A_common_dense,moderate_temporal,1263.157894736842,u,0.2219225495466497
K4_T3-6,eulerian,A_common_dense,moderate_temporal,1263.157894736842,v,0.4054095413297218
K4_T3-6,eulerian,A_common_dense,moderate_temporal,1263.157894736842,w,0.34275448187270363
K4_T3-6,eulerian,A_common_dense,moderate_temporal,2026.3157894736842,u,0.18790956982485404
K4_T3-6,eulerian,A_common_dense,moderate_temporal,2026.3157894736842,v,0.33195560029808546
K4_T3-6,eulerian,A_common_dense,moderate_temporal,2026.3157894736842,w,0.3031644880128174
K4_T3-6,eulerian,A_common_dense,moderate_temporal,2789.4736842105262,u,0.2562156975056189
K4_T3-6,eulerian,A_common_dense,moderate_temporal,2789.4736842105262,v,0.2899772702797583
K4_T3-6,eulerian,A_common_dense,moderate_temporal,2789.4736842105262,w,0.25975527312410235
K4_T3-6,eulerian,A_common_dense,moderate_temporal,3552.6315789473683,u,0.3050582122966418
K4_T3-6,eulerian,A_common_dense,moderate_temporal,3552.6315789473683,v,0.261020070495356
K4_T3-6,eulerian,A_common_dense,moderate_temporal,3552.6315789473683,w,0.21109839036018516
K4_T3-6,eulerian,A_common_dense,moderate_temporal,4315.78947368421,u,0.30716434504116186
K4_T3-6,eulerian,A_common_dense,moderate_temporal,4315.78947368421,v,0.23363308426682292
K4_T3-6,eulerian,A_common_dense,moderate_temporal,4315.78947368421,w,0.1591107399884368
K4_T3-6,eulerian,A_common_dense,moderate_temporal,5078.9473684210525,u,0.2598792673542731
K4_T3-6,eulerian,A_common_dense,moderate_temporal,5078.9473684210525,v,0.20365842919123192
K4_T3-6,eulerian,A_common_dense,moderate_temporal,5078.9473684210525,w,0.1089487108308053
K4_T3-6,eulerian,A_common_dense,compact_rt_full,1263.157894736842,u,0.33738992148111896
K4_T3-6,eulerian,A_common_dense,compact_rt_full,1263.157894736842,v,0.25604264059389303
K4_T3-6,eulerian,A_common_dense,compact_rt_full,1263.157894736842,w,0.30034382925514763
K4_T3-6,eulerian,A_common_dense,compact_rt_full,2026.3157894736842,u,0.3357321363735195
K4_T3-6,eulerian,A_common_dense,compact_rt_full,2026.3157894736842,v,0.3708055921571394
K4_T3-6,eulerian,A_common_dense,compact_rt_full,2026.3157894736842,w,0.3097838425700288
K4_T3-6,eulerian,A_common_dense,compact_rt_full,2789.4736842105262,u,0.3305546675346244
K4_T3-6,eulerian,A_common_dense,compact_rt_full,2789.4736842105262,v,0.4959063267260328
K4_T3-6,eulerian,A_common_dense,compact_rt_full,2789.4736842105262,w,0.2918908313732045
K4_T3-6,eulerian,A_common_dense,compact_rt_full,3552.6315789473683,u,0.3179561018506424
K4_T3-6,eulerian,A_common_dense,compact_rt_full,3552.6315789473683,v,0.5517466725516993
K4_T3-6,eulerian,A_common_dense,compact_rt_full,3552.6315789473683,w,0.2479763574184178
K4_T3-6,eulerian,A_common_dense,compact_rt_full,4315.78947368421,u,0.3066988709954276
K4_T3-6,eulerian,A_common_dense,compact_rt_full,4315.78947368421,v,0.5412686635396795
K4_T3-6,eulerian,A_common_dense,compact_rt_full,4315.78947368421,w,0.18567035308895646
K4_T3-6,eulerian,A_common_dense,compact_rt_full,5078.9473684210525,u,0.30981416821588914
K4_T3-6,eulerian,A_common_dense,compact_rt_full,5078.9473684210525,v,0.47851621752332946
K4_T3-6,eulerian,A_common_dense,compact_rt_full,5078.9473684210525,w,0.11840388454373439
K4_T3-6,eulerian,A_common_dense,moderate_rt_full,1263.157894736842,u,0.056682543118766825
K4_T3-6,eulerian,A_common_dense,moderate_rt_full,1263.157894736842,v,0.08683400788352603
K4_T3-6,eulerian,A_common_dense,moderate_rt_full,1263.157894736842,w,0.03676371299147137
K4_T3-6,eulerian,A_common_dense,moderate_rt_full,2026.3157894736842,u,0.04963207742533993
K4_T3-6,eulerian,A_common_dense,moderate_rt_full,2026.3157894736842,v,0.07333932817310296
K4_T3-6,eulerian,A_common_dense,moderate_rt_full,2026.3157894736842,w,0.04696873446334417
K4_T3-6,eulerian,A_common_dense,moderate_rt_full,2789.4736842105262,u,0.05065671562134521
K4_T3-6,eulerian,A_common_dense,moderate_rt_full,2789.4736842105262,v,0.07493850538877789
K4_T3-6,eulerian,A_common_dense,moderate_rt_full,2789.4736842105262,w,0.05166057907651474
K4_T3-6,eulerian,A_common_dense,moderate_rt_full,3552.6315789473683,u,0.05201268581892578
K4_T3-6,eulerian,A_common_dense,moderate_rt_full,3552.6315789473683,v,0.07672530381989504
K4_T3-6,eulerian,A_common_dense,moderate_rt_full,3552.6315789473683,w,0.05027839057569015
K4_T3-6,eulerian,A_common_dense,moderate_rt_full,4315.78947368421,u,0.05212066819894954
K4_T3-6,eulerian,A_common_dense,moderate_rt_full,4315.78947368421,v,0.07336839680843535
K4_T3-6,eulerian,A_common_dense,moderate_rt_full,4315.78947368421,w,0.04522883524055105
K4_T3-6,eulerian,A_common_dense,moderate_rt_full,5078.9473684210525,u,0.05236224504509784
K4_T3-6,eulerian,A_common_dense,moderate_rt_full,5078.9473684210525,v,0.06472466771963636
K4_T3-6,eulerian,A_common_dense,moderate_rt_full,5078.9473684210525,w,0.04024022893699723
K4_T3-6,eulerian,B_structured_missing,aggressive_temporal,500.0,u,2.086853005587565
K4_T3-6,eulerian,B_structured_missing,aggressive_temporal,500.0,v,3.1879905778830406
K4_T3-6,eulerian,B_structured_missing,aggressive_temporal,500.0,w,0.9952987654023289
K4_T3-6,eulerian,B_structured_missing,aggressive_temporal,1263.157894736842,u,2.1985272060618275
K4_T3-6,eulerian,B_structured_missing,aggressive_temporal,1263.157894736842,v,2.3942917533903993
K4_T3-6,eulerian,B_structured_missing,aggressive_temporal,1263.157894736842,w,0.9988262860384094
K4_T3-6,eulerian,B_structured_missing,aggressive_temporal,2026.3157894736842,u,2.699411728119974
K4_T3-6,eulerian,B_structured_missing,aggressive_temporal,2026.3157894736842,v,2.0832991275222805
K4_T3-6,eulerian,B_structured_missing,aggressive_temporal,2026.3157894736842,w,1.002425101203358
K4_T3-6,eulerian,B_structured_missing,aggressive_temporal,2789.4736842105262,u,2.994714891608338
K4_T3-6,eulerian,B_structured_missing,aggressive_temporal,2789.4736842105262,v,2.1290879330103123
K4_T3-6,eulerian,B_structured_missing,aggressive_temporal,2789.4736842105262,w,1.0523953817881455
K4_T3-6,eulerian,B_structured_missing,aggressive_temporal,3552.6315789473683,u,2.868128460928508
K4_T3-6,eulerian,B_structured_missing,aggressive_temporal,3552.6315789473683,v,2.1864391814001793
K4_T3-6,eulerian,B_structured_missing,aggressive_temporal,3552.6315789473683,w,0.9662345929480539
K4_T3-6,eulerian,B_structured_missing,aggressive_temporal,4315.78947368421,u,2.603884678677553
K4_T3-6,eulerian,B_structured_missing,aggressive_temporal,4315.78947368421,v,2.1696083661101615
K4_T3-6,eulerian,B_structured_missing,aggressive_temporal,4315.78947368421,w,0.8536606421659403
K4_T3-6,eulerian,B_structured_missing,aggressive_temporal,5078.9473684210525,u,2.0739361864609367
K4_T3-6,eulerian,B_structured_missing,aggressive_temporal,5078.9473684210525,v,2.0383582851784268
K4_T3-6,eulerian,B_structured_missing,aggressive_temporal,5078.9473684210525,w,0.4790620001554383
K4_T3-6,eulerian,B_structured_missing,aggressive_temporal,5842.105263157895,u,4.009245721350792
K4_T3-6,eulerian,B_structured_missing,aggressive_temporal,5842.105263157895,v,1.7670880118189847
K4_T3-6,eulerian,B_structured_missing,aggressive_temporal,5842.105263157895,w,0.42468246022435174
K4_T3-6,eulerian,B_structured_missing,aggressive_temporal,6605.263157894737,u,nan
K4_T3-6,eulerian,B_structured_missing,aggressive_temporal,6605.263157894737,v,nan
K4_T3-6,eulerian,B_structured_missing,aggressive_temporal,6605.263157894737,w,nan
K4_T3-6,eulerian,B_structured_missing,compact_temporal,500.0,u,1.1224259341455403
K4_T3-6,eulerian,B_structured_missing,compact_temporal,500.0,v,1.4341014410876163
K4_T3-6,eulerian,B_structured_missing,compact_temporal,500.0,w,0.6338559155244327
K4_T3-6,eulerian,B_structured_missing,compact_temporal,1263.157894736842,u,0.7764706312207381
K4_T3-6,eulerian,B_structured_missing,compact_temporal,1263.157894736842,v,1.220477927863457
K4_T3-6,eulerian,B_structured_missing,compact_temporal,1263.157894736842,w,0.6066150249679599
K4_T3-6,eulerian,B_structured_missing,compact_temporal,2026.3157894736842,u,0.833696831684528
K4_T3-6,eulerian,B_structured_missing,compact_temporal,2026.3157894736842,v,1.1180790623996837
K4_T3-6,eulerian,B_structured_missing,compact_temporal,2026.3157894736842,w,0.5799005203814447
K4_T3-6,eulerian,B_structured_missing,compact_temporal,2789.4736842105262,u,1.0482306188281922
K4_T3-6,eulerian,B_structured_missing,compact_temporal,2789.4736842105262,v,1.1650307361347214
K4_T3-6,eulerian,B_structured_missing,compact_temporal,2789.4736842105262,w,0.5629863989172248
K4_T3-6,eulerian,B_structured_missing,compact_temporal,3552.6315789473683,u,1.1137634783121861
K4_T3-6,eulerian,B_structured_missing,compact_temporal,3552.6315789473683,v,1.1475553918938561
K4_T3-6,eulerian,B_structured_missing,compact_temporal,3552.6315789473683,w,0.5210254043673287
K4_T3-6,eulerian,B_structured_missing,compact_temporal,4315.78947368421,u,1.0849533643811449
K4_T3-6,eulerian,B_structured_missing,compact_temporal,4315.78947368421,v,1.0605050910407896
K4_T3-6,eulerian,B_structured_missing,compact_temporal,4315.78947368421,w,0.48522724486316826
K4_T3-6,eulerian,B_structured_missing,compact_temporal,5078.9473684210525,u,0.9922854691866863
K4_T3-6,eulerian,B_structured_missing,compact_temporal,5078.9473684210525,v,0.8430853184587501
K4_T3-6,eulerian,B_structured_missing,compact_temporal,5078.9473684210525,w,0.296265298277814
K4_T3-6,eulerian,B_structured_missing,compact_temporal,5842.105263157895,u,1.2347907909626363
K4_T3-6,eulerian,B_structured_missing,compact_temporal,5842.105263157895,v,0.5703311247545434
K4_T3-6,eulerian,B_structured_missing,compact_temporal,5842.105263157895,w,0.32695754557572415
K4_T3-6,eulerian,B_structured_missing,compact_temporal,6605.263157894737,u,nan
K4_T3-6,eulerian,B_structured_missing,compact_temporal,6605.263157894737,v,nan
K4_T3-6,eulerian,B_structured_missing,compact_temporal,6605.263157894737,w,nan
K4_T3-6,eulerian,B_structured_missing,moderate_temporal,500.0,u,3.0951905166060656
K4_T3-6,eulerian,B_structured_missing,moderate_temporal,500.0,v,1.3112143834806784
K4_T3-6,eulerian,B_structured_missing,moderate_temporal,500.0,w,0.3913820295419736
K4_T3-6,eulerian,B_structured_missing,moderate_temporal,1263.157894736842,u,2.833096717573797
K4_T3-6,eulerian,B_structured_missing,moderate_temporal,1263.157894736842,v,1.1937552850541964
K4_T3-6,eulerian,B_structured_missing,moderate_temporal,1263.157894736842,w,0.3666057431488212
K4_T3-6,eulerian,B_structured_missing,moderate_temporal,2026.3157894736842,u,2.100416089880015
K4_T3-6,eulerian,B_structured_missing,moderate_temporal,2026.3157894736842,v,1.01934777558303
K4_T3-6,eulerian,B_structured_missing,moderate_temporal,2026.3157894736842,w,0.3294159212308883
K4_T3-6,eulerian,B_structured_missing,moderate_temporal,2789.4736842105262,u,0.6577546179530955
K4_T3-6,eulerian,B_structured_missing,moderate_temporal,2789.4736842105262,v,0.724581994522871
K4_T3-6,eulerian,B_structured_missing,moderate_temporal,2789.4736842105262,w,0.31094677927840486
K4_T3-6,eulerian,B_structured_missing,moderate_temporal,3552.6315789473683,u,0.691799639456236
K4_T3-6,eulerian,B_structured_missing,moderate_temporal,3552.6315789473683,v,0.6835209457765525
K4_T3-6,eulerian,B_structured_missing,moderate_temporal,3552.6315789473683,w,0.3034322391768098
K4_T3-6,eulerian,B_structured_missing,moderate_temporal,4315.78947368421,u,0.912657032916985
K4_T3-6,eulerian,B_structured_missing,moderate_temporal,4315.78947368421,v,0.7665414198558238
K4_T3-6,eulerian,B_structured_missing,moderate_temporal,4315.78947368421,w,0.31310253730634835
K4_T3-6,eulerian,B_structured_missing,moderate_temporal,5078.9473684210525,u,1.4096782096019316
K4_T3-6,eulerian,B_structured_missing,moderate_temporal,5078.9473684210525,v,0.7039774144125497
K4_T3-6,eulerian,B_structured_missing,moderate_temporal,5078.9473684210525,w,0.17190742686830754
K4_T3-6,eulerian,B_structured_missing,moderate_temporal,5842.105263157895,u,1.8137578514517754
K4_T3-6,eulerian,B_structured_missing,moderate_temporal,5842.105263157895,v,0.4324405573105718
K4_T3-6,eulerian,B_structured_missing,moderate_temporal,5842.105263157895,w,0.3037701708783752
K4_T3-6,eulerian,B_structured_missing,moderate_temporal,6605.263157894737,u,nan
K4_T3-6,eulerian,B_structured_missing,moderate_temporal,6605.263157894737,v,nan
K4_T3-6,eulerian,B_structured_missing,moderate_temporal,6605.263157894737,w,nan
K4_T3-6,eulerian,B_structured_missing,compact_rt_full,500.0,u,0.4621785307599488
K4_T3-6,eulerian,B_structured_missing,compact_rt_full,500.0,v,0.5443352280888119
K4_T3-6,eulerian,B_structured_missing,compact_rt_full,500.0,w,0.10908558361761941
K4_T3-6,eulerian,B_structured_missing,compact_rt_full,1263.157894736842,u,0.36843677376314016
K4_T3-6,eulerian,B_structured_missing,compact_rt_full,1263.157894736842,v,0.33864921320006286
K4_T3-6,eulerian,B_structured_missing,compact_rt_full,1263.157894736842,w,0.1152670211811961
K4_T3-6,eulerian,B_structured_missing,compact_rt_full,2026.3157894736842,u,0.2964982530413749
K4_T3-6,eulerian,B_structured_missing,compact_rt_full,2026.3157894736842,v,0.2539575765071489
K4_T3-6,eulerian,B_structured_missing,compact_rt_full,2026.3157894736842,w,0.13576415192401486
K4_T3-6,eulerian,B_structured_missing,compact_rt_full,2789.4736842105262,u,0.29255663208583665
K4_T3-6,eulerian,B_structured_missing,compact_rt_full,2789.4736842105262,v,0.31265874276350913
K4_T3-6,eulerian,B_structured_missing,compact_rt_full,2789.4736842105262,w,0.15516565107570407
K4_T3-6,eulerian,B_structured_missing,compact_rt_full,3552.6315789473683,u,0.34587526692394455
K4_T3-6,eulerian,B_structured_missing,compact_rt_full,3552.6315789473683,v,0.34662327431855244
K4_T3-6,eulerian,B_structured_missing,compact_rt_full,3552.6315789473683,w,0.14792136525789992
K4_T3-6,eulerian,B_structured_missing,compact_rt_full,4315.78947368421,u,0.4263709620970751
K4_T3-6,eulerian,B_structured_missing,compact_rt_full,4315.78947368421,v,0.43231188569751194
K4_T3-6,eulerian,B_structured_missing,compact_rt_full,4315.78947368421,w,0.13182325985025367
K4_T3-6,eulerian,B_structured_missing,compact_rt_full,5078.9473684210525,u,0.6100982948733776
K4_T3-6,eulerian,B_structured_missing,compact_rt_full,5078.9473684210525,v,0.39633704350943294
K4_T3-6,eulerian,B_structured_missing,compact_rt_full,5078.9473684210525,w,0.09177026940436711
K4_T3-6,eulerian,B_structured_missing,compact_rt_full,5842.105263157895,u,1.5024251899874506
K4_T3-6,eulerian,B_structured_missing,compact_rt_full,5842.105263157895,v,0.40495920198069213
K4_T3-6,eulerian,B_structured_missing,compact_rt_full,5842.105263157895,w,0.06495422641963523
K4_T3-6,eulerian,B_structured_missing,compact_rt_full,6605.263157894737,u,nan
K4_T3-6,eulerian,B_structured_missing,compact_rt_full,6605.263157894737,v,nan
K4_T3-6,eulerian,B_structured_missing,compact_rt_full,6605.263157894737,w,nan
K4_T3-6,eulerian,B_structured_missing,moderate_rt_full,500.0,u,3.825000931870197
K4_T3-6,eulerian,B_structured_missing,moderate_rt_full,500.0,v,1.1637274298954856
K4_T3-6,eulerian,B_structured_missing,moderate_rt_full,500.0,w,0.2076495233631152
K4_T3-6,eulerian,B_structured_missing,moderate_rt_full,1263.157894736842,u,3.381829648637555
K4_T3-6,eulerian,B_structured_missing,moderate_rt_full,1263.157894736842,v,1.2340064532200516
K4_T3-6,eulerian,B_structured_missing,moderate_rt_full,1263.157894736842,w,0.1981905926464076
K4_T3-6,eulerian,B_structured_missing,moderate_rt_full,2026.3157894736842,u,2.466525164490535
K4_T3-6,eulerian,B_structured_missing,moderate_rt_full,2026.3157894736842,v,1.1717767079955055
K4_T3-6,eulerian,B_structured_missing,moderate_rt_full,2026.3157894736842,w,0.16561459079595137
K4_T3-6,eulerian,B_structured_missing,moderate_rt_full,2789.4736842105262,u,0.3589049555580315
K4_T3-6,eulerian,B_structured_missing,moderate_rt_full,2789.4736842105262,v,0.31061323144213937
K4_T3-6,eulerian,B_structured_missing,moderate_rt_full,2789.4736842105262,w,0.09184107338807514
K4_T3-6,eulerian,B_structured_missing,moderate_rt_full,3552.6315789473683,u,0.3463301844892073
K4_T3-6,eulerian,B_structured_missing,moderate_rt_full,3552.6315789473683,v,0.30811081365488074
K4_T3-6,eulerian,B_structured_missing,moderate_rt_full,3552.6315789473683,w,0.08765583202080772
K4_T3-6,eulerian,B_structured_missing,moderate_rt_full,4315.78947368421,u,0.6850942898370052
K4_T3-6,eulerian,B_structured_missing,moderate_rt_full,4315.78947368421,v,0.5689377586111529
K4_T3-6,eulerian,B_structured_missing,moderate_rt_full,4315.78947368421,w,0.10553579750208707
K4_T3-6,eulerian,B_structured_missing,moderate_rt_full,5078.9473684210525,u,1.372471621634067
K4_T3-6,eulerian,B_structured_missing,moderate_rt_full,5078.9473684210525,v,0.6134893159907495
K4_T3-6,eulerian,B_structured_missing,moderate_rt_full,5078.9473684210525,w,0.07682365591676343
K4_T3-6,eulerian,B_structured_missing,moderate_rt_full,5842.105263157895,u,1.8726828549144725
K4_T3-6,eulerian,B_structured_missing,moderate_rt_full,5842.105263157895,v,0.18141821695013371
K4_T3-6,eulerian,B_structured_missing,moderate_rt_full,5842.105263157895,w,0.06607803352751222
K4_T3-6,eulerian,B_structured_missing,moderate_rt_full,6605.263157894737,u,nan
K4_T3-6,eulerian,B_structured_missing,moderate_rt_full,6605.263157894737,v,nan
K4_T3-6,eulerian,B_structured_missing,moderate_rt_full,6605.263157894737,w,nan
K4_T3-6,storm_relative,A_common_dense,aggressive_temporal,1263.157894736842,u,1.4646821888063404
K4_T3-6,storm_relative,A_common_dense,aggressive_temporal,1263.157894736842,v,1.6949917077752727
K4_T3-6,storm_relative,A_common_dense,aggressive_temporal,1263.157894736842,w,1.085977498637084
K4_T3-6,storm_relative,A_common_dense,aggressive_temporal,2026.3157894736842,u,1.6599655821410462
K4_T3-6,storm_relative,A_common_dense,aggressive_temporal,2026.3157894736842,v,1.4220193592132804
K4_T3-6,storm_relative,A_common_dense,aggressive_temporal,2026.3157894736842,w,0.9224077313143836
K4_T3-6,storm_relative,A_common_dense,aggressive_temporal,2789.4736842105262,u,1.8540061417914089
K4_T3-6,storm_relative,A_common_dense,aggressive_temporal,2789.4736842105262,v,1.4512319762023587
K4_T3-6,storm_relative,A_common_dense,aggressive_temporal,2789.4736842105262,w,0.8205620347964521
K4_T3-6,storm_relative,A_common_dense,aggressive_temporal,3552.6315789473683,u,1.8109411163249953
K4_T3-6,storm_relative,A_common_dense,aggressive_temporal,3552.6315789473683,v,1.3788868364137468
K4_T3-6,storm_relative,A_common_dense,aggressive_temporal,3552.6315789473683,w,0.6766376661300697
K4_T3-6,storm_relative,A_common_dense,aggressive_temporal,4315.78947368421,u,1.567528202504243
K4_T3-6,storm_relative,A_common_dense,aggressive_temporal,4315.78947368421,v,1.2081143754401624
K4_T3-6,storm_relative,A_common_dense,aggressive_temporal,4315.78947368421,w,0.4971542654300132
K4_T3-6,storm_relative,A_common_dense,aggressive_temporal,5078.9473684210525,u,1.3481767707185055
K4_T3-6,storm_relative,A_common_dense,aggressive_temporal,5078.9473684210525,v,1.1510328423306913
K4_T3-6,storm_relative,A_common_dense,aggressive_temporal,5078.9473684210525,w,0.42033884214615785
K4_T3-6,storm_relative,A_common_dense,compact_temporal,1263.157894736842,u,0.5177503275279415
K4_T3-6,storm_relative,A_common_dense,compact_temporal,1263.157894736842,v,0.916888568991005
K4_T3-6,storm_relative,A_common_dense,compact_temporal,1263.157894736842,w,0.48604924328500015
K4_T3-6,storm_relative,A_common_dense,compact_temporal,2026.3157894736842,u,0.5532678448585973
K4_T3-6,storm_relative,A_common_dense,compact_temporal,2026.3157894736842,v,0.7252882245199936
K4_T3-6,storm_relative,A_common_dense,compact_temporal,2026.3157894736842,w,0.48892415617878476
K4_T3-6,storm_relative,A_common_dense,compact_temporal,2789.4736842105262,u,0.560853445498225
K4_T3-6,storm_relative,A_common_dense,compact_temporal,2789.4736842105262,v,0.6490478938486584
K4_T3-6,storm_relative,A_common_dense,compact_temporal,2789.4736842105262,w,0.46292234242141667
K4_T3-6,storm_relative,A_common_dense,compact_temporal,3552.6315789473683,u,0.49125642240139605
K4_T3-6,storm_relative,A_common_dense,compact_temporal,3552.6315789473683,v,0.6163604234516858
K4_T3-6,storm_relative,A_common_dense,compact_temporal,3552.6315789473683,w,0.40808448449491874
K4_T3-6,storm_relative,A_common_dense,compact_temporal,4315.78947368421,u,0.4133762104347422
K4_T3-6,storm_relative,A_common_dense,compact_temporal,4315.78947368421,v,0.5789047618970012
K4_T3-6,storm_relative,A_common_dense,compact_temporal,4315.78947368421,w,0.33175386930545464
K4_T3-6,storm_relative,A_common_dense,compact_temporal,5078.9473684210525,u,0.5833878701610151
K4_T3-6,storm_relative,A_common_dense,compact_temporal,5078.9473684210525,v,0.519217830888414
K4_T3-6,storm_relative,A_common_dense,compact_temporal,5078.9473684210525,w,0.24601036124026987
K4_T3-6,storm_relative,A_common_dense,moderate_temporal,1263.157894736842,u,0.2130150448792453
K4_T3-6,storm_relative,A_common_dense,moderate_temporal,1263.157894736842,v,0.314457977717265
K4_T3-6,storm_relative,A_common_dense,moderate_temporal,1263.157894736842,w,0.3049956018472646
K4_T3-6,storm_relative,A_common_dense,moderate_temporal,2026.3157894736842,u,0.17949539193270916
K4_T3-6,storm_relative,A_common_dense,moderate_temporal,2026.3157894736842,v,0.18786632720343893
K4_T3-6,storm_relative,A_common_dense,moderate_temporal,2026.3157894736842,w,0.2734412579491713
K4_T3-6,storm_relative,A_common_dense,moderate_temporal,2789.4736842105262,u,0.20343491224344248
K4_T3-6,storm_relative,A_common_dense,moderate_temporal,2789.4736842105262,v,0.1462306870784852
K4_T3-6,storm_relative,A_common_dense,moderate_temporal,2789.4736842105262,w,0.2383555215091917
K4_T3-6,storm_relative,A_common_dense,moderate_temporal,3552.6315789473683,u,0.2154892418695928
K4_T3-6,storm_relative,A_common_dense,moderate_temporal,3552.6315789473683,v,0.1650192586231897
K4_T3-6,storm_relative,A_common_dense,moderate_temporal,3552.6315789473683,w,0.19850640961443883
K4_T3-6,storm_relative,A_common_dense,moderate_temporal,4315.78947368421,u,0.19890197300735799
K4_T3-6,storm_relative,A_common_dense,moderate_temporal,4315.78947368421,v,0.19008903604576247
K4_T3-6,storm_relative,A_common_dense,moderate_temporal,4315.78947368421,w,0.15527403837551185
K4_T3-6,storm_relative,A_common_dense,moderate_temporal,5078.9473684210525,u,0.16455074931394206
K4_T3-6,storm_relative,A_common_dense,moderate_temporal,5078.9473684210525,v,0.20070741930712083
K4_T3-6,storm_relative,A_common_dense,moderate_temporal,5078.9473684210525,w,0.11216329815396812
K4_T3-6,storm_relative,A_common_dense,compact_rt_full,1263.157894736842,u,0.26667509799790273
K4_T3-6,storm_relative,A_common_dense,compact_rt_full,1263.157894736842,v,0.23390246854704072
K4_T3-6,storm_relative,A_common_dense,compact_rt_full,1263.157894736842,w,0.29406025975370115
K4_T3-6,storm_relative,A_common_dense,compact_rt_full,2026.3157894736842,u,0.27617528614821807
K4_T3-6,storm_relative,A_common_dense,compact_rt_full,2026.3157894736842,v,0.3116802731865134
K4_T3-6,storm_relative,A_common_dense,compact_rt_full,2026.3157894736842,w,0.29994775798105205
K4_T3-6,storm_relative,A_common_dense,compact_rt_full,2789.4736842105262,u,0.27844182620230423
K4_T3-6,storm_relative,A_common_dense,compact_rt_full,2789.4736842105262,v,0.3901086807454003
K4_T3-6,storm_relative,A_common_dense,compact_rt_full,2789.4736842105262,w,0.27711231324382646
K4_T3-6,storm_relative,A_common_dense,compact_rt_full,3552.6315789473683,u,0.2703343470663858
K4_T3-6,storm_relative,A_common_dense,compact_rt_full,3552.6315789473683,v,0.42271966679348727
K4_T3-6,storm_relative,A_common_dense,compact_rt_full,3552.6315789473683,w,0.2306009789839912
K4_T3-6,storm_relative,A_common_dense,compact_rt_full,4315.78947368421,u,0.25130185180006476
K4_T3-6,storm_relative,A_common_dense,compact_rt_full,4315.78947368421,v,0.41015646701898173
K4_T3-6,storm_relative,A_common_dense,compact_rt_full,4315.78947368421,w,0.16844792475312365
K4_T3-6,storm_relative,A_common_dense,compact_rt_full,5078.9473684210525,u,0.22314735841656794
K4_T3-6,storm_relative,A_common_dense,compact_rt_full,5078.9473684210525,v,0.36153609500082384
K4_T3-6,storm_relative,A_common_dense,compact_rt_full,5078.9473684210525,w,0.10294766557161099
K4_T3-6,storm_relative,A_common_dense,moderate_rt_full,1263.157894736842,u,0.050433801831212544
K4_T3-6,storm_relative,A_common_dense,moderate_rt_full,1263.157894736842,v,0.06908693358651713
K4_T3-6,storm_relative,A_common_dense,moderate_rt_full,1263.157894736842,w,0.029807592302703332
K4_T3-6,storm_relative,A_common_dense,moderate_rt_full,2026.3157894736842,u,0.05049147157246814
K4_T3-6,storm_relative,A_common_dense,moderate_rt_full,2026.3157894736842,v,0.061900891872449605
K4_T3-6,storm_relative,A_common_dense,moderate_rt_full,2026.3157894736842,w,0.03754631397151235
K4_T3-6,storm_relative,A_common_dense,moderate_rt_full,2789.4736842105262,u,0.05239933217549959
K4_T3-6,storm_relative,A_common_dense,moderate_rt_full,2789.4736842105262,v,0.06699674468328666
K4_T3-6,storm_relative,A_common_dense,moderate_rt_full,2789.4736842105262,w,0.041327714643312474
K4_T3-6,storm_relative,A_common_dense,moderate_rt_full,3552.6315789473683,u,0.05211297773138784
K4_T3-6,storm_relative,A_common_dense,moderate_rt_full,3552.6315789473683,v,0.07092404595322252
K4_T3-6,storm_relative,A_common_dense,moderate_rt_full,3552.6315789473683,w,0.04051995599974474
K4_T3-6,storm_relative,A_common_dense,moderate_rt_full,4315.78947368421,u,0.04903778583948167
K4_T3-6,storm_relative,A_common_dense,moderate_rt_full,4315.78947368421,v,0.0696137539980444
K4_T3-6,storm_relative,A_common_dense,moderate_rt_full,4315.78947368421,w,0.0369799266441088
K4_T3-6,storm_relative,A_common_dense,moderate_rt_full,5078.9473684210525,u,0.04406741848943218
K4_T3-6,storm_relative,A_common_dense,moderate_rt_full,5078.9473684210525,v,0.06310340316221333
K4_T3-6,storm_relative,A_common_dense,moderate_rt_full,5078.9473684210525,w,0.033579287865120225
K4_T3-6,storm_relative,B_structured_missing,aggressive_temporal,500.0,u,1.8296559792837632
K4_T3-6,storm_relative,B_structured_missing,aggressive_temporal,500.0,v,2.4515431961097773
K4_T3-6,storm_relative,B_structured_missing,aggressive_temporal,500.0,w,1.0276298814347846
K4_T3-6,storm_relative,B_structured_missing,aggressive_temporal,1263.157894736842,u,1.864474285943818
K4_T3-6,storm_relative,B_structured_missing,aggressive_temporal,1263.157894736842,v,1.7420955119300694
K4_T3-6,storm_relative,B_structured_missing,aggressive_temporal,1263.157894736842,w,0.9473876530434802
K4_T3-6,storm_relative,B_structured_missing,aggressive_temporal,2026.3157894736842,u,2.10324196396119
K4_T3-6,storm_relative,B_structured_missing,aggressive_temporal,2026.3157894736842,v,1.4487749578548363
K4_T3-6,storm_relative,B_structured_missing,aggressive_temporal,2026.3157894736842,w,0.9039226048983333
K4_T3-6,storm_relative,B_structured_missing,aggressive_temporal,2789.4736842105262,u,2.1734461344463316
K4_T3-6,storm_relative,B_structured_missing,aggressive_temporal,2789.4736842105262,v,1.4532489365760692
K4_T3-6,storm_relative,B_structured_missing,aggressive_temporal,2789.4736842105262,w,0.9137860123308831
K4_T3-6,storm_relative,B_structured_missing,aggressive_temporal,3552.6315789473683,u,2.10230387966204
K4_T3-6,storm_relative,B_structured_missing,aggressive_temporal,3552.6315789473683,v,1.4547679230083768
K4_T3-6,storm_relative,B_structured_missing,aggressive_temporal,3552.6315789473683,w,0.8245904896696222
K4_T3-6,storm_relative,B_structured_missing,aggressive_temporal,4315.78947368421,u,1.852085860186334
K4_T3-6,storm_relative,B_structured_missing,aggressive_temporal,4315.78947368421,v,1.3441441038678708
K4_T3-6,storm_relative,B_structured_missing,aggressive_temporal,4315.78947368421,w,0.7368897256093027
K4_T3-6,storm_relative,B_structured_missing,aggressive_temporal,5078.9473684210525,u,2.395979636265497
K4_T3-6,storm_relative,B_structured_missing,aggressive_temporal,5078.9473684210525,v,1.5821856059234993
K4_T3-6,storm_relative,B_structured_missing,aggressive_temporal,5078.9473684210525,w,0.4348505946581397
K4_T3-6,storm_relative,B_structured_missing,aggressive_temporal,5842.105263157895,u,4.2241872060976435
K4_T3-6,storm_relative,B_structured_missing,aggressive_temporal,5842.105263157895,v,0.9192722821400382
K4_T3-6,storm_relative,B_structured_missing,aggressive_temporal,5842.105263157895,w,0.15948047727100761
K4_T3-6,storm_relative,B_structured_missing,aggressive_temporal,6605.263157894737,u,nan
K4_T3-6,storm_relative,B_structured_missing,aggressive_temporal,6605.263157894737,v,nan
K4_T3-6,storm_relative,B_structured_missing,aggressive_temporal,6605.263157894737,w,nan
K4_T3-6,storm_relative,B_structured_missing,compact_temporal,500.0,u,1.1019983559732323
K4_T3-6,storm_relative,B_structured_missing,compact_temporal,500.0,v,1.3141204778402937
K4_T3-6,storm_relative,B_structured_missing,compact_temporal,500.0,w,0.4913034898108192
K4_T3-6,storm_relative,B_structured_missing,compact_temporal,1263.157894736842,u,0.794067101499059
K4_T3-6,storm_relative,B_structured_missing,compact_temporal,1263.157894736842,v,0.959322245956571
K4_T3-6,storm_relative,B_structured_missing,compact_temporal,1263.157894736842,w,0.479267071870959
K4_T3-6,storm_relative,B_structured_missing,compact_temporal,2026.3157894736842,u,0.7330708474740112
K4_T3-6,storm_relative,B_structured_missing,compact_temporal,2026.3157894736842,v,0.787949587678862
K4_T3-6,storm_relative,B_structured_missing,compact_temporal,2026.3157894736842,w,0.48287003569119186
K4_T3-6,storm_relative,B_structured_missing,compact_temporal,2789.4736842105262,u,0.8273047266783233
K4_T3-6,storm_relative,B_structured_missing,compact_temporal,2789.4736842105262,v,0.8175122728410248
K4_T3-6,storm_relative,B_structured_missing,compact_temporal,2789.4736842105262,w,0.492093401187405
K4_T3-6,storm_relative,B_structured_missing,compact_temporal,3552.6315789473683,u,0.8918672871769359
K4_T3-6,storm_relative,B_structured_missing,compact_temporal,3552.6315789473683,v,0.8395797078546046
K4_T3-6,storm_relative,B_structured_missing,compact_temporal,3552.6315789473683,w,0.46250679571226205
K4_T3-6,storm_relative,B_structured_missing,compact_temporal,4315.78947368421,u,0.8565260920999745
K4_T3-6,storm_relative,B_structured_missing,compact_temporal,4315.78947368421,v,0.8642009819555446
K4_T3-6,storm_relative,B_structured_missing,compact_temporal,4315.78947368421,w,0.43459760075716924
K4_T3-6,storm_relative,B_structured_missing,compact_temporal,5078.9473684210525,u,1.030991776851317
K4_T3-6,storm_relative,B_structured_missing,compact_temporal,5078.9473684210525,v,0.8207697120694948
K4_T3-6,storm_relative,B_structured_missing,compact_temporal,5078.9473684210525,w,0.2676511694097098
K4_T3-6,storm_relative,B_structured_missing,compact_temporal,5842.105263157895,u,1.0403232982230335
K4_T3-6,storm_relative,B_structured_missing,compact_temporal,5842.105263157895,v,0.4786353581079164
K4_T3-6,storm_relative,B_structured_missing,compact_temporal,5842.105263157895,w,0.2851969995449573
K4_T3-6,storm_relative,B_structured_missing,compact_temporal,6605.263157894737,u,nan
K4_T3-6,storm_relative,B_structured_missing,compact_temporal,6605.263157894737,v,nan
K4_T3-6,storm_relative,B_structured_missing,compact_temporal,6605.263157894737,w,nan
K4_T3-6,storm_relative,B_structured_missing,moderate_temporal,500.0,u,3.349254850025399
K4_T3-6,storm_relative,B_structured_missing,moderate_temporal,500.0,v,1.3910715885282856
K4_T3-6,storm_relative,B_structured_missing,moderate_temporal,500.0,w,0.4252027891414441
K4_T3-6,storm_relative,B_structured_missing,moderate_temporal,1263.157894736842,u,3.0251848254991005
K4_T3-6,storm_relative,B_structured_missing,moderate_temporal,1263.157894736842,v,1.2304359304645278
K4_T3-6,storm_relative,B_structured_missing,moderate_temporal,1263.157894736842,w,0.41708873043329286
K4_T3-6,storm_relative,B_structured_missing,moderate_temporal,2026.3157894736842,u,2.1615874934975134
K4_T3-6,storm_relative,B_structured_missing,moderate_temporal,2026.3157894736842,v,1.0502894226148776
K4_T3-6,storm_relative,B_structured_missing,moderate_temporal,2026.3157894736842,w,0.4097124251730686
K4_T3-6,storm_relative,B_structured_missing,moderate_temporal,2789.4736842105262,u,0.6517681137496741
K4_T3-6,storm_relative,B_structured_missing,moderate_temporal,2789.4736842105262,v,0.6330503151183571
K4_T3-6,storm_relative,B_structured_missing,moderate_temporal,2789.4736842105262,w,0.3988497127777852
K4_T3-6,storm_relative,B_structured_missing,moderate_temporal,3552.6315789473683,u,0.675713939729726
K4_T3-6,storm_relative,B_structured_missing,moderate_temporal,3552.6315789473683,v,0.6426668136345833
K4_T3-6,storm_relative,B_structured_missing,moderate_temporal,3552.6315789473683,w,0.3763112288697427
K4_T3-6,storm_relative,B_structured_missing,moderate_temporal,4315.78947368421,u,0.9337369556970486
K4_T3-6,storm_relative,B_structured_missing,moderate_temporal,4315.78947368421,v,0.8296984436183803
K4_T3-6,storm_relative,B_structured_missing,moderate_temporal,4315.78947368421,w,0.3700550721218292
K4_T3-6,storm_relative,B_structured_missing,moderate_temporal,5078.9473684210525,u,1.0513647024667887
K4_T3-6,storm_relative,B_structured_missing,moderate_temporal,5078.9473684210525,v,0.7004874411823463
K4_T3-6,storm_relative,B_structured_missing,moderate_temporal,5078.9473684210525,w,0.14775646205721105
K4_T3-6,storm_relative,B_structured_missing,moderate_temporal,5842.105263157895,u,1.571619023518756
K4_T3-6,storm_relative,B_structured_missing,moderate_temporal,5842.105263157895,v,0.48374123466747865
K4_T3-6,storm_relative,B_structured_missing,moderate_temporal,5842.105263157895,w,0.2933120096857004
K4_T3-6,storm_relative,B_structured_missing,moderate_temporal,6605.263157894737,u,nan
K4_T3-6,storm_relative,B_structured_missing,moderate_temporal,6605.263157894737,v,nan
K4_T3-6,storm_relative,B_structured_missing,moderate_temporal,6605.263157894737,w,nan
K4_T3-6,storm_relative,B_structured_missing,compact_rt_full,500.0,u,0.5158800761724234
K4_T3-6,storm_relative,B_structured_missing,compact_rt_full,500.0,v,0.508194415321563
K4_T3-6,storm_relative,B_structured_missing,compact_rt_full,500.0,w,0.11110528500594063
K4_T3-6,storm_relative,B_structured_missing,compact_rt_full,1263.157894736842,u,0.4314498932663695
K4_T3-6,storm_relative,B_structured_missing,compact_rt_full,1263.157894736842,v,0.33363552160672416
K4_T3-6,storm_relative,B_structured_missing,compact_rt_full,1263.157894736842,w,0.11071690415893905
K4_T3-6,storm_relative,B_structured_missing,compact_rt_full,2026.3157894736842,u,0.33237580468739314
K4_T3-6,storm_relative,B_structured_missing,compact_rt_full,2026.3157894736842,v,0.24654068921878675
K4_T3-6,storm_relative,B_structured_missing,compact_rt_full,2026.3157894736842,w,0.12436541492313963
K4_T3-6,storm_relative,B_structured_missing,compact_rt_full,2789.4736842105262,u,0.31256967321578216
K4_T3-6,storm_relative,B_structured_missing,compact_rt_full,2789.4736842105262,v,0.3122010897418977
K4_T3-6,storm_relative,B_structured_missing,compact_rt_full,2789.4736842105262,w,0.14202480942252724
K4_T3-6,storm_relative,B_structured_missing,compact_rt_full,3552.6315789473683,u,0.3697453440056379
K4_T3-6,storm_relative,B_structured_missing,compact_rt_full,3552.6315789473683,v,0.3305764806159474
K4_T3-6,storm_relative,B_structured_missing,compact_rt_full,3552.6315789473683,w,0.12963494051620753
K4_T3-6,storm_relative,B_structured_missing,compact_rt_full,4315.78947368421,u,0.43733093844882004
K4_T3-6,storm_relative,B_structured_missing,compact_rt_full,4315.78947368421,v,0.4098289197202454
K4_T3-6,storm_relative,B_structured_missing,compact_rt_full,4315.78947368421,w,0.1235265594962709
K4_T3-6,storm_relative,B_structured_missing,compact_rt_full,5078.9473684210525,u,0.6726302630638444
K4_T3-6,storm_relative,B_structured_missing,compact_rt_full,5078.9473684210525,v,0.3917497598000202
K4_T3-6,storm_relative,B_structured_missing,compact_rt_full,5078.9473684210525,w,0.09598305372021829
K4_T3-6,storm_relative,B_structured_missing,compact_rt_full,5842.105263157895,u,0.8005291296341331
K4_T3-6,storm_relative,B_structured_missing,compact_rt_full,5842.105263157895,v,0.24055312558262312
K4_T3-6,storm_relative,B_structured_missing,compact_rt_full,5842.105263157895,w,0.058596129836396484
K4_T3-6,storm_relative,B_structured_missing,compact_rt_full,6605.263157894737,u,nan
K4_T3-6,storm_relative,B_structured_missing,compact_rt_full,6605.263157894737,v,nan
K4_T3-6,storm_relative,B_structured_missing,compact_rt_full,6605.263157894737,w,nan
K4_T3-6,storm_relative,B_structured_missing,moderate_rt_full,500.0,u,3.858438780495449
K4_T3-6,storm_relative,B_structured_missing,moderate_rt_full,500.0,v,1.1323152528157174
K4_T3-6,storm_relative,B_structured_missing,moderate_rt_full,500.0,w,0.2433758226042285
K4_T3-6,storm_relative,B_structured_missing,moderate_rt_full,1263.157894736842,u,3.4429001441450775
K4_T3-6,storm_relative,B_structured_missing,moderate_rt_full,1263.157894736842,v,1.278502102438251
K4_T3-6,storm_relative,B_structured_missing,moderate_rt_full,1263.157894736842,w,0.2132596928925035
K4_T3-6,storm_relative,B_structured_missing,moderate_rt_full,2026.3157894736842,u,2.3380374234528456
K4_T3-6,storm_relative,B_structured_missing,moderate_rt_full,2026.3157894736842,v,1.1528624007756108
K4_T3-6,storm_relative,B_structured_missing,moderate_rt_full,2026.3157894736842,w,0.16488666579529357
K4_T3-6,storm_relative,B_structured_missing,moderate_rt_full,2789.4736842105262,u,0.34920626766829743
K4_T3-6,storm_relative,B_structured_missing,moderate_rt_full,2789.4736842105262,v,0.28611191905997513
K4_T3-6,storm_relative,B_structured_missing,moderate_rt_full,2789.4736842105262,w,0.09259832783054484
K4_T3-6,storm_relative,B_structured_missing,moderate_rt_full,3552.6315789473683,u,0.37187469617436414
K4_T3-6,storm_relative,B_structured_missing,moderate_rt_full,3552.6315789473683,v,0.32219858191758544
K4_T3-6,storm_relative,B_structured_missing,moderate_rt_full,3552.6315789473683,w,0.0948947483587581
K4_T3-6,storm_relative,B_structured_missing,moderate_rt_full,4315.78947368421,u,0.8656287451988677
K4_T3-6,storm_relative,B_structured_missing,moderate_rt_full,4315.78947368421,v,0.7029441198049118
K4_T3-6,storm_relative,B_structured_missing,moderate_rt_full,4315.78947368421,w,0.12327793366236788
K4_T3-6,storm_relative,B_structured_missing,moderate_rt_full,5078.9473684210525,u,1.1166998093081466
K4_T3-6,storm_relative,B_structured_missing,moderate_rt_full,5078.9473684210525,v,0.5015621055781152
K4_T3-6,storm_relative,B_structured_missing,moderate_rt_full,5078.9473684210525,w,0.08915526455847707
K4_T3-6,storm_relative,B_structured_missing,moderate_rt_full,5842.105263157895,u,1.30803333641327
K4_T3-6,storm_relative,B_structured_missing,moderate_rt_full,5842.105263157895,v,0.20571635835606014
K4_T3-6,storm_relative,B_structured_missing,moderate_rt_full,5842.105263157895,w,0.07471060824417124
K4_T3-6,storm_relative,B_structured_missing,moderate_rt_full,6605.263157894737,u,nan
K4_T3-6,storm_relative,B_structured_missing,moderate_rt_full,6605.263157894737,v,nan
K4_T3-6,storm_relative,B_structured_missing,moderate_rt_full,6605.263157894737,w,nan
K5_T1-5,eulerian,A_common_dense,aggressive_temporal,2789.4736842105262,u,4.553512507528021
K5_T1-5,eulerian,A_common_dense,aggressive_temporal,2789.4736842105262,v,2.7841214557911598
K5_T1-5,eulerian,A_common_dense,aggressive_temporal,2789.4736842105262,w,1.6707364786767573
K5_T1-5,eulerian,A_common_dense,aggressive_temporal,3552.6315789473683,u,3.4511076475462517
K5_T1-5,eulerian,A_common_dense,aggressive_temporal,3552.6315789473683,v,2.7070890371609777
K5_T1-5,eulerian,A_common_dense,aggressive_temporal,3552.6315789473683,w,1.3845439422322956
K5_T1-5,eulerian,A_common_dense,aggressive_temporal,4315.78947368421,u,2.473291131633932
K5_T1-5,eulerian,A_common_dense,aggressive_temporal,4315.78947368421,v,2.5358150397880146
K5_T1-5,eulerian,A_common_dense,aggressive_temporal,4315.78947368421,w,1.0666760629670402
K5_T1-5,eulerian,A_common_dense,aggressive_temporal,5078.9473684210525,u,2.833573847003764
K5_T1-5,eulerian,A_common_dense,aggressive_temporal,5078.9473684210525,v,2.3221493753299067
K5_T1-5,eulerian,A_common_dense,aggressive_temporal,5078.9473684210525,w,0.7451440614233896
K5_T1-5,eulerian,A_common_dense,compact_temporal,2789.4736842105262,u,1.091714039956245
K5_T1-5,eulerian,A_common_dense,compact_temporal,2789.4736842105262,v,1.9023172458602942
K5_T1-5,eulerian,A_common_dense,compact_temporal,2789.4736842105262,w,1.1718381685916264
K5_T1-5,eulerian,A_common_dense,compact_temporal,3552.6315789473683,u,0.965759449910371
K5_T1-5,eulerian,A_common_dense,compact_temporal,3552.6315789473683,v,1.805909071773314
K5_T1-5,eulerian,A_common_dense,compact_temporal,3552.6315789473683,w,1.0273763338563016
K5_T1-5,eulerian,A_common_dense,compact_temporal,4315.78947368421,u,0.8278796640263475
K5_T1-5,eulerian,A_common_dense,compact_temporal,4315.78947368421,v,1.6301552815284464
K5_T1-5,eulerian,A_common_dense,compact_temporal,4315.78947368421,w,0.8371466045255046
K5_T1-5,eulerian,A_common_dense,compact_temporal,5078.9473684210525,u,0.7338035061399949
K5_T1-5,eulerian,A_common_dense,compact_temporal,5078.9473684210525,v,1.382684145710705
K5_T1-5,eulerian,A_common_dense,compact_temporal,5078.9473684210525,w,0.6224957866880289
K5_T1-5,eulerian,A_common_dense,moderate_temporal,2789.4736842105262,u,0.674794438577753
K5_T1-5,eulerian,A_common_dense,moderate_temporal,2789.4736842105262,v,0.5656140599085114
K5_T1-5,eulerian,A_common_dense,moderate_temporal,2789.4736842105262,w,0.40475431704907017
K5_T1-5,eulerian,A_common_dense,moderate_temporal,3552.6315789473683,u,0.5542687502602831
K5_T1-5,eulerian,A_common_dense,moderate_temporal,3552.6315789473683,v,0.5805792753698925
K5_T1-5,eulerian,A_common_dense,moderate_temporal,3552.6315789473683,w,0.33932239010150733
K5_T1-5,eulerian,A_common_dense,moderate_temporal,4315.78947368421,u,0.4437978121310401
K5_T1-5,eulerian,A_common_dense,moderate_temporal,4315.78947368421,v,0.5677109782573786
K5_T1-5,eulerian,A_common_dense,moderate_temporal,4315.78947368421,w,0.268081545066051
K5_T1-5,eulerian,A_common_dense,moderate_temporal,5078.9473684210525,u,0.42821410297400014
K5_T1-5,eulerian,A_common_dense,moderate_temporal,5078.9473684210525,v,0.5161275516570368
K5_T1-5,eulerian,A_common_dense,moderate_temporal,5078.9473684210525,w,0.1985198835122815
K5_T1-5,eulerian,A_common_dense,compact_rt_full,2789.4736842105262,u,0.48021038866703136
K5_T1-5,eulerian,A_common_dense,compact_rt_full,2789.4736842105262,v,0.7125827427096515
K5_T1-5,eulerian,A_common_dense,compact_rt_full,2789.4736842105262,w,0.3888890430546044
K5_T1-5,eulerian,A_common_dense,compact_rt_full,3552.6315789473683,u,0.4580616517348706
K5_T1-5,eulerian,A_common_dense,compact_rt_full,3552.6315789473683,v,0.7108443414138508
K5_T1-5,eulerian,A_common_dense,compact_rt_full,3552.6315789473683,w,0.3344678471726948
K5_T1-5,eulerian,A_common_dense,compact_rt_full,4315.78947368421,u,0.41499748139906606
K5_T1-5,eulerian,A_common_dense,compact_rt_full,4315.78947368421,v,0.6720462918784246
K5_T1-5,eulerian,A_common_dense,compact_rt_full,4315.78947368421,w,0.2605119493540962
K5_T1-5,eulerian,A_common_dense,compact_rt_full,5078.9473684210525,u,0.35545609604526096
K5_T1-5,eulerian,A_common_dense,compact_rt_full,5078.9473684210525,v,0.5975022137700781
K5_T1-5,eulerian,A_common_dense,compact_rt_full,5078.9473684210525,w,0.18547781855057546
K5_T1-5,eulerian,A_common_dense,moderate_rt_full,2789.4736842105262,u,0.055581726569936915
K5_T1-5,eulerian,A_common_dense,moderate_rt_full,2789.4736842105262,v,0.07980284979723691
K5_T1-5,eulerian,A_common_dense,moderate_rt_full,2789.4736842105262,w,0.058021566793225766
K5_T1-5,eulerian,A_common_dense,moderate_rt_full,3552.6315789473683,u,0.05442678953638826
K5_T1-5,eulerian,A_common_dense,moderate_rt_full,3552.6315789473683,v,0.08220218430462173
K5_T1-5,eulerian,A_common_dense,moderate_rt_full,3552.6315789473683,w,0.05312677526156582
K5_T1-5,eulerian,A_common_dense,moderate_rt_full,4315.78947368421,u,0.050948431425285365
K5_T1-5,eulerian,A_common_dense,moderate_rt_full,4315.78947368421,v,0.07838403397550199
K5_T1-5,eulerian,A_common_dense,moderate_rt_full,4315.78947368421,w,0.04459913241657337
K5_T1-5,eulerian,A_common_dense,moderate_rt_full,5078.9473684210525,u,0.04518199554266109
K5_T1-5,eulerian,A_common_dense,moderate_rt_full,5078.9473684210525,v,0.06873135526787315
K5_T1-5,eulerian,A_common_dense,moderate_rt_full,5078.9473684210525,w,0.03652616141880235
K5_T1-5,eulerian,B_structured_missing,aggressive_temporal,500.0,u,2.386662051853236
K5_T1-5,eulerian,B_structured_missing,aggressive_temporal,500.0,v,3.5060582464961283
K5_T1-5,eulerian,B_structured_missing,aggressive_temporal,500.0,w,1.0393008757820643
K5_T1-5,eulerian,B_structured_missing,aggressive_temporal,1263.157894736842,u,2.3843428515366165
K5_T1-5,eulerian,B_structured_missing,aggressive_temporal,1263.157894736842,v,3.0582928259668245
K5_T1-5,eulerian,B_structured_missing,aggressive_temporal,1263.157894736842,w,1.040876247750356
K5_T1-5,eulerian,B_structured_missing,aggressive_temporal,2026.3157894736842,u,2.936293255962012
K5_T1-5,eulerian,B_structured_missing,aggressive_temporal,2026.3157894736842,v,3.1206784518233475
K5_T1-5,eulerian,B_structured_missing,aggressive_temporal,2026.3157894736842,w,1.0760392080828443
K5_T1-5,eulerian,B_structured_missing,aggressive_temporal,2789.4736842105262,u,3.3208980511122963
K5_T1-5,eulerian,B_structured_missing,aggressive_temporal,2789.4736842105262,v,3.234730790125384
K5_T1-5,eulerian,B_structured_missing,aggressive_temporal,2789.4736842105262,w,1.1917218231000521
K5_T1-5,eulerian,B_structured_missing,aggressive_temporal,3552.6315789473683,u,3.209193825339921
K5_T1-5,eulerian,B_structured_missing,aggressive_temporal,3552.6315789473683,v,3.1283284239150553
K5_T1-5,eulerian,B_structured_missing,aggressive_temporal,3552.6315789473683,w,1.047241319979842
K5_T1-5,eulerian,B_structured_missing,aggressive_temporal,4315.78947368421,u,3.0872786859447348
K5_T1-5,eulerian,B_structured_missing,aggressive_temporal,4315.78947368421,v,2.6789302594216196
K5_T1-5,eulerian,B_structured_missing,aggressive_temporal,4315.78947368421,w,0.8809898727065718
K5_T1-5,eulerian,B_structured_missing,aggressive_temporal,5078.9473684210525,u,2.019259785959591
K5_T1-5,eulerian,B_structured_missing,aggressive_temporal,5078.9473684210525,v,2.72176187097703
K5_T1-5,eulerian,B_structured_missing,aggressive_temporal,5078.9473684210525,w,0.3938970259942275
K5_T1-5,eulerian,B_structured_missing,aggressive_temporal,5842.105263157895,u,2.642208709065961
K5_T1-5,eulerian,B_structured_missing,aggressive_temporal,5842.105263157895,v,1.9065320626753486
K5_T1-5,eulerian,B_structured_missing,aggressive_temporal,5842.105263157895,w,0.4769050339125745
K5_T1-5,eulerian,B_structured_missing,aggressive_temporal,6605.263157894737,u,nan
K5_T1-5,eulerian,B_structured_missing,aggressive_temporal,6605.263157894737,v,nan
K5_T1-5,eulerian,B_structured_missing,aggressive_temporal,6605.263157894737,w,nan
K5_T1-5,eulerian,B_structured_missing,compact_temporal,500.0,u,1.3875130146511112
K5_T1-5,eulerian,B_structured_missing,compact_temporal,500.0,v,1.8859296735135116
K5_T1-5,eulerian,B_structured_missing,compact_temporal,500.0,w,0.7834420826170575
K5_T1-5,eulerian,B_structured_missing,compact_temporal,1263.157894736842,u,1.2503738355034237
K5_T1-5,eulerian,B_structured_missing,compact_temporal,1263.157894736842,v,1.4343425474311597
K5_T1-5,eulerian,B_structured_missing,compact_temporal,1263.157894736842,w,0.8209133391608764
K5_T1-5,eulerian,B_structured_missing,compact_temporal,2026.3157894736842,u,1.3400702958889008
K5_T1-5,eulerian,B_structured_missing,compact_temporal,2026.3157894736842,v,1.2948133373946589
K5_T1-5,eulerian,B_structured_missing,compact_temporal,2026.3157894736842,w,0.8804936145128999
K5_T1-5,eulerian,B_structured_missing,compact_temporal,2789.4736842105262,u,1.506522901605516
K5_T1-5,eulerian,B_structured_missing,compact_temporal,2789.4736842105262,v,1.4731138449216017
K5_T1-5,eulerian,B_structured_missing,compact_temporal,2789.4736842105262,w,0.9478540013576597
K5_T1-5,eulerian,B_structured_missing,compact_temporal,3552.6315789473683,u,1.5105851241335388
K5_T1-5,eulerian,B_structured_missing,compact_temporal,3552.6315789473683,v,1.5134059382562037
K5_T1-5,eulerian,B_structured_missing,compact_temporal,3552.6315789473683,w,0.8568475694100119
K5_T1-5,eulerian,B_structured_missing,compact_temporal,4315.78947368421,u,1.3712588509749306
K5_T1-5,eulerian,B_structured_missing,compact_temporal,4315.78947368421,v,1.4227939271671888
K5_T1-5,eulerian,B_structured_missing,compact_temporal,4315.78947368421,w,0.7549232691475485
K5_T1-5,eulerian,B_structured_missing,compact_temporal,5078.9473684210525,u,1.298668296297387
K5_T1-5,eulerian,B_structured_missing,compact_temporal,5078.9473684210525,v,0.8297341982049978
K5_T1-5,eulerian,B_structured_missing,compact_temporal,5078.9473684210525,w,0.2574036634927584
K5_T1-5,eulerian,B_structured_missing,compact_temporal,5842.105263157895,u,1.2534289990207543
K5_T1-5,eulerian,B_structured_missing,compact_temporal,5842.105263157895,v,0.7727197874807025
K5_T1-5,eulerian,B_structured_missing,compact_temporal,5842.105263157895,w,0.28884691449685335
K5_T1-5,eulerian,B_structured_missing,compact_temporal,6605.263157894737,u,nan
K5_T1-5,eulerian,B_structured_missing,compact_temporal,6605.263157894737,v,nan
K5_T1-5,eulerian,B_structured_missing,compact_temporal,6605.263157894737,w,nan
K5_T1-5,eulerian,B_structured_missing,moderate_temporal,500.0,u,1.9160269521820472
K5_T1-5,eulerian,B_structured_missing,moderate_temporal,500.0,v,1.2987825878598294
K5_T1-5,eulerian,B_structured_missing,moderate_temporal,500.0,w,0.47054087677211603
K5_T1-5,eulerian,B_structured_missing,moderate_temporal,1263.157894736842,u,1.5430591750190474
K5_T1-5,eulerian,B_structured_missing,moderate_temporal,1263.157894736842,v,1.0953187351387623
K5_T1-5,eulerian,B_structured_missing,moderate_temporal,1263.157894736842,w,0.5059890858545792
K5_T1-5,eulerian,B_structured_missing,moderate_temporal,2026.3157894736842,u,1.3936973042191643
K5_T1-5,eulerian,B_structured_missing,moderate_temporal,2026.3157894736842,v,1.0065171706887166
K5_T1-5,eulerian,B_structured_missing,moderate_temporal,2026.3157894736842,w,0.5268295842182004
K5_T1-5,eulerian,B_structured_missing,moderate_temporal,2789.4736842105262,u,1.2286910889373366
K5_T1-5,eulerian,B_structured_missing,moderate_temporal,2789.4736842105262,v,0.8750260947216935
K5_T1-5,eulerian,B_structured_missing,moderate_temporal,2789.4736842105262,w,0.4922256233020019
K5_T1-5,eulerian,B_structured_missing,moderate_temporal,3552.6315789473683,u,1.1531720473266454
K5_T1-5,eulerian,B_structured_missing,moderate_temporal,3552.6315789473683,v,0.8605961154885295
K5_T1-5,eulerian,B_structured_missing,moderate_temporal,3552.6315789473683,w,0.44755414102528346
K5_T1-5,eulerian,B_structured_missing,moderate_temporal,4315.78947368421,u,1.0341799567845245
K5_T1-5,eulerian,B_structured_missing,moderate_temporal,4315.78947368421,v,0.8303663209157146
K5_T1-5,eulerian,B_structured_missing,moderate_temporal,4315.78947368421,w,0.4191763710132337
K5_T1-5,eulerian,B_structured_missing,moderate_temporal,5078.9473684210525,u,0.9951339122763777
K5_T1-5,eulerian,B_structured_missing,moderate_temporal,5078.9473684210525,v,0.5719029324867884
K5_T1-5,eulerian,B_structured_missing,moderate_temporal,5078.9473684210525,w,0.18372526812542941
K5_T1-5,eulerian,B_structured_missing,moderate_temporal,5842.105263157895,u,1.151156641425697
K5_T1-5,eulerian,B_structured_missing,moderate_temporal,5842.105263157895,v,0.5460555644122114
K5_T1-5,eulerian,B_structured_missing,moderate_temporal,5842.105263157895,w,0.24249700972429378
K5_T1-5,eulerian,B_structured_missing,moderate_temporal,6605.263157894737,u,nan
K5_T1-5,eulerian,B_structured_missing,moderate_temporal,6605.263157894737,v,nan
K5_T1-5,eulerian,B_structured_missing,moderate_temporal,6605.263157894737,w,nan
K5_T1-5,eulerian,B_structured_missing,compact_rt_full,500.0,u,0.5735126022858099
K5_T1-5,eulerian,B_structured_missing,compact_rt_full,500.0,v,0.6219473821141663
K5_T1-5,eulerian,B_structured_missing,compact_rt_full,500.0,w,0.0954289348723212
K5_T1-5,eulerian,B_structured_missing,compact_rt_full,1263.157894736842,u,0.455461674295354
K5_T1-5,eulerian,B_structured_missing,compact_rt_full,1263.157894736842,v,0.3851301465713844
K5_T1-5,eulerian,B_structured_missing,compact_rt_full,1263.157894736842,w,0.104709818474566
K5_T1-5,eulerian,B_structured_missing,compact_rt_full,2026.3157894736842,u,0.32920511703535726
K5_T1-5,eulerian,B_structured_missing,compact_rt_full,2026.3157894736842,v,0.2563096626109766
K5_T1-5,eulerian,B_structured_missing,compact_rt_full,2026.3157894736842,w,0.12198535851904187
K5_T1-5,eulerian,B_structured_missing,compact_rt_full,2789.4736842105262,u,0.30905901623844945
K5_T1-5,eulerian,B_structured_missing,compact_rt_full,2789.4736842105262,v,0.3494078961038745
K5_T1-5,eulerian,B_structured_missing,compact_rt_full,2789.4736842105262,w,0.13778013100048458
K5_T1-5,eulerian,B_structured_missing,compact_rt_full,3552.6315789473683,u,0.30819686813586844
K5_T1-5,eulerian,B_structured_missing,compact_rt_full,3552.6315789473683,v,0.33458497808006993
K5_T1-5,eulerian,B_structured_missing,compact_rt_full,3552.6315789473683,w,0.12382029435074204
K5_T1-5,eulerian,B_structured_missing,compact_rt_full,4315.78947368421,u,0.3888031386112339
K5_T1-5,eulerian,B_structured_missing,compact_rt_full,4315.78947368421,v,0.4524503469587161
K5_T1-5,eulerian,B_structured_missing,compact_rt_full,4315.78947368421,w,0.11619334693273149
K5_T1-5,eulerian,B_structured_missing,compact_rt_full,5078.9473684210525,u,0.5539229762694718
K5_T1-5,eulerian,B_structured_missing,compact_rt_full,5078.9473684210525,v,0.38189050754160964
K5_T1-5,eulerian,B_structured_missing,compact_rt_full,5078.9473684210525,w,0.07356751120987307
K5_T1-5,eulerian,B_structured_missing,compact_rt_full,5842.105263157895,u,1.1009137582495656
K5_T1-5,eulerian,B_structured_missing,compact_rt_full,5842.105263157895,v,0.34986017627745836
K5_T1-5,eulerian,B_structured_missing,compact_rt_full,5842.105263157895,w,0.05032600128742728
K5_T1-5,eulerian,B_structured_missing,compact_rt_full,6605.263157894737,u,nan
K5_T1-5,eulerian,B_structured_missing,compact_rt_full,6605.263157894737,v,nan
K5_T1-5,eulerian,B_structured_missing,compact_rt_full,6605.263157894737,w,nan
K5_T1-5,eulerian,B_structured_missing,moderate_rt_full,500.0,u,3.7402033110442527
K5_T1-5,eulerian,B_structured_missing,moderate_rt_full,500.0,v,1.2575481216593147
K5_T1-5,eulerian,B_structured_missing,moderate_rt_full,500.0,w,0.3156409166550618
K5_T1-5,eulerian,B_structured_missing,moderate_rt_full,1263.157894736842,u,3.091952081700689
K5_T1-5,eulerian,B_structured_missing,moderate_rt_full,1263.157894736842,v,1.322894685688779
K5_T1-5,eulerian,B_structured_missing,moderate_rt_full,1263.157894736842,w,0.25003151094288256
K5_T1-5,eulerian,B_structured_missing,moderate_rt_full,2026.3157894736842,u,2.1185979381472237
K5_T1-5,eulerian,B_structured_missing,moderate_rt_full,2026.3157894736842,v,1.2267259278875262
K5_T1-5,eulerian,B_structured_missing,moderate_rt_full,2026.3157894736842,w,0.19858114318679052
K5_T1-5,eulerian,B_structured_missing,moderate_rt_full,2789.4736842105262,u,0.31931119983920064
K5_T1-5,eulerian,B_structured_missing,moderate_rt_full,2789.4736842105262,v,0.33429152708497406
K5_T1-5,eulerian,B_structured_missing,moderate_rt_full,2789.4736842105262,w,0.09263165107890754
K5_T1-5,eulerian,B_structured_missing,moderate_rt_full,3552.6315789473683,u,0.32768895689127886
K5_T1-5,eulerian,B_structured_missing,moderate_rt_full,3552.6315789473683,v,0.3126834282173418
K5_T1-5,eulerian,B_structured_missing,moderate_rt_full,3552.6315789473683,w,0.0831662058718482
K5_T1-5,eulerian,B_structured_missing,moderate_rt_full,4315.78947368421,u,0.6262683078922846
K5_T1-5,eulerian,B_structured_missing,moderate_rt_full,4315.78947368421,v,0.5635016137771705
K5_T1-5,eulerian,B_structured_missing,moderate_rt_full,4315.78947368421,w,0.1057984420932862
K5_T1-5,eulerian,B_structured_missing,moderate_rt_full,5078.9473684210525,u,0.7978275110373129
K5_T1-5,eulerian,B_structured_missing,moderate_rt_full,5078.9473684210525,v,0.34454827491956663
K5_T1-5,eulerian,B_structured_missing,moderate_rt_full,5078.9473684210525,w,0.06499972115767569
K5_T1-5,eulerian,B_structured_missing,moderate_rt_full,5842.105263157895,u,1.0885835112611844
K5_T1-5,eulerian,B_structured_missing,moderate_rt_full,5842.105263157895,v,0.25856111235492557
K5_T1-5,eulerian,B_structured_missing,moderate_rt_full,5842.105263157895,w,0.04277952777141068
K5_T1-5,eulerian,B_structured_missing,moderate_rt_full,6605.263157894737,u,nan
K5_T1-5,eulerian,B_structured_missing,moderate_rt_full,6605.263157894737,v,nan
K5_T1-5,eulerian,B_structured_missing,moderate_rt_full,6605.263157894737,w,nan
K5_T1-5,storm_relative,A_common_dense,aggressive_temporal,2789.4736842105262,u,2.2446487078034254
K5_T1-5,storm_relative,A_common_dense,aggressive_temporal,2789.4736842105262,v,2.142804310691487
K5_T1-5,storm_relative,A_common_dense,aggressive_temporal,2789.4736842105262,w,1.321857260459534
K5_T1-5,storm_relative,A_common_dense,aggressive_temporal,3552.6315789473683,u,1.7864981280369847
K5_T1-5,storm_relative,A_common_dense,aggressive_temporal,3552.6315789473683,v,2.040185235182746
K5_T1-5,storm_relative,A_common_dense,aggressive_temporal,3552.6315789473683,w,1.1537484027465943
K5_T1-5,storm_relative,A_common_dense,aggressive_temporal,4315.78947368421,u,1.3621833788006183
K5_T1-5,storm_relative,A_common_dense,aggressive_temporal,4315.78947368421,v,1.8113920727511332
K5_T1-5,storm_relative,A_common_dense,aggressive_temporal,4315.78947368421,w,0.9285363174056263
K5_T1-5,storm_relative,A_common_dense,aggressive_temporal,5078.9473684210525,u,1.3765142878777168
K5_T1-5,storm_relative,A_common_dense,aggressive_temporal,5078.9473684210525,v,1.4958306665520236
K5_T1-5,storm_relative,A_common_dense,aggressive_temporal,5078.9473684210525,w,0.6724331825818035
K5_T1-5,storm_relative,A_common_dense,compact_temporal,2789.4736842105262,u,0.7048571162031858
K5_T1-5,storm_relative,A_common_dense,compact_temporal,2789.4736842105262,v,1.0816113533630214
K5_T1-5,storm_relative,A_common_dense,compact_temporal,2789.4736842105262,w,0.7199167129100646
K5_T1-5,storm_relative,A_common_dense,compact_temporal,3552.6315789473683,u,0.6661841352292569
K5_T1-5,storm_relative,A_common_dense,compact_temporal,3552.6315789473683,v,1.035326627275912
K5_T1-5,storm_relative,A_common_dense,compact_temporal,3552.6315789473683,w,0.6438861434376142
K5_T1-5,storm_relative,A_common_dense,compact_temporal,4315.78947368421,u,0.6016917477134986
K5_T1-5,storm_relative,A_common_dense,compact_temporal,4315.78947368421,v,0.957972772765462
K5_T1-5,storm_relative,A_common_dense,compact_temporal,4315.78947368421,w,0.5380863357150564
K5_T1-5,storm_relative,A_common_dense,compact_temporal,5078.9473684210525,u,0.5209182357399363
K5_T1-5,storm_relative,A_common_dense,compact_temporal,5078.9473684210525,v,0.8411795340921835
K5_T1-5,storm_relative,A_common_dense,compact_temporal,5078.9473684210525,w,0.4149755164538427
K5_T1-5,storm_relative,A_common_dense,moderate_temporal,2789.4736842105262,u,0.2644663001631018
K5_T1-5,storm_relative,A_common_dense,moderate_temporal,2789.4736842105262,v,0.3579092379192605
K5_T1-5,storm_relative,A_common_dense,moderate_temporal,2789.4736842105262,w,0.3170398565598182
K5_T1-5,storm_relative,A_common_dense,moderate_temporal,3552.6315789473683,u,0.26081052094721724
K5_T1-5,storm_relative,A_common_dense,moderate_temporal,3552.6315789473683,v,0.3321115045729916
K5_T1-5,storm_relative,A_common_dense,moderate_temporal,3552.6315789473683,w,0.2804465395835502
K5_T1-5,storm_relative,A_common_dense,moderate_temporal,4315.78947368421,u,0.24651913042039758
K5_T1-5,storm_relative,A_common_dense,moderate_temporal,4315.78947368421,v,0.34207606146797837
K5_T1-5,storm_relative,A_common_dense,moderate_temporal,4315.78947368421,w,0.23304268808287926
K5_T1-5,storm_relative,A_common_dense,moderate_temporal,5078.9473684210525,u,0.2263556589862509
K5_T1-5,storm_relative,A_common_dense,moderate_temporal,5078.9473684210525,v,0.33502400201313814
K5_T1-5,storm_relative,A_common_dense,moderate_temporal,5078.9473684210525,w,0.17906816703857045
K5_T1-5,storm_relative,A_common_dense,compact_rt_full,2789.4736842105262,u,0.34725941666734766
K5_T1-5,storm_relative,A_common_dense,compact_rt_full,2789.4736842105262,v,0.5455543557059822
K5_T1-5,storm_relative,A_common_dense,compact_rt_full,2789.4736842105262,w,0.32315534967279363
K5_T1-5,storm_relative,A_common_dense,compact_rt_full,3552.6315789473683,u,0.303362366122571
K5_T1-5,storm_relative,A_common_dense,compact_rt_full,3552.6315789473683,v,0.5505451714432053
K5_T1-5,storm_relative,A_common_dense,compact_rt_full,3552.6315789473683,w,0.28102456813779847
K5_T1-5,storm_relative,A_common_dense,compact_rt_full,4315.78947368421,u,0.2604230773966875
K5_T1-5,storm_relative,A_common_dense,compact_rt_full,4315.78947368421,v,0.5242529016204064
K5_T1-5,storm_relative,A_common_dense,compact_rt_full,4315.78947368421,w,0.22119832246208943
K5_T1-5,storm_relative,A_common_dense,compact_rt_full,5078.9473684210525,u,0.22501161536144568
K5_T1-5,storm_relative,A_common_dense,compact_rt_full,5078.9473684210525,v,0.4732530253767158
K5_T1-5,storm_relative,A_common_dense,compact_rt_full,5078.9473684210525,w,0.15594390228088248
K5_T1-5,storm_relative,A_common_dense,moderate_rt_full,2789.4736842105262,u,0.03704985827684705
K5_T1-5,storm_relative,A_common_dense,moderate_rt_full,2789.4736842105262,v,0.048428781973992266
K5_T1-5,storm_relative,A_common_dense,moderate_rt_full,2789.4736842105262,w,0.0385133816367804
K5_T1-5,storm_relative,A_common_dense,moderate_rt_full,3552.6315789473683,u,0.03318387700454338
K5_T1-5,storm_relative,A_common_dense,moderate_rt_full,3552.6315789473683,v,0.05383983533170791
K5_T1-5,storm_relative,A_common_dense,moderate_rt_full,3552.6315789473683,w,0.037655243478984905
K5_T1-5,storm_relative,A_common_dense,moderate_rt_full,4315.78947368421,u,0.02939635452878201
K5_T1-5,storm_relative,A_common_dense,moderate_rt_full,4315.78947368421,v,0.054174411651365766
K5_T1-5,storm_relative,A_common_dense,moderate_rt_full,4315.78947368421,w,0.03365757931336304
K5_T1-5,storm_relative,A_common_dense,moderate_rt_full,5078.9473684210525,u,0.02578027453023959
K5_T1-5,storm_relative,A_common_dense,moderate_rt_full,5078.9473684210525,v,0.0494433183838312
K5_T1-5,storm_relative,A_common_dense,moderate_rt_full,5078.9473684210525,w,0.028289657605677754
K5_T1-5,storm_relative,B_structured_missing,aggressive_temporal,500.0,u,2.2789906618038507
K5_T1-5,storm_relative,B_structured_missing,aggressive_temporal,500.0,v,2.6845092755788373
K5_T1-5,storm_relative,B_structured_missing,aggressive_temporal,500.0,w,0.9982200713883509
K5_T1-5,storm_relative,B_structured_missing,aggressive_temporal,1263.157894736842,u,1.977733624607208
K5_T1-5,storm_relative,B_structured_missing,aggressive_temporal,1263.157894736842,v,2.115847223976488
K5_T1-5,storm_relative,B_structured_missing,aggressive_temporal,1263.157894736842,w,1.039635763753903
K5_T1-5,storm_relative,B_structured_missing,aggressive_temporal,2026.3157894736842,u,2.0950851502597367
K5_T1-5,storm_relative,B_structured_missing,aggressive_temporal,2026.3157894736842,v,1.9645819542445053
K5_T1-5,storm_relative,B_structured_missing,aggressive_temporal,2026.3157894736842,w,1.06914757635318
K5_T1-5,storm_relative,B_structured_missing,aggressive_temporal,2789.4736842105262,u,2.2794253837626575
K5_T1-5,storm_relative,B_structured_missing,aggressive_temporal,2789.4736842105262,v,2.17468966223741
K5_T1-5,storm_relative,B_structured_missing,aggressive_temporal,2789.4736842105262,w,1.1642047773164004
K5_T1-5,storm_relative,B_structured_missing,aggressive_temporal,3552.6315789473683,u,2.2380095100645168
K5_T1-5,storm_relative,B_structured_missing,aggressive_temporal,3552.6315789473683,v,2.174301657113801
K5_T1-5,storm_relative,B_structured_missing,aggressive_temporal,3552.6315789473683,w,1.036606970010298
K5_T1-5,storm_relative,B_structured_missing,aggressive_temporal,4315.78947368421,u,2.0208930358441632
K5_T1-5,storm_relative,B_structured_missing,aggressive_temporal,4315.78947368421,v,1.9439233799106888
K5_T1-5,storm_relative,B_structured_missing,aggressive_temporal,4315.78947368421,w,0.8468772448484252
K5_T1-5,storm_relative,B_structured_missing,aggressive_temporal,5078.9473684210525,u,2.422700977185933
K5_T1-5,storm_relative,B_structured_missing,aggressive_temporal,5078.9473684210525,v,1.9171241069316034
K5_T1-5,storm_relative,B_structured_missing,aggressive_temporal,5078.9473684210525,w,0.35279126292355345
K5_T1-5,storm_relative,B_structured_missing,aggressive_temporal,5842.105263157895,u,6.1174917884788425
K5_T1-5,storm_relative,B_structured_missing,aggressive_temporal,5842.105263157895,v,1.1969178855834555
K5_T1-5,storm_relative,B_structured_missing,aggressive_temporal,5842.105263157895,w,0.2890022110552637
K5_T1-5,storm_relative,B_structured_missing,aggressive_temporal,6605.263157894737,u,nan
K5_T1-5,storm_relative,B_structured_missing,aggressive_temporal,6605.263157894737,v,nan
K5_T1-5,storm_relative,B_structured_missing,aggressive_temporal,6605.263157894737,w,nan
K5_T1-5,storm_relative,B_structured_missing,compact_temporal,500.0,u,1.195183213612221
K5_T1-5,storm_relative,B_structured_missing,compact_temporal,500.0,v,1.7344749335922551
K5_T1-5,storm_relative,B_structured_missing,compact_temporal,500.0,w,0.7148340684974351
K5_T1-5,storm_relative,B_structured_missing,compact_temporal,1263.157894736842,u,1.0796487826728811
K5_T1-5,storm_relative,B_structured_missing,compact_temporal,1263.157894736842,v,1.272179541523249
K5_T1-5,storm_relative,B_structured_missing,compact_temporal,1263.157894736842,w,0.7448356632396176
K5_T1-5,storm_relative,B_structured_missing,compact_temporal,2026.3157894736842,u,1.1660426667484503
K5_T1-5,storm_relative,B_structured_missing,compact_temporal,2026.3157894736842,v,1.0274683200305308
K5_T1-5,storm_relative,B_structured_missing,compact_temporal,2026.3157894736842,w,0.7929044659152698
K5_T1-5,storm_relative,B_structured_missing,compact_temporal,2789.4736842105262,u,1.2613707190931176
K5_T1-5,storm_relative,B_structured_missing,compact_temporal,2789.4736842105262,v,1.0477374904946417
K5_T1-5,storm_relative,B_structured_missing,compact_temporal,2789.4736842105262,w,0.8151713576067134
K5_T1-5,storm_relative,B_structured_missing,compact_temporal,3552.6315789473683,u,1.2680311615279143
K5_T1-5,storm_relative,B_structured_missing,compact_temporal,3552.6315789473683,v,1.0741171384348607
K5_T1-5,storm_relative,B_structured_missing,compact_temporal,3552.6315789473683,w,0.770709815621382
K5_T1-5,storm_relative,B_structured_missing,compact_temporal,4315.78947368421,u,1.1035475392079228
K5_T1-5,storm_relative,B_structured_missing,compact_temporal,4315.78947368421,v,0.9702500062503483
K5_T1-5,storm_relative,B_structured_missing,compact_temporal,4315.78947368421,w,0.6969349734694446
K5_T1-5,storm_relative,B_structured_missing,compact_temporal,5078.9473684210525,u,1.0033654856966099
K5_T1-5,storm_relative,B_structured_missing,compact_temporal,5078.9473684210525,v,0.7908928886017714
K5_T1-5,storm_relative,B_structured_missing,compact_temporal,5078.9473684210525,w,0.28459932800337867
K5_T1-5,storm_relative,B_structured_missing,compact_temporal,5842.105263157895,u,0.9524540558021428
K5_T1-5,storm_relative,B_structured_missing,compact_temporal,5842.105263157895,v,0.1628556406561099
K5_T1-5,storm_relative,B_structured_missing,compact_temporal,5842.105263157895,w,0.006453121958528069
K5_T1-5,storm_relative,B_structured_missing,compact_temporal,6605.263157894737,u,nan
K5_T1-5,storm_relative,B_structured_missing,compact_temporal,6605.263157894737,v,nan
K5_T1-5,storm_relative,B_structured_missing,compact_temporal,6605.263157894737,w,nan
K5_T1-5,storm_relative,B_structured_missing,moderate_temporal,500.0,u,2.1042206217656454
K5_T1-5,storm_relative,B_structured_missing,moderate_temporal,500.0,v,1.1145992794643704
K5_T1-5,storm_relative,B_structured_missing,moderate_temporal,500.0,w,0.44235477548701924
K5_T1-5,storm_relative,B_structured_missing,moderate_temporal,1263.157894736842,u,1.7100152835346514
K5_T1-5,storm_relative,B_structured_missing,moderate_temporal,1263.157894736842,v,1.1119407650689987
K5_T1-5,storm_relative,B_structured_missing,moderate_temporal,1263.157894736842,w,0.4429696961441233
K5_T1-5,storm_relative,B_structured_missing,moderate_temporal,2026.3157894736842,u,1.4090952382144488
K5_T1-5,storm_relative,B_structured_missing,moderate_temporal,2026.3157894736842,v,1.0576646757967434
K5_T1-5,storm_relative,B_structured_missing,moderate_temporal,2026.3157894736842,w,0.46185647581383105
K5_T1-5,storm_relative,B_structured_missing,moderate_temporal,2789.4736842105262,u,0.9119756627812965
K5_T1-5,storm_relative,B_structured_missing,moderate_temporal,2789.4736842105262,v,0.7748157397841455
K5_T1-5,storm_relative,B_structured_missing,moderate_temporal,2789.4736842105262,w,0.4669759959110457
K5_T1-5,storm_relative,B_structured_missing,moderate_temporal,3552.6315789473683,u,0.8465874912112408
K5_T1-5,storm_relative,B_structured_missing,moderate_temporal,3552.6315789473683,v,0.7323810163357934
K5_T1-5,storm_relative,B_structured_missing,moderate_temporal,3552.6315789473683,w,0.4417601939887532
K5_T1-5,storm_relative,B_structured_missing,moderate_temporal,4315.78947368421,u,0.8073341565779744
K5_T1-5,storm_relative,B_structured_missing,moderate_temporal,4315.78947368421,v,0.7313489235942351
K5_T1-5,storm_relative,B_structured_missing,moderate_temporal,4315.78947368421,w,0.4258725477517588
K5_T1-5,storm_relative,B_structured_missing,moderate_temporal,5078.9473684210525,u,0.9408651149125166
K5_T1-5,storm_relative,B_structured_missing,moderate_temporal,5078.9473684210525,v,0.5858255822644852
K5_T1-5,storm_relative,B_structured_missing,moderate_temporal,5078.9473684210525,w,0.13179902650798012
K5_T1-5,storm_relative,B_structured_missing,moderate_temporal,5842.105263157895,u,1.067827000390448
K5_T1-5,storm_relative,B_structured_missing,moderate_temporal,5842.105263157895,v,0.02842418987029216
K5_T1-5,storm_relative,B_structured_missing,moderate_temporal,5842.105263157895,w,0.084081727477931
K5_T1-5,storm_relative,B_structured_missing,moderate_temporal,6605.263157894737,u,nan
K5_T1-5,storm_relative,B_structured_missing,moderate_temporal,6605.263157894737,v,nan
K5_T1-5,storm_relative,B_structured_missing,moderate_temporal,6605.263157894737,w,nan
K5_T1-5,storm_relative,B_structured_missing,compact_rt_full,500.0,u,0.6063959453893653
K5_T1-5,storm_relative,B_structured_missing,compact_rt_full,500.0,v,0.5375388231875191
K5_T1-5,storm_relative,B_structured_missing,compact_rt_full,500.0,w,0.10312954842753462
K5_T1-5,storm_relative,B_structured_missing,compact_rt_full,1263.157894736842,u,0.5191150072864615
K5_T1-5,storm_relative,B_structured_missing,compact_rt_full,1263.157894736842,v,0.3840546139791681
K5_T1-5,storm_relative,B_structured_missing,compact_rt_full,1263.157894736842,w,0.10268914368975261
K5_T1-5,storm_relative,B_structured_missing,compact_rt_full,2026.3157894736842,u,0.3693316317021214
K5_T1-5,storm_relative,B_structured_missing,compact_rt_full,2026.3157894736842,v,0.2862399994959481
K5_T1-5,storm_relative,B_structured_missing,compact_rt_full,2026.3157894736842,w,0.11332724032470787
K5_T1-5,storm_relative,B_structured_missing,compact_rt_full,2789.4736842105262,u,0.3615862910686651
K5_T1-5,storm_relative,B_structured_missing,compact_rt_full,2789.4736842105262,v,0.3851867967429183
K5_T1-5,storm_relative,B_structured_missing,compact_rt_full,2789.4736842105262,w,0.13114716893467868
K5_T1-5,storm_relative,B_structured_missing,compact_rt_full,3552.6315789473683,u,0.3539786466962838
K5_T1-5,storm_relative,B_structured_missing,compact_rt_full,3552.6315789473683,v,0.3348432482566184
K5_T1-5,storm_relative,B_structured_missing,compact_rt_full,3552.6315789473683,w,0.11587141661143271
K5_T1-5,storm_relative,B_structured_missing,compact_rt_full,4315.78947368421,u,0.4591401123715046
K5_T1-5,storm_relative,B_structured_missing,compact_rt_full,4315.78947368421,v,0.4879539401336279
K5_T1-5,storm_relative,B_structured_missing,compact_rt_full,4315.78947368421,w,0.10917536526536423
K5_T1-5,storm_relative,B_structured_missing,compact_rt_full,5078.9473684210525,u,0.684875805773865
K5_T1-5,storm_relative,B_structured_missing,compact_rt_full,5078.9473684210525,v,0.45684188982112367
K5_T1-5,storm_relative,B_structured_missing,compact_rt_full,5078.9473684210525,w,0.08252537408936063
K5_T1-5,storm_relative,B_structured_missing,compact_rt_full,5842.105263157895,u,0.19556306248925281
K5_T1-5,storm_relative,B_structured_missing,compact_rt_full,5842.105263157895,v,0.14453159193016418
K5_T1-5,storm_relative,B_structured_missing,compact_rt_full,5842.105263157895,w,0.026560190926237893
K5_T1-5,storm_relative,B_structured_missing,compact_rt_full,6605.263157894737,u,nan
K5_T1-5,storm_relative,B_structured_missing,compact_rt_full,6605.263157894737,v,nan
K5_T1-5,storm_relative,B_structured_missing,compact_rt_full,6605.263157894737,w,nan
K5_T1-5,storm_relative,B_structured_missing,moderate_rt_full,500.0,u,3.7993104766406134
K5_T1-5,storm_relative,B_structured_missing,moderate_rt_full,500.0,v,1.2141772827222421
K5_T1-5,storm_relative,B_structured_missing,moderate_rt_full,500.0,w,0.34614375548077053
K5_T1-5,storm_relative,B_structured_missing,moderate_rt_full,1263.157894736842,u,3.1901945982399353
K5_T1-5,storm_relative,B_structured_missing,moderate_rt_full,1263.157894736842,v,1.4772606866621596
K5_T1-5,storm_relative,B_structured_missing,moderate_rt_full,1263.157894736842,w,0.281886705387786
K5_T1-5,storm_relative,B_structured_missing,moderate_rt_full,2026.3157894736842,u,2.282955232954396
K5_T1-5,storm_relative,B_structured_missing,moderate_rt_full,2026.3157894736842,v,1.4006371254290917
K5_T1-5,storm_relative,B_structured_missing,moderate_rt_full,2026.3157894736842,w,0.22183960737870448
K5_T1-5,storm_relative,B_structured_missing,moderate_rt_full,2789.4736842105262,u,0.34771412234072036
K5_T1-5,storm_relative,B_structured_missing,moderate_rt_full,2789.4736842105262,v,0.3658613554532613
K5_T1-5,storm_relative,B_structured_missing,moderate_rt_full,2789.4736842105262,w,0.09012659988220657
K5_T1-5,storm_relative,B_structured_missing,moderate_rt_full,3552.6315789473683,u,0.35170056781759396
K5_T1-5,storm_relative,B_structured_missing,moderate_rt_full,3552.6315789473683,v,0.3530614611694026
K5_T1-5,storm_relative,B_structured_missing,moderate_rt_full,3552.6315789473683,w,0.08186517300346498
K5_T1-5,storm_relative,B_structured_missing,moderate_rt_full,4315.78947368421,u,0.727911234925584
K5_T1-5,storm_relative,B_structured_missing,moderate_rt_full,4315.78947368421,v,0.6906822478335545
K5_T1-5,storm_relative,B_structured_missing,moderate_rt_full,4315.78947368421,w,0.10947251435660564
K5_T1-5,storm_relative,B_structured_missing,moderate_rt_full,5078.9473684210525,u,1.1053251869370717
K5_T1-5,storm_relative,B_structured_missing,moderate_rt_full,5078.9473684210525,v,0.6150311056361075
K5_T1-5,storm_relative,B_structured_missing,moderate_rt_full,5078.9473684210525,w,0.05942584372051083
K5_T1-5,storm_relative,B_structured_missing,moderate_rt_full,5842.105263157895,u,0.9268606659976832
K5_T1-5,storm_relative,B_structured_missing,moderate_rt_full,5842.105263157895,v,0.09272775183335291
K5_T1-5,storm_relative,B_structured_missing,moderate_rt_full,5842.105263157895,w,0.0814170019501177
K5_T1-5,storm_relative,B_structured_missing,moderate_rt_full,6605.263157894737,u,nan
K5_T1-5,storm_relative,B_structured_missing,moderate_rt_full,6605.263157894737,v,nan
K5_T1-5,storm_relative,B_structured_missing,moderate_rt_full,6605.263157894737,w,nan
K5_T2-6,eulerian,A_common_dense,aggressive_temporal,2026.3157894736842,u,3.8610980927058143
K5_T2-6,eulerian,A_common_dense,aggressive_temporal,2026.3157894736842,v,4.09158017227925
K5_T2-6,eulerian,A_common_dense,aggressive_temporal,2026.3157894736842,w,1.3251556824386685
K5_T2-6,eulerian,A_common_dense,aggressive_temporal,2789.4736842105262,u,4.506305371112999
K5_T2-6,eulerian,A_common_dense,aggressive_temporal,2789.4736842105262,v,4.1379794588503644
K5_T2-6,eulerian,A_common_dense,aggressive_temporal,2789.4736842105262,w,1.1978509097732462
K5_T2-6,eulerian,A_common_dense,aggressive_temporal,3552.6315789473683,u,4.6922320505876565
K5_T2-6,eulerian,A_common_dense,aggressive_temporal,3552.6315789473683,v,3.9309306089423006
K5_T2-6,eulerian,A_common_dense,aggressive_temporal,3552.6315789473683,w,1.0164193117099665
K5_T2-6,eulerian,A_common_dense,aggressive_temporal,4315.78947368421,u,4.551379276461731
K5_T2-6,eulerian,A_common_dense,aggressive_temporal,4315.78947368421,v,3.498877419983427
K5_T2-6,eulerian,A_common_dense,aggressive_temporal,4315.78947368421,w,0.7985188313997509
K5_T2-6,eulerian,A_common_dense,compact_temporal,2026.3157894736842,u,1.7851084812294586
K5_T2-6,eulerian,A_common_dense,compact_temporal,2026.3157894736842,v,1.5968733981309349
K5_T2-6,eulerian,A_common_dense,compact_temporal,2026.3157894736842,w,1.2509518369704586
K5_T2-6,eulerian,A_common_dense,compact_temporal,2789.4736842105262,u,1.644779640278124
K5_T2-6,eulerian,A_common_dense,compact_temporal,2789.4736842105262,v,1.7806190709102718
K5_T2-6,eulerian,A_common_dense,compact_temporal,2789.4736842105262,w,1.1316161845996133
K5_T2-6,eulerian,A_common_dense,compact_temporal,3552.6315789473683,u,1.279490817722865
K5_T2-6,eulerian,A_common_dense,compact_temporal,3552.6315789473683,v,1.8370017593445136
K5_T2-6,eulerian,A_common_dense,compact_temporal,3552.6315789473683,w,0.9519906063849125
K5_T2-6,eulerian,A_common_dense,compact_temporal,4315.78947368421,u,1.0705802767783852
K5_T2-6,eulerian,A_common_dense,compact_temporal,4315.78947368421,v,1.7433549477448875
K5_T2-6,eulerian,A_common_dense,compact_temporal,4315.78947368421,w,0.7322117141280683
K5_T2-6,eulerian,A_common_dense,moderate_temporal,2026.3157894736842,u,0.4201809404955923
K5_T2-6,eulerian,A_common_dense,moderate_temporal,2026.3157894736842,v,0.8770816001119445
K5_T2-6,eulerian,A_common_dense,moderate_temporal,2026.3157894736842,w,0.5451842625346489
K5_T2-6,eulerian,A_common_dense,moderate_temporal,2789.4736842105262,u,0.4817398151400123
K5_T2-6,eulerian,A_common_dense,moderate_temporal,2789.4736842105262,v,0.7928694455465121
K5_T2-6,eulerian,A_common_dense,moderate_temporal,2789.4736842105262,w,0.4818282186035701
K5_T2-6,eulerian,A_common_dense,moderate_temporal,3552.6315789473683,u,0.5235608216882378
K5_T2-6,eulerian,A_common_dense,moderate_temporal,3552.6315789473683,v,0.725812811775567
K5_T2-6,eulerian,A_common_dense,moderate_temporal,3552.6315789473683,w,0.4075470270464668
K5_T2-6,eulerian,A_common_dense,moderate_temporal,4315.78947368421,u,0.5183009868386108
K5_T2-6,eulerian,A_common_dense,moderate_temporal,4315.78947368421,v,0.6469864539479006
K5_T2-6,eulerian,A_common_dense,moderate_temporal,4315.78947368421,w,0.3260807083542411
K5_T2-6,eulerian,A_common_dense,compact_rt_full,2026.3157894736842,u,0.4740443037953365
K5_T2-6,eulerian,A_common_dense,compact_rt_full,2026.3157894736842,v,0.5221670456368966
K5_T2-6,eulerian,A_common_dense,compact_rt_full,2026.3157894736842,w,0.3045719358116714
K5_T2-6,eulerian,A_common_dense,compact_rt_full,2789.4736842105262,u,0.5390885020873184
K5_T2-6,eulerian,A_common_dense,compact_rt_full,2789.4736842105262,v,0.6040536982802834
K5_T2-6,eulerian,A_common_dense,compact_rt_full,2789.4736842105262,w,0.27865364126893344
K5_T2-6,eulerian,A_common_dense,compact_rt_full,3552.6315789473683,u,0.576450273124065
K5_T2-6,eulerian,A_common_dense,compact_rt_full,3552.6315789473683,v,0.6652360738623498
K5_T2-6,eulerian,A_common_dense,compact_rt_full,3552.6315789473683,w,0.24338249669822903
K5_T2-6,eulerian,A_common_dense,compact_rt_full,4315.78947368421,u,0.5762417875627835
K5_T2-6,eulerian,A_common_dense,compact_rt_full,4315.78947368421,v,0.6666625366885438
K5_T2-6,eulerian,A_common_dense,compact_rt_full,4315.78947368421,w,0.19953753283790654
K5_T2-6,eulerian,A_common_dense,moderate_rt_full,2026.3157894736842,u,0.08994338005897357
K5_T2-6,eulerian,A_common_dense,moderate_rt_full,2026.3157894736842,v,0.12554908518041788
K5_T2-6,eulerian,A_common_dense,moderate_rt_full,2026.3157894736842,w,0.0754828720729138
K5_T2-6,eulerian,A_common_dense,moderate_rt_full,2789.4736842105262,u,0.09318567776825204
K5_T2-6,eulerian,A_common_dense,moderate_rt_full,2789.4736842105262,v,0.14728285219146828
K5_T2-6,eulerian,A_common_dense,moderate_rt_full,2789.4736842105262,w,0.07869789974521164
K5_T2-6,eulerian,A_common_dense,moderate_rt_full,3552.6315789473683,u,0.09070099601831592
K5_T2-6,eulerian,A_common_dense,moderate_rt_full,3552.6315789473683,v,0.15732654728195927
K5_T2-6,eulerian,A_common_dense,moderate_rt_full,3552.6315789473683,w,0.07305333367553885
K5_T2-6,eulerian,A_common_dense,moderate_rt_full,4315.78947368421,u,0.08222500760107078
K5_T2-6,eulerian,A_common_dense,moderate_rt_full,4315.78947368421,v,0.15277852773000872
K5_T2-6,eulerian,A_common_dense,moderate_rt_full,4315.78947368421,w,0.062060978377121205
K5_T2-6,eulerian,B_structured_missing,aggressive_temporal,500.0,u,2.2810164015162653
K5_T2-6,eulerian,B_structured_missing,aggressive_temporal,500.0,v,3.648084396295681
K5_T2-6,eulerian,B_structured_missing,aggressive_temporal,500.0,w,1.0304502105060704
K5_T2-6,eulerian,B_structured_missing,aggressive_temporal,1263.157894736842,u,2.425942520065625
K5_T2-6,eulerian,B_structured_missing,aggressive_temporal,1263.157894736842,v,3.02587318187576
K5_T2-6,eulerian,B_structured_missing,aggressive_temporal,1263.157894736842,w,1.0284710676450857
K5_T2-6,eulerian,B_structured_missing,aggressive_temporal,2026.3157894736842,u,3.0840603726994766
K5_T2-6,eulerian,B_structured_missing,aggressive_temporal,2026.3157894736842,v,2.9273371893095548
K5_T2-6,eulerian,B_structured_missing,aggressive_temporal,2026.3157894736842,w,1.0348765712171644
K5_T2-6,eulerian,B_structured_missing,aggressive_temporal,2789.4736842105262,u,3.4839735109777625
K5_T2-6,eulerian,B_structured_missing,aggressive_temporal,2789.4736842105262,v,2.972475774434055
K5_T2-6,eulerian,B_structured_missing,aggressive_temporal,2789.4736842105262,w,1.0676920195163335
K5_T2-6,eulerian,B_structured_missing,aggressive_temporal,3552.6315789473683,u,3.3714236823860317
K5_T2-6,eulerian,B_structured_missing,aggressive_temporal,3552.6315789473683,v,2.9228269113979533
K5_T2-6,eulerian,B_structured_missing,aggressive_temporal,3552.6315789473683,w,0.9639902754030796
K5_T2-6,eulerian,B_structured_missing,aggressive_temporal,4315.78947368421,u,3.1182223302818186
K5_T2-6,eulerian,B_structured_missing,aggressive_temporal,4315.78947368421,v,2.702154049510781
K5_T2-6,eulerian,B_structured_missing,aggressive_temporal,4315.78947368421,w,0.8432702487981236
K5_T2-6,eulerian,B_structured_missing,aggressive_temporal,5078.9473684210525,u,2.268218501621707
K5_T2-6,eulerian,B_structured_missing,aggressive_temporal,5078.9473684210525,v,2.7987129901326586
K5_T2-6,eulerian,B_structured_missing,aggressive_temporal,5078.9473684210525,w,0.46093889887448297
K5_T2-6,eulerian,B_structured_missing,aggressive_temporal,5842.105263157895,u,4.450296776503917
K5_T2-6,eulerian,B_structured_missing,aggressive_temporal,5842.105263157895,v,1.8291640831696248
K5_T2-6,eulerian,B_structured_missing,aggressive_temporal,5842.105263157895,w,0.45721012465379374
K5_T2-6,eulerian,B_structured_missing,aggressive_temporal,6605.263157894737,u,nan
K5_T2-6,eulerian,B_structured_missing,aggressive_temporal,6605.263157894737,v,nan
K5_T2-6,eulerian,B_structured_missing,aggressive_temporal,6605.263157894737,w,nan
K5_T2-6,eulerian,B_structured_missing,compact_temporal,500.0,u,1.3064328803429237
K5_T2-6,eulerian,B_structured_missing,compact_temporal,500.0,v,1.7164701562493732
K5_T2-6,eulerian,B_structured_missing,compact_temporal,500.0,w,0.8619817098155071
K5_T2-6,eulerian,B_structured_missing,compact_temporal,1263.157894736842,u,1.0597530945363085
K5_T2-6,eulerian,B_structured_missing,compact_temporal,1263.157894736842,v,1.4580146888314174
K5_T2-6,eulerian,B_structured_missing,compact_temporal,1263.157894736842,w,0.8567685730998442
K5_T2-6,eulerian,B_structured_missing,compact_temporal,2026.3157894736842,u,1.3594845934668107
K5_T2-6,eulerian,B_structured_missing,compact_temporal,2026.3157894736842,v,1.474689533092735
K5_T2-6,eulerian,B_structured_missing,compact_temporal,2026.3157894736842,w,0.8367939371451536
K5_T2-6,eulerian,B_structured_missing,compact_temporal,2789.4736842105262,u,1.7145985686358471
K5_T2-6,eulerian,B_structured_missing,compact_temporal,2789.4736842105262,v,1.6824532356350406
K5_T2-6,eulerian,B_structured_missing,compact_temporal,2789.4736842105262,w,0.83418586359405
K5_T2-6,eulerian,B_structured_missing,compact_temporal,3552.6315789473683,u,1.7031547720920928
K5_T2-6,eulerian,B_structured_missing,compact_temporal,3552.6315789473683,v,1.6703956615619007
K5_T2-6,eulerian,B_structured_missing,compact_temporal,3552.6315789473683,w,0.7525682310891955
K5_T2-6,eulerian,B_structured_missing,compact_temporal,4315.78947368421,u,1.484038301838875
K5_T2-6,eulerian,B_structured_missing,compact_temporal,4315.78947368421,v,1.4656022125876267
K5_T2-6,eulerian,B_structured_missing,compact_temporal,4315.78947368421,w,0.6607512202496055
K5_T2-6,eulerian,B_structured_missing,compact_temporal,5078.9473684210525,u,1.415467723195197
K5_T2-6,eulerian,B_structured_missing,compact_temporal,5078.9473684210525,v,1.1156490465583564
K5_T2-6,eulerian,B_structured_missing,compact_temporal,5078.9473684210525,w,0.3104004303602134
K5_T2-6,eulerian,B_structured_missing,compact_temporal,5842.105263157895,u,1.4547283244889335
K5_T2-6,eulerian,B_structured_missing,compact_temporal,5842.105263157895,v,0.6801250665520355
K5_T2-6,eulerian,B_structured_missing,compact_temporal,5842.105263157895,w,0.25697872143103795
K5_T2-6,eulerian,B_structured_missing,compact_temporal,6605.263157894737,u,nan
K5_T2-6,eulerian,B_structured_missing,compact_temporal,6605.263157894737,v,nan
K5_T2-6,eulerian,B_structured_missing,compact_temporal,6605.263157894737,w,nan
K5_T2-6,eulerian,B_structured_missing,moderate_temporal,500.0,u,2.183338091286341
K5_T2-6,eulerian,B_structured_missing,moderate_temporal,500.0,v,1.2009340476657757
K5_T2-6,eulerian,B_structured_missing,moderate_temporal,500.0,w,0.5306619531113549
K5_T2-6,eulerian,B_structured_missing,moderate_temporal,1263.157894736842,u,1.817311749315121
K5_T2-6,eulerian,B_structured_missing,moderate_temporal,1263.157894736842,v,1.1090100249026182
K5_T2-6,eulerian,B_structured_missing,moderate_temporal,1263.157894736842,w,0.5003390006371026
K5_T2-6,eulerian,B_structured_missing,moderate_temporal,2026.3157894736842,u,1.5233287749761004
K5_T2-6,eulerian,B_structured_missing,moderate_temporal,2026.3157894736842,v,1.0639927501334765
K5_T2-6,eulerian,B_structured_missing,moderate_temporal,2026.3157894736842,w,0.4857999924397064
K5_T2-6,eulerian,B_structured_missing,moderate_temporal,2789.4736842105262,u,0.8816622880158688
K5_T2-6,eulerian,B_structured_missing,moderate_temporal,2789.4736842105262,v,0.9482856610348279
K5_T2-6,eulerian,B_structured_missing,moderate_temporal,2789.4736842105262,w,0.5147314584466748
K5_T2-6,eulerian,B_structured_missing,moderate_temporal,3552.6315789473683,u,0.8918255633014239
K5_T2-6,eulerian,B_structured_missing,moderate_temporal,3552.6315789473683,v,0.8947523158872634
K5_T2-6,eulerian,B_structured_missing,moderate_temporal,3552.6315789473683,w,0.4858409887918501
K5_T2-6,eulerian,B_structured_missing,moderate_temporal,4315.78947368421,u,0.8783590006715108
K5_T2-6,eulerian,B_structured_missing,moderate_temporal,4315.78947368421,v,0.7683702917913561
K5_T2-6,eulerian,B_structured_missing,moderate_temporal,4315.78947368421,w,0.476816404122701
K5_T2-6,eulerian,B_structured_missing,moderate_temporal,5078.9473684210525,u,0.9045253721341348
K5_T2-6,eulerian,B_structured_missing,moderate_temporal,5078.9473684210525,v,0.7099416993900501
K5_T2-6,eulerian,B_structured_missing,moderate_temporal,5078.9473684210525,w,0.21664032784107903
K5_T2-6,eulerian,B_structured_missing,moderate_temporal,5842.105263157895,u,1.8334595074021285
K5_T2-6,eulerian,B_structured_missing,moderate_temporal,5842.105263157895,v,0.5048584272927475
K5_T2-6,eulerian,B_structured_missing,moderate_temporal,5842.105263157895,w,0.22648456038433779
K5_T2-6,eulerian,B_structured_missing,moderate_temporal,6605.263157894737,u,nan
K5_T2-6,eulerian,B_structured_missing,moderate_temporal,6605.263157894737,v,nan
K5_T2-6,eulerian,B_structured_missing,moderate_temporal,6605.263157894737,w,nan
K5_T2-6,eulerian,B_structured_missing,compact_rt_full,500.0,u,0.4818144072760845
K5_T2-6,eulerian,B_structured_missing,compact_rt_full,500.0,v,0.5589374130188317
K5_T2-6,eulerian,B_structured_missing,compact_rt_full,500.0,w,0.10013144218244788
K5_T2-6,eulerian,B_structured_missing,compact_rt_full,1263.157894736842,u,0.3951713343491385
K5_T2-6,eulerian,B_structured_missing,compact_rt_full,1263.157894736842,v,0.34250433221580723
K5_T2-6,eulerian,B_structured_missing,compact_rt_full,1263.157894736842,w,0.11496639371968828
K5_T2-6,eulerian,B_structured_missing,compact_rt_full,2026.3157894736842,u,0.3109491569269181
K5_T2-6,eulerian,B_structured_missing,compact_rt_full,2026.3157894736842,v,0.2594670343020037
K5_T2-6,eulerian,B_structured_missing,compact_rt_full,2026.3157894736842,w,0.13722588560800128
K5_T2-6,eulerian,B_structured_missing,compact_rt_full,2789.4736842105262,u,0.32335815933339324
K5_T2-6,eulerian,B_structured_missing,compact_rt_full,2789.4736842105262,v,0.3392825577537598
K5_T2-6,eulerian,B_structured_missing,compact_rt_full,2789.4736842105262,w,0.15108958714340884
K5_T2-6,eulerian,B_structured_missing,compact_rt_full,3552.6315789473683,u,0.33478802409159825
K5_T2-6,eulerian,B_structured_missing,compact_rt_full,3552.6315789473683,v,0.35019754848539386
K5_T2-6,eulerian,B_structured_missing,compact_rt_full,3552.6315789473683,w,0.1453827778292479
K5_T2-6,eulerian,B_structured_missing,compact_rt_full,4315.78947368421,u,0.4185094446189825
K5_T2-6,eulerian,B_structured_missing,compact_rt_full,4315.78947368421,v,0.44293918299968865
K5_T2-6,eulerian,B_structured_missing,compact_rt_full,4315.78947368421,w,0.1306120687300665
K5_T2-6,eulerian,B_structured_missing,compact_rt_full,5078.9473684210525,u,0.5862572653210768
K5_T2-6,eulerian,B_structured_missing,compact_rt_full,5078.9473684210525,v,0.41125847670335364
K5_T2-6,eulerian,B_structured_missing,compact_rt_full,5078.9473684210525,w,0.09205821616125437
K5_T2-6,eulerian,B_structured_missing,compact_rt_full,5842.105263157895,u,1.3303529347857417
K5_T2-6,eulerian,B_structured_missing,compact_rt_full,5842.105263157895,v,0.34384310679534524
K5_T2-6,eulerian,B_structured_missing,compact_rt_full,5842.105263157895,w,0.05766334298724525
K5_T2-6,eulerian,B_structured_missing,compact_rt_full,6605.263157894737,u,nan
K5_T2-6,eulerian,B_structured_missing,compact_rt_full,6605.263157894737,v,nan
K5_T2-6,eulerian,B_structured_missing,compact_rt_full,6605.263157894737,w,nan
K5_T2-6,eulerian,B_structured_missing,moderate_rt_full,500.0,u,3.7522071237066057
K5_T2-6,eulerian,B_structured_missing,moderate_rt_full,500.0,v,1.1422213849819587
K5_T2-6,eulerian,B_structured_missing,moderate_rt_full,500.0,w,0.2575777469839213
K5_T2-6,eulerian,B_structured_missing,moderate_rt_full,1263.157894736842,u,3.2681562300629867
K5_T2-6,eulerian,B_structured_missing,moderate_rt_full,1263.157894736842,v,1.2830715741182028
K5_T2-6,eulerian,B_structured_missing,moderate_rt_full,1263.157894736842,w,0.2098443961070171
K5_T2-6,eulerian,B_structured_missing,moderate_rt_full,2026.3157894736842,u,2.467385541216361
K5_T2-6,eulerian,B_structured_missing,moderate_rt_full,2026.3157894736842,v,1.1859888590558607
K5_T2-6,eulerian,B_structured_missing,moderate_rt_full,2026.3157894736842,w,0.17456945498824114
K5_T2-6,eulerian,B_structured_missing,moderate_rt_full,2789.4736842105262,u,0.3631734235274173
K5_T2-6,eulerian,B_structured_missing,moderate_rt_full,2789.4736842105262,v,0.3366882631333163
K5_T2-6,eulerian,B_structured_missing,moderate_rt_full,2789.4736842105262,w,0.0950709065063914
K5_T2-6,eulerian,B_structured_missing,moderate_rt_full,3552.6315789473683,u,0.338941862656456
K5_T2-6,eulerian,B_structured_missing,moderate_rt_full,3552.6315789473683,v,0.3082969818074946
K5_T2-6,eulerian,B_structured_missing,moderate_rt_full,3552.6315789473683,w,0.08726939544296519
K5_T2-6,eulerian,B_structured_missing,moderate_rt_full,4315.78947368421,u,0.6354873367848884
K5_T2-6,eulerian,B_structured_missing,moderate_rt_full,4315.78947368421,v,0.5289832255975987
K5_T2-6,eulerian,B_structured_missing,moderate_rt_full,4315.78947368421,w,0.09890905445880162
K5_T2-6,eulerian,B_structured_missing,moderate_rt_full,5078.9473684210525,u,1.1415389255165258
K5_T2-6,eulerian,B_structured_missing,moderate_rt_full,5078.9473684210525,v,0.5431210696902594
K5_T2-6,eulerian,B_structured_missing,moderate_rt_full,5078.9473684210525,w,0.06978729767923221
K5_T2-6,eulerian,B_structured_missing,moderate_rt_full,5842.105263157895,u,1.702979317163755
K5_T2-6,eulerian,B_structured_missing,moderate_rt_full,5842.105263157895,v,0.26294295077397994
K5_T2-6,eulerian,B_structured_missing,moderate_rt_full,5842.105263157895,w,0.07365140271170884
K5_T2-6,eulerian,B_structured_missing,moderate_rt_full,6605.263157894737,u,nan
K5_T2-6,eulerian,B_structured_missing,moderate_rt_full,6605.263157894737,v,nan
K5_T2-6,eulerian,B_structured_missing,moderate_rt_full,6605.263157894737,w,nan
K5_T2-6,storm_relative,A_common_dense,aggressive_temporal,2026.3157894736842,u,2.4323316740704084
K5_T2-6,storm_relative,A_common_dense,aggressive_temporal,2026.3157894736842,v,2.3090563297367326
K5_T2-6,storm_relative,A_common_dense,aggressive_temporal,2026.3157894736842,w,1.0480896597236924
K5_T2-6,storm_relative,A_common_dense,aggressive_temporal,2789.4736842105262,u,2.491359792482225
K5_T2-6,storm_relative,A_common_dense,aggressive_temporal,2789.4736842105262,v,2.583196044392231
K5_T2-6,storm_relative,A_common_dense,aggressive_temporal,2789.4736842105262,w,0.9489767921097794
K5_T2-6,storm_relative,A_common_dense,aggressive_temporal,3552.6315789473683,u,2.324308241435902
K5_T2-6,storm_relative,A_common_dense,aggressive_temporal,3552.6315789473683,v,2.6416488782091676
K5_T2-6,storm_relative,A_common_dense,aggressive_temporal,3552.6315789473683,w,0.802734527120244
K5_T2-6,storm_relative,A_common_dense,aggressive_temporal,4315.78947368421,u,2.127036795873232
K5_T2-6,storm_relative,A_common_dense,aggressive_temporal,4315.78947368421,v,2.4918444695946724
K5_T2-6,storm_relative,A_common_dense,aggressive_temporal,4315.78947368421,w,0.6298011298031287
K5_T2-6,storm_relative,A_common_dense,compact_temporal,2026.3157894736842,u,1.1364169065693839
K5_T2-6,storm_relative,A_common_dense,compact_temporal,2026.3157894736842,v,0.9670121934231669
K5_T2-6,storm_relative,A_common_dense,compact_temporal,2026.3157894736842,w,0.6230096777290812
K5_T2-6,storm_relative,A_common_dense,compact_temporal,2789.4736842105262,u,1.1604398456212592
K5_T2-6,storm_relative,A_common_dense,compact_temporal,2789.4736842105262,v,1.0160852361972785
K5_T2-6,storm_relative,A_common_dense,compact_temporal,2789.4736842105262,w,0.5648724644976761
K5_T2-6,storm_relative,A_common_dense,compact_temporal,3552.6315789473683,u,1.065886783007299
K5_T2-6,storm_relative,A_common_dense,compact_temporal,3552.6315789473683,v,1.0429911118212545
K5_T2-6,storm_relative,A_common_dense,compact_temporal,3552.6315789473683,w,0.4947702529513643
K5_T2-6,storm_relative,A_common_dense,compact_temporal,4315.78947368421,u,1.0112178565784011
K5_T2-6,storm_relative,A_common_dense,compact_temporal,4315.78947368421,v,0.9943962364206576
K5_T2-6,storm_relative,A_common_dense,compact_temporal,4315.78947368421,w,0.4146145771145808
K5_T2-6,storm_relative,A_common_dense,moderate_temporal,2026.3157894736842,u,0.3570918895290557
K5_T2-6,storm_relative,A_common_dense,moderate_temporal,2026.3157894736842,v,0.6872202721449067
K5_T2-6,storm_relative,A_common_dense,moderate_temporal,2026.3157894736842,w,0.31456273087644715
K5_T2-6,storm_relative,A_common_dense,moderate_temporal,2789.4736842105262,u,0.36631132485100404
K5_T2-6,storm_relative,A_common_dense,moderate_temporal,2789.4736842105262,v,0.6163865274043339
K5_T2-6,storm_relative,A_common_dense,moderate_temporal,2789.4736842105262,w,0.3056159595038708
K5_T2-6,storm_relative,A_common_dense,moderate_temporal,3552.6315789473683,u,0.33490580539501963
K5_T2-6,storm_relative,A_common_dense,moderate_temporal,3552.6315789473683,v,0.5895669260787797
K5_T2-6,storm_relative,A_common_dense,moderate_temporal,3552.6315789473683,w,0.28386406347522486
K5_T2-6,storm_relative,A_common_dense,moderate_temporal,4315.78947368421,u,0.3666706162078723
K5_T2-6,storm_relative,A_common_dense,moderate_temporal,4315.78947368421,v,0.5565579457596305
K5_T2-6,storm_relative,A_common_dense,moderate_temporal,4315.78947368421,w,0.2498820787525682
K5_T2-6,storm_relative,A_common_dense,compact_rt_full,2026.3157894736842,u,0.4066164016962811
K5_T2-6,storm_relative,A_common_dense,compact_rt_full,2026.3157894736842,v,0.40822660037443576
K5_T2-6,storm_relative,A_common_dense,compact_rt_full,2026.3157894736842,w,0.31455495858593086
K5_T2-6,storm_relative,A_common_dense,compact_rt_full,2789.4736842105262,u,0.3752308340641828
K5_T2-6,storm_relative,A_common_dense,compact_rt_full,2789.4736842105262,v,0.49900145318313244
K5_T2-6,storm_relative,A_common_dense,compact_rt_full,2789.4736842105262,w,0.27039721584318416
K5_T2-6,storm_relative,A_common_dense,compact_rt_full,3552.6315789473683,u,0.33820901348074617
K5_T2-6,storm_relative,A_common_dense,compact_rt_full,3552.6315789473683,v,0.5432581405278955
K5_T2-6,storm_relative,A_common_dense,compact_rt_full,3552.6315789473683,w,0.2224530033428511
K5_T2-6,storm_relative,A_common_dense,compact_rt_full,4315.78947368421,u,0.29357697217341444
K5_T2-6,storm_relative,A_common_dense,compact_rt_full,4315.78947368421,v,0.5364484486327169
K5_T2-6,storm_relative,A_common_dense,compact_rt_full,4315.78947368421,w,0.1780101444073901
K5_T2-6,storm_relative,A_common_dense,moderate_rt_full,2026.3157894736842,u,0.09398223316985753
K5_T2-6,storm_relative,A_common_dense,moderate_rt_full,2026.3157894736842,v,0.10765907421818825
K5_T2-6,storm_relative,A_common_dense,moderate_rt_full,2026.3157894736842,w,0.058726749130190554
K5_T2-6,storm_relative,A_common_dense,moderate_rt_full,2789.4736842105262,u,0.1009325471190999
K5_T2-6,storm_relative,A_common_dense,moderate_rt_full,2789.4736842105262,v,0.12514694924537845
K5_T2-6,storm_relative,A_common_dense,moderate_rt_full,2789.4736842105262,w,0.06199217935368671
K5_T2-6,storm_relative,A_common_dense,moderate_rt_full,3552.6315789473683,u,0.10201129238309424
K5_T2-6,storm_relative,A_common_dense,moderate_rt_full,3552.6315789473683,v,0.13152877693853382
K5_T2-6,storm_relative,A_common_dense,moderate_rt_full,3552.6315789473683,w,0.0600433246263791
K5_T2-6,storm_relative,A_common_dense,moderate_rt_full,4315.78947368421,u,0.09736364925070273
K5_T2-6,storm_relative,A_common_dense,moderate_rt_full,4315.78947368421,v,0.12549635003179077
K5_T2-6,storm_relative,A_common_dense,moderate_rt_full,4315.78947368421,w,0.05530863149558579
K5_T2-6,storm_relative,B_structured_missing,aggressive_temporal,500.0,u,2.0646833430304388
K5_T2-6,storm_relative,B_structured_missing,aggressive_temporal,500.0,v,2.628244672850443
K5_T2-6,storm_relative,B_structured_missing,aggressive_temporal,500.0,w,1.0635621008512801
K5_T2-6,storm_relative,B_structured_missing,aggressive_temporal,1263.157894736842,u,1.924385846060184
K5_T2-6,storm_relative,B_structured_missing,aggressive_temporal,1263.157894736842,v,2.0505421885364212
K5_T2-6,storm_relative,B_structured_missing,aggressive_temporal,1263.157894736842,w,1.0318108745712848
K5_T2-6,storm_relative,B_structured_missing,aggressive_temporal,2026.3157894736842,u,2.198576712578365
K5_T2-6,storm_relative,B_structured_missing,aggressive_temporal,2026.3157894736842,v,1.9697630105220523
K5_T2-6,storm_relative,B_structured_missing,aggressive_temporal,2026.3157894736842,w,0.992424838789461
K5_T2-6,storm_relative,B_structured_missing,aggressive_temporal,2789.4736842105262,u,2.3521718756042063
K5_T2-6,storm_relative,B_structured_missing,aggressive_temporal,2789.4736842105262,v,2.0943370181043077
K5_T2-6,storm_relative,B_structured_missing,aggressive_temporal,2789.4736842105262,w,0.9787108258760944
K5_T2-6,storm_relative,B_structured_missing,aggressive_temporal,3552.6315789473683,u,2.313860193190131
K5_T2-6,storm_relative,B_structured_missing,aggressive_temporal,3552.6315789473683,v,2.0643502797767304
K5_T2-6,storm_relative,B_structured_missing,aggressive_temporal,3552.6315789473683,w,0.8744917980813348
K5_T2-6,storm_relative,B_structured_missing,aggressive_temporal,4315.78947368421,u,2.052726151000674
K5_T2-6,storm_relative,B_structured_missing,aggressive_temporal,4315.78947368421,v,1.8534116402490206
K5_T2-6,storm_relative,B_structured_missing,aggressive_temporal,4315.78947368421,w,0.7556222510640785
K5_T2-6,storm_relative,B_structured_missing,aggressive_temporal,5078.9473684210525,u,2.401542614412069
K5_T2-6,storm_relative,B_structured_missing,aggressive_temporal,5078.9473684210525,v,2.072535135960409
K5_T2-6,storm_relative,B_structured_missing,aggressive_temporal,5078.9473684210525,w,0.4120945818643216
K5_T2-6,storm_relative,B_structured_missing,aggressive_temporal,5842.105263157895,u,5.166134098668248
K5_T2-6,storm_relative,B_structured_missing,aggressive_temporal,5842.105263157895,v,1.6987177348888802
K5_T2-6,storm_relative,B_structured_missing,aggressive_temporal,5842.105263157895,w,0.32321299951475074
K5_T2-6,storm_relative,B_structured_missing,aggressive_temporal,6605.263157894737,u,nan
K5_T2-6,storm_relative,B_structured_missing,aggressive_temporal,6605.263157894737,v,nan
K5_T2-6,storm_relative,B_structured_missing,aggressive_temporal,6605.263157894737,w,nan
K5_T2-6,storm_relative,B_structured_missing,compact_temporal,500.0,u,1.307583990702048
K5_T2-6,storm_relative,B_structured_missing,compact_temporal,500.0,v,1.5471094011400535
K5_T2-6,storm_relative,B_structured_missing,compact_temporal,500.0,w,0.6286024636873365
K5_T2-6,storm_relative,B_structured_missing,compact_temporal,1263.157894736842,u,0.8826678462222574
K5_T2-6,storm_relative,B_structured_missing,compact_temporal,1263.157894736842,v,1.1236721833386958
K5_T2-6,storm_relative,B_structured_missing,compact_temporal,1263.157894736842,w,0.6032690618844176
K5_T2-6,storm_relative,B_structured_missing,compact_temporal,2026.3157894736842,u,1.0306546771089182
K5_T2-6,storm_relative,B_structured_missing,compact_temporal,2026.3157894736842,v,1.0533571119382488
K5_T2-6,storm_relative,B_structured_missing,compact_temporal,2026.3157894736842,w,0.5951230110067787
K5_T2-6,storm_relative,B_structured_missing,compact_temporal,2789.4736842105262,u,1.3159301748815928
K5_T2-6,storm_relative,B_structured_missing,compact_temporal,2789.4736842105262,v,1.2532979550293182
K5_T2-6,storm_relative,B_structured_missing,compact_temporal,2789.4736842105262,w,0.6478247008705977
K5_T2-6,storm_relative,B_structured_missing,compact_temporal,3552.6315789473683,u,1.3479670242615074
K5_T2-6,storm_relative,B_structured_missing,compact_temporal,3552.6315789473683,v,1.2453335177029563
K5_T2-6,storm_relative,B_structured_missing,compact_temporal,3552.6315789473683,w,0.6394857253671623
K5_T2-6,storm_relative,B_structured_missing,compact_temporal,4315.78947368421,u,1.1662773327577451
K5_T2-6,storm_relative,B_structured_missing,compact_temporal,4315.78947368421,v,1.0935654530045684
K5_T2-6,storm_relative,B_structured_missing,compact_temporal,4315.78947368421,w,0.5962623481846718
K5_T2-6,storm_relative,B_structured_missing,compact_temporal,5078.9473684210525,u,1.2810741151585303
K5_T2-6,storm_relative,B_structured_missing,compact_temporal,5078.9473684210525,v,1.1422827795748782
K5_T2-6,storm_relative,B_structured_missing,compact_temporal,5078.9473684210525,w,0.2798323274328118
K5_T2-6,storm_relative,B_structured_missing,compact_temporal,5842.105263157895,u,1.0575180193890859
K5_T2-6,storm_relative,B_structured_missing,compact_temporal,5842.105263157895,v,0.6360421286034051
K5_T2-6,storm_relative,B_structured_missing,compact_temporal,5842.105263157895,w,0.08660098165757542
K5_T2-6,storm_relative,B_structured_missing,compact_temporal,6605.263157894737,u,nan
K5_T2-6,storm_relative,B_structured_missing,compact_temporal,6605.263157894737,v,nan
K5_T2-6,storm_relative,B_structured_missing,compact_temporal,6605.263157894737,w,nan
K5_T2-6,storm_relative,B_structured_missing,moderate_temporal,500.0,u,2.1243958354637495
K5_T2-6,storm_relative,B_structured_missing,moderate_temporal,500.0,v,1.2578948558878136
K5_T2-6,storm_relative,B_structured_missing,moderate_temporal,500.0,w,0.4536333273249225
K5_T2-6,storm_relative,B_structured_missing,moderate_temporal,1263.157894736842,u,1.7582671877885856
K5_T2-6,storm_relative,B_structured_missing,moderate_temporal,1263.157894736842,v,1.0905104896796176
K5_T2-6,storm_relative,B_structured_missing,moderate_temporal,1263.157894736842,w,0.4522282753111945
K5_T2-6,storm_relative,B_structured_missing,moderate_temporal,2026.3157894736842,u,1.3401768317400136
K5_T2-6,storm_relative,B_structured_missing,moderate_temporal,2026.3157894736842,v,1.0599309886658126
K5_T2-6,storm_relative,B_structured_missing,moderate_temporal,2026.3157894736842,w,0.45402495363041206
K5_T2-6,storm_relative,B_structured_missing,moderate_temporal,2789.4736842105262,u,0.7498075553985684
K5_T2-6,storm_relative,B_structured_missing,moderate_temporal,2789.4736842105262,v,0.8604490366505255
K5_T2-6,storm_relative,B_structured_missing,moderate_temporal,2789.4736842105262,w,0.4664321442842667
K5_T2-6,storm_relative,B_structured_missing,moderate_temporal,3552.6315789473683,u,0.7451854910940441
K5_T2-6,storm_relative,B_structured_missing,moderate_temporal,3552.6315789473683,v,0.8175692253823763
K5_T2-6,storm_relative,B_structured_missing,moderate_temporal,3552.6315789473683,w,0.43899566336605694
K5_T2-6,storm_relative,B_structured_missing,moderate_temporal,4315.78947368421,u,0.8198340973802641
K5_T2-6,storm_relative,B_structured_missing,moderate_temporal,4315.78947368421,v,0.8036648253691699
K5_T2-6,storm_relative,B_structured_missing,moderate_temporal,4315.78947368421,w,0.43673814840310876
K5_T2-6,storm_relative,B_structured_missing,moderate_temporal,5078.9473684210525,u,0.8394849694888594
K5_T2-6,storm_relative,B_structured_missing,moderate_temporal,5078.9473684210525,v,0.7032358291445491
K5_T2-6,storm_relative,B_structured_missing,moderate_temporal,5078.9473684210525,w,0.20029803301580212
K5_T2-6,storm_relative,B_structured_missing,moderate_temporal,5842.105263157895,u,1.2775423650149607
K5_T2-6,storm_relative,B_structured_missing,moderate_temporal,5842.105263157895,v,0.39723729059243135
K5_T2-6,storm_relative,B_structured_missing,moderate_temporal,5842.105263157895,w,0.08035298517449388
K5_T2-6,storm_relative,B_structured_missing,moderate_temporal,6605.263157894737,u,nan
K5_T2-6,storm_relative,B_structured_missing,moderate_temporal,6605.263157894737,v,nan
K5_T2-6,storm_relative,B_structured_missing,moderate_temporal,6605.263157894737,w,nan
K5_T2-6,storm_relative,B_structured_missing,compact_rt_full,500.0,u,0.5418199129795924
K5_T2-6,storm_relative,B_structured_missing,compact_rt_full,500.0,v,0.5394279786628101
K5_T2-6,storm_relative,B_structured_missing,compact_rt_full,500.0,w,0.10788278020740258
K5_T2-6,storm_relative,B_structured_missing,compact_rt_full,1263.157894736842,u,0.45403409820331336
K5_T2-6,storm_relative,B_structured_missing,compact_rt_full,1263.157894736842,v,0.3504328377451195
K5_T2-6,storm_relative,B_structured_missing,compact_rt_full,1263.157894736842,w,0.10901348360067598
K5_T2-6,storm_relative,B_structured_missing,compact_rt_full,2026.3157894736842,u,0.3599774218048033
K5_T2-6,storm_relative,B_structured_missing,compact_rt_full,2026.3157894736842,v,0.2507913414825754
K5_T2-6,storm_relative,B_structured_missing,compact_rt_full,2026.3157894736842,w,0.12605536596637776
K5_T2-6,storm_relative,B_structured_missing,compact_rt_full,2789.4736842105262,u,0.3369974204844234
K5_T2-6,storm_relative,B_structured_missing,compact_rt_full,2789.4736842105262,v,0.35138037266502903
K5_T2-6,storm_relative,B_structured_missing,compact_rt_full,2789.4736842105262,w,0.14133439192577515
K5_T2-6,storm_relative,B_structured_missing,compact_rt_full,3552.6315789473683,u,0.3656079194826845
K5_T2-6,storm_relative,B_structured_missing,compact_rt_full,3552.6315789473683,v,0.3463092896246459
K5_T2-6,storm_relative,B_structured_missing,compact_rt_full,3552.6315789473683,w,0.1306419504147012
K5_T2-6,storm_relative,B_structured_missing,compact_rt_full,4315.78947368421,u,0.4695809364745691
K5_T2-6,storm_relative,B_structured_missing,compact_rt_full,4315.78947368421,v,0.464046640238653
K5_T2-6,storm_relative,B_structured_missing,compact_rt_full,4315.78947368421,w,0.126338893900382
K5_T2-6,storm_relative,B_structured_missing,compact_rt_full,5078.9473684210525,u,0.7045935399146341
K5_T2-6,storm_relative,B_structured_missing,compact_rt_full,5078.9473684210525,v,0.4389527553504393
K5_T2-6,storm_relative,B_structured_missing,compact_rt_full,5078.9473684210525,w,0.08986431267499081
K5_T2-6,storm_relative,B_structured_missing,compact_rt_full,5842.105263157895,u,0.6802663799637565
K5_T2-6,storm_relative,B_structured_missing,compact_rt_full,5842.105263157895,v,0.5118778983659947
K5_T2-6,storm_relative,B_structured_missing,compact_rt_full,5842.105263157895,w,0.03448099590624093
K5_T2-6,storm_relative,B_structured_missing,compact_rt_full,6605.263157894737,u,nan
K5_T2-6,storm_relative,B_structured_missing,compact_rt_full,6605.263157894737,v,nan
K5_T2-6,storm_relative,B_structured_missing,compact_rt_full,6605.263157894737,w,nan
K5_T2-6,storm_relative,B_structured_missing,moderate_rt_full,500.0,u,3.8678244808962976
K5_T2-6,storm_relative,B_structured_missing,moderate_rt_full,500.0,v,1.2358355562592382
K5_T2-6,storm_relative,B_structured_missing,moderate_rt_full,500.0,w,0.2968313586042425
K5_T2-6,storm_relative,B_structured_missing,moderate_rt_full,1263.157894736842,u,3.2814560952399585
K5_T2-6,storm_relative,B_structured_missing,moderate_rt_full,1263.157894736842,v,1.3585933057136028
K5_T2-6,storm_relative,B_structured_missing,moderate_rt_full,1263.157894736842,w,0.24022025627408244
K5_T2-6,storm_relative,B_structured_missing,moderate_rt_full,2026.3157894736842,u,2.220550433510523
K5_T2-6,storm_relative,B_structured_missing,moderate_rt_full,2026.3157894736842,v,1.1837023623026337
K5_T2-6,storm_relative,B_structured_missing,moderate_rt_full,2026.3157894736842,w,0.15835964685003343
K5_T2-6,storm_relative,B_structured_missing,moderate_rt_full,2789.4736842105262,u,0.33719001557739914
K5_T2-6,storm_relative,B_structured_missing,moderate_rt_full,2789.4736842105262,v,0.3049856416705209
K5_T2-6,storm_relative,B_structured_missing,moderate_rt_full,2789.4736842105262,w,0.08520007439760134
K5_T2-6,storm_relative,B_structured_missing,moderate_rt_full,3552.6315789473683,u,0.37266613321163944
K5_T2-6,storm_relative,B_structured_missing,moderate_rt_full,3552.6315789473683,v,0.3359633902895858
K5_T2-6,storm_relative,B_structured_missing,moderate_rt_full,3552.6315789473683,w,0.08752332702888298
K5_T2-6,storm_relative,B_structured_missing,moderate_rt_full,4315.78947368421,u,0.9129683806384505
K5_T2-6,storm_relative,B_structured_missing,moderate_rt_full,4315.78947368421,v,0.7897770860217059
K5_T2-6,storm_relative,B_structured_missing,moderate_rt_full,4315.78947368421,w,0.1253308885416223
K5_T2-6,storm_relative,B_structured_missing,moderate_rt_full,5078.9473684210525,u,0.982429762517497
K5_T2-6,storm_relative,B_structured_missing,moderate_rt_full,5078.9473684210525,v,0.5118865186792362
K5_T2-6,storm_relative,B_structured_missing,moderate_rt_full,5078.9473684210525,w,0.06660706432859523
K5_T2-6,storm_relative,B_structured_missing,moderate_rt_full,5842.105263157895,u,1.0607974651088243
K5_T2-6,storm_relative,B_structured_missing,moderate_rt_full,5842.105263157895,v,0.4438286348008498
K5_T2-6,storm_relative,B_structured_missing,moderate_rt_full,5842.105263157895,w,0.08833287018007374
K5_T2-6,storm_relative,B_structured_missing,moderate_rt_full,6605.263157894737,u,nan
K5_T2-6,storm_relative,B_structured_missing,moderate_rt_full,6605.263157894737,v,nan
K5_T2-6,storm_relative,B_structured_missing,moderate_rt_full,6605.263157894737,w,nan
