window,K,representation,domain,rank_name,ranks,shape,raw_dof,tucker_parameters,parameter_fraction,compression_factor,completion_iterations,relative_frobenius_error,rmse_u_m_s,nrmse_u,rmse_v_m_s,nrmse_v,rmse_w_m_s,nrmse_w,reference_max_speed_m_s,estimate_max_speed_m_s,max_speed_preservation,reference_zeta_max_s-1,estimate_zeta_max_s-1,zeta_preservation,reference_circulation_m2_s-1,estimate_circulation_m2_s-1,circulation_preservation,reference_cyclonic_circulation_m2_s-1,estimate_cyclonic_circulation_m2_s-1,cyclonic_circulation_preservation,circulation_region_coverage,centre_shift_m,reference_column_depth_m,estimate_column_depth_m,column_depth_preservation,observed_fraction,observed_scalar_count,fit_scalar_count,holdout_scalar_count,holdout_fraction_of_observed,parameters_per_observed_scalar,parameters_per_fit_scalar,holdout_relative_frobenius_error,missing_truth_available,holdout_rmse_u_m_s,holdout_rmse_v_m_s,holdout_rmse_w_m_s
K3_T1-3,3,eulerian,A_common_dense,aggressive_temporal,"[2, 2, 2, 1, 3]","[13, 7, 4, 3, 3]",3276,84,0.02564102564102564,39.0,0,0.2679950802567978,2.1859339954626438,0.22741601414779206,1.3149195027052183,0.5354284743741315,0.8614193564891917,0.5433487015540878,19.38161006438278,21.17697997500929,1.092632650469314,0.0012749715646107993,0.00048730933126725636,0.38221192126430953,-9064.091697335243,-13267.625174396358,1.4637567246034056,36053.38366376236,3530.09840636762,0.09791309573852175,1.0,18016.170791050445,3052.631578947368,0.0,0.0,,,,,,,,,,,,
K3_T1-3,3,eulerian,A_common_dense,compact_temporal,"[4, 2, 2, 2, 3]","[13, 7, 4, 3, 3]",3276,185,0.05647130647130647,17.708108108108107,0,0.10701116626382608,0.7183585438667683,0.07473521026448765,0.7152788948071348,0.2912578957196109,0.3580433562497725,0.22583935600339916,19.38161006438278,20.02430987027561,1.0331602897673555,0.0012749715646107993,0.0006578422548202789,0.5159662168788002,-9064.091697335243,-27508.663796412122,3.0349057263508716,36053.38366376236,8820.91336947435,0.24466256625838823,1.0,9156.004039552363,3052.631578947368,3052.631578947368,1.0,,,,,,,,,,,,
K3_T1-3,3,eulerian,A_common_dense,moderate_temporal,"[7, 4, 3, 3, 3]","[13, 7, 4, 3, 3]",3276,905,0.27625152625152627,3.619889502762431,0,0.00751725737548429,0.03873296272607346,0.0040296257881447806,0.04423801431915771,0.018013492436242045,0.04739795794220395,0.02989672650168143,19.38161006438278,19.397631834408205,1.0008266480427686,0.0012749715646107993,0.0012289456358893108,0.9639004272730283,-9064.091697335243,-9012.277674719744,0.9942835946120523,36053.38366376236,35547.20511656289,0.985960303978119,1.0,1500.0,3052.631578947368,3052.631578947368,1.0,,,,,,,,,,,,
K3_T1-3,3,eulerian,A_common_dense,compact_rt_full,"[4, 2, 2, 3, 3]","[13, 7, 4, 3, 3]",3276,236,0.07203907203907203,13.88135593220339,0,0.0905205359308699,0.6400701615102393,0.06659039349208917,0.6011485333518639,0.24478459816181863,0.23663740303056424,0.14926136115609995,19.38161006438278,19.949974936266926,1.0293249564920626,0.0012749715646107993,0.0006140363481796789,0.4816078767741938,-9064.091697335243,-14854.273288559354,1.6388043926041005,36053.38366376236,10147.058214934252,0.28144537859654956,1.0,9156.004039552363,3052.631578947368,3052.631578947368,1.0,,,,,,,,,,,,
K3_T1-3,3,eulerian,A_common_dense,moderate_rt_full,"[7, 4, 3, 3, 3]","[13, 7, 4, 3, 3]",3276,905,0.27625152625152627,3.619889502762431,0,0.00751725737548429,0.03873296272607346,0.0040296257881447806,0.04423801431915771,0.018013492436242045,0.04739795794220395,0.02989672650168143,19.38161006438278,19.397631834408205,1.0008266480427686,0.0012749715646107993,0.0012289456358893108,0.9639004272730283,-9064.091697335243,-9012.277674719744,0.9942835946120523,36053.38366376236,35547.20511656289,0.985960303978119,1.0,1500.0,3052.631578947368,3052.631578947368,1.0,,,,,,,,,,,,
K3_T1-3,3,eulerian,B_structured_missing,aggressive_temporal,"[6, 10, 3, 1, 3]","[45, 80, 9, 3, 3]",291600,1649,0.0056550068587105625,176.83444511825348,6,0.222818767044564,2.143285884291175,0.16353977751506377,2.48853145022483,0.3014043266990128,1.1505775549372528,0.575546982275161,37.29520024552826,33.26072770878575,0.8918232772533178,0.0032554540336132047,0.0016713208570713481,0.5133910169870718,21648.42968992889,-54133.91883310708,-2.500593327482355,176684.94618125257,49518.18143177334,0.2802625945335208,0.46530612244897956,15373.016616435327,2289.4736842105262,3052.6315789473683,1.3333333333333333,0.1306687242798354,38103,34272,3831,0.10054326430989687,0.043277432223184524,0.04811507936507937,0.20187769312064463,False,2.2313935448501376,2.48704883859384,1.1042478309396868
K3_T1-3,3,eulerian,B_structured_missing,compact_temporal,"[12, 20, 5, 2, 3]","[45, 80, 9, 3, 3]",291600,9400,0.03223593964334705,31.02127659574468,6,0.10943287146346387,1.1166338508381313,0.08520284338654653,1.1822168356357814,0.14318696648372575,0.5259218808773849,0.26307896425805305,37.29520024552826,37.959670844356786,1.0178165177946243,0.0032554540336132047,0.003398295577547766,1.0438776104530103,21648.42968992889,-253.33619433490358,-0.011702289633171806,176684.94618125257,172327.06153591245,0.9753352804552484,0.46530612244897956,2121.3203435596424,2289.4736842105262,3052.6315789473683,1.3333333333333333,0.1306687242798354,38103,34272,3831,0.10054326430989687,0.2466997349290082,0.2742763772175537,0.1094086492673756,False,1.3255732468836325,1.2658653577722851,0.5270481534641087
K3_T1-3,3,eulerian,B_structured_missing,moderate_temporal,"[23, 40, 7, 3, 3]","[45, 80, 9, 3, 3]",291600,62276,0.21356652949245541,4.6823816558545825,6,0.11590664611861448,1.548257512869819,0.11813715148620722,0.9140067727516505,0.11070207528004507,0.21077179965013385,0.10543319980195077,37.29520024552826,37.77487781589846,1.012861643514777,0.0032554540336132047,0.0073926432231567855,2.2708485964864766,21648.42968992889,39894.26628442718,1.8428249464665087,176684.94618125257,207318.0463353266,1.1733769673996393,0.46530612244897956,26196.37379485947,2289.4736842105262,2289.4736842105262,1.0,0.1306687242798354,38103,34272,3831,0.10054326430989687,1.6344119885573314,1.817110177404295,0.30745828074407694,False,4.458890416564561,2.916854225539037,0.578606042743541
K3_T1-3,3,eulerian,B_structured_missing,compact_rt_full,"[12, 20, 5, 3, 3]","[45, 80, 9, 3, 3]",291600,13003,0.04459190672153635,22.425594093670693,6,0.038672037217075364,0.40231204543137344,0.030697735138229754,0.4304870999650798,0.05213945538275716,0.13273194169848673,0.0663957576508198,37.29520024552826,37.461055468504284,1.0044470929740057,0.0032554540336132047,0.0032817795542609642,1.0080865895742785,21648.42968992889,2867.375952711245,0.13245191423954333,176684.94618125257,166430.57315492432,0.941962384187452,0.46530612244897956,0.0,2289.4736842105262,3052.6315789473683,1.3333333333333333,0.1306687242798354,38103,34272,3831,0.10054326430989687,0.341259218434244,0.37940592903828196,0.06973973096310032,False,0.9067234590014134,0.7886396870787049,0.18381066000424195
K3_T1-3,3,eulerian,B_structured_missing,moderate_rt_full,"[23, 40, 7, 3, 3]","[45, 80, 9, 3, 3]",291600,62276,0.21356652949245541,4.6823816558545825,6,0.11590664611861448,1.548257512869819,0.11813715148620722,0.9140067727516505,0.11070207528004507,0.21077179965013385,0.10543319980195077,37.29520024552826,37.77487781589846,1.012861643514777,0.0032554540336132047,0.0073926432231567855,2.2708485964864766,21648.42968992889,39894.26628442718,1.8428249464665087,176684.94618125257,207318.0463353266,1.1733769673996393,0.46530612244897956,26196.37379485947,2289.4736842105262,2289.4736842105262,1.0,0.1306687242798354,38103,34272,3831,0.10054326430989687,1.6344119885573314,1.817110177404295,0.30745828074407694,False,4.458890416564561,2.916854225539037,0.578606042743541
K3_T1-3,3,storm_relative,A_common_dense,aggressive_temporal,"[2, 2, 2, 1, 3]","[13, 7, 4, 3, 3]",3276,84,0.02564102564102564,39.0,0,0.17818866562165192,1.487322132610955,0.1421900383443169,0.9317799512351856,0.4285923264608973,0.7855759340261734,0.5167399221821419,19.38161006438278,21.04991181507437,1.086076530543631,0.0012223932147026064,0.0007662437487570143,0.6268390069094356,20399.705121293668,-14668.043014016475,-0.719032109866414,58766.686510294676,12125.908307586353,0.20633983346095497,1.0,10746.705995359347,3052.631578947368,3052.631578947368,1.0,,,,,,,,,,,,
K3_T1-3,3,storm_relative,A_common_dense,compact_temporal,"[4, 2, 2, 2, 3]","[13, 7, 4, 3, 3]",3276,185,0.05647130647130647,17.708108108108107,0,0.08268760761202341,0.4830195191991729,0.046177329342512355,0.6736239773870069,0.3098479069499408,0.3303465522766368,0.2172969465111959,19.38161006438278,20.43746255096289,1.0544770265768804,0.0012223932147026064,0.0007061746793161953,0.5776984613645775,20399.705121293668,15627.670645769309,0.7660733600240524,58766.686510294676,27215.928370951653,0.4631183071072758,1.0,1500.0,3052.631578947368,3052.631578947368,1.0,,,,,,,,,,,,
K3_T1-3,3,storm_relative,A_common_dense,moderate_temporal,"[7, 4, 3, 3, 3]","[13, 7, 4, 3, 3]",3276,905,0.27625152625152627,3.619889502762431,0,0.005415682601117152,0.022767637447486003,0.002176617405662141,0.03646805391608846,0.016774269556539025,0.03958774681184952,0.026040218801101786,19.38161006438278,19.362126865617444,0.9989947585004231,0.0012223932147026064,0.0012426668573394955,1.016585205474837,20399.705121293668,19098.136510949524,0.9361966948735186,58766.686510294676,58396.66011970986,0.9937034668354153,1.0,0.0,3052.631578947368,3052.631578947368,1.0,,,,,,,,,,,,
K3_T1-3,3,storm_relative,A_common_dense,compact_rt_full,"[4, 2, 2, 3, 3]","[13, 7, 4, 3, 3]",3276,236,0.07203907203907203,13.88135593220339,0,0.07389917701238585,0.44934671172629026,0.04295816270688589,0.6030972661771034,0.27740762188583457,0.26516485137765117,0.17442141329874483,19.38161006438278,20.608702970110542,1.0633122275007878,0.0012223932147026064,0.0007545310207716048,0.6172572063525182,20399.705121293668,17014.988736771214,0.834080131825562,58766.686510294676,30256.983194705004,0.5148662446606483,1.0,1500.0,3052.631578947368,3052.631578947368,1.0,,,,,,,,,,,,
K3_T1-3,3,storm_relative,A_common_dense,moderate_rt_full,"[7, 4, 3, 3, 3]","[13, 7, 4, 3, 3]",3276,905,0.27625152625152627,3.619889502762431,0,0.005415682601117152,0.022767637447486003,0.002176617405662141,0.03646805391608846,0.016774269556539025,0.03958774681184952,0.026040218801101786,19.38161006438278,19.362126865617444,0.9989947585004231,0.0012223932147026064,0.0012426668573394955,1.016585205474837,20399.705121293668,19098.136510949524,0.9361966948735186,58766.686510294676,58396.66011970986,0.9937034668354153,1.0,0.0,3052.631578947368,3052.631578947368,1.0,,,,,,,,,,,,
K3_T1-3,3,storm_relative,B_structured_missing,aggressive_temporal,"[6, 10, 3, 1, 3]","[48, 79, 9, 3, 3]",307152,1657,0.005394723133822993,185.36632468316233,6,0.18993596095020565,1.9325841072998318,0.14905995372526568,1.8789728546717603,0.2279151362795137,1.1821535805211734,0.5859648488482182,37.21547751910364,34.59717799349291,0.9296448762677655,0.0031457184255133937,0.0014909036200772107,0.47394693942891264,1207.4883472283739,-145486.01079849116,-120.4864718839189,129530.03755974007,10779.84450568744,0.08322273897832932,0.30618892508143325,16839.823036160346,2289.4736842105262,1526.3157894736842,0.6666666666666666,0.10428387248007501,32031,28818,3213,0.10030907558302894,0.051731135462520686,0.05749878548129641,0.18119030989036106,False,2.1887774347661733,1.9881600295745034,1.098210948669196
K3_T1-3,3,storm_relative,B_structured_missing,compact_temporal,"[12, 20, 5, 2, 3]","[48, 79, 9, 3, 3]",307152,9416,0.030655831640360474,32.62022090059473,6,0.0910152244459999,0.9808603615555078,0.0756536285029731,0.9393429964109479,0.1139401702945877,0.38045067026914475,0.1885801668850673,37.21547751910364,37.49551600261341,1.0075247854435299,0.0031457184255133937,0.0032629749103601268,1.0372749461285926,1207.4883472283739,-24344.546458777848,-20.161309642993626,129530.03755974007,126044.3040465804,0.9730893808198579,0.30618892508143325,2121.3203435596424,2289.4736842105262,3815.7894736842104,1.6666666666666667,0.10428387248007501,32031,28818,3213,0.10030907558302894,0.29396522119197027,0.32674023179956974,0.09963597593467771,False,1.2680188906091736,1.1139418835262536,0.39985587854680193
K3_T1-3,3,storm_relative,B_structured_missing,moderate_temporal,"[24, 40, 7, 3, 3]","[48, 79, 9, 3, 3]",307152,64873,0.2112081314788769,4.734666193948176,6,0.12296327031618733,1.6027445115651964,0.12361946982019069,1.00316489663822,0.12168162172202586,0.2359056754665553,0.11693271986390691,37.21547751910364,37.09567192747125,0.9967807589847291,0.0031457184255133937,0.0070817903427085205,2.251247373341352,1207.4883472283739,19974.80833160258,16.54244397260814,129530.03755974007,161303.6634442071,1.245299287200568,0.30618892508143325,25500.0,2289.4736842105262,3052.6315789473683,1.3333333333333333,0.10428387248007501,32031,28818,3213,0.10030907558302894,2.025319222003684,2.2511277673676173,0.3204072107292909,False,4.569696021591594,3.1331205826148514,0.643659978117289
K3_T1-3,3,storm_relative,B_structured_missing,compact_rt_full,"[12, 20, 5, 3, 3]","[48, 79, 9, 3, 3]",307152,13019,0.04238618013231234,23.59259543743759,6,0.040996254417743606,0.436924721840256,0.03369994535965043,0.43960211363403323,0.05332273714787944,0.13940660898144472,0.06910047383542296,37.21547751910364,37.59163055051867,1.0101074353062363,0.0031457184255133937,0.0031468196842965104,1.000350081804584,1207.4883472283739,-13009.523775269021,-10.774036706135195,129530.03755974007,121317.21591437882,0.9365952345873948,0.30618892508143325,2121.3203435596424,2289.4736842105262,2289.4736842105262,1.0,0.10428387248007501,32031,28818,3213,0.10030907558302894,0.4064500015609878,0.4517662572003609,0.07453187807855324,False,0.9825099695015527,0.8258933417501301,0.1899982284316235
K3_T1-3,3,storm_relative,B_structured_missing,moderate_rt_full,"[24, 40, 7, 3, 3]","[48, 79, 9, 3, 3]",307152,64873,0.2112081314788769,4.734666193948176,6,0.12296327031618733,1.6027445115651964,0.12361946982019069,1.00316489663822,0.12168162172202586,0.2359056754665553,0.11693271986390691,37.21547751910364,37.09567192747125,0.9967807589847291,0.0031457184255133937,0.0070817903427085205,2.251247373341352,1207.4883472283739,19974.80833160258,16.54244397260814,129530.03755974007,161303.6634442071,1.245299287200568,0.30618892508143325,25500.0,2289.4736842105262,3052.6315789473683,1.3333333333333333,0.10428387248007501,32031,28818,3213,0.10030907558302894,2.025319222003684,2.2511277673676173,0.3204072107292909,False,4.569696021591594,3.1331205826148514,0.643659978117289
K3_T2-4,3,eulerian,A_common_dense,aggressive_temporal,"[2, 2, 2, 1, 3]","[14, 7, 5, 3, 3]",4410,88,0.019954648526077097,50.11363636363637,0,0.4000532832318442,2.7813837701665314,0.31730793842486993,2.4909437130188667,0.7324644364235959,0.8298755061684305,0.4783175683017397,20.79956247368479,22.851849549801468,1.0986697233998644,0.0036160549322764076,0.0007840162041239011,0.21681534678189773,240365.2997352183,41101.891749421826,0.17099760986589524,243246.90766632557,41194.27546403979,0.16935169231646768,1.0,3439.827026508625,3815.7894736842104,0.0,0.0,,,,,,,,,,,,
K3_T2-4,3,eulerian,A_common_dense,compact_temporal,"[4, 2, 3, 2, 3]","[14, 7, 5, 3, 3]",4410,244,0.055328798185941046,18.07377049180328,0,0.11774255461099467,0.6499280557213001,0.07414558670307556,0.8431112126606897,0.2479176771423294,0.3660739542812043,0.21099502555368815,20.79956247368479,20.945650782738852,1.0070236241381947,0.0036160549322764076,0.0034808892544414913,0.9626206790642349,240365.2997352183,255151.3299216122,1.061514828482655,243246.90766632557,255151.3299216122,1.0489396653363279,1.0,0.0,3815.7894736842104,3815.7894736842104,1.0,,,,,,,,,,,,
K3_T2-4,3,eulerian,A_common_dense,moderate_temporal,"[7, 4, 4, 3, 3]","[14, 7, 5, 3, 3]",4410,1172,0.2657596371882086,3.762798634812287,0,0.010687896294847624,0.053861167421127475,0.006144630661496761,0.06518733479978987,0.01916839958949434,0.057371766941972005,0.03306751898192379,20.79956247368479,20.846840566250485,1.0022730330325702,0.0036160549322764076,0.0034770945115493584,0.9615712638968209,240365.2997352183,237973.2361138517,0.9900482156783793,243246.90766632557,240260.575506953,0.9877230416286769,1.0,1500.0,3815.7894736842104,3815.7894736842104,1.0,,,,,,,,,,,,
K3_T2-4,3,eulerian,A_common_dense,compact_rt_full,"[4, 2, 3, 3, 3]","[14, 7, 5, 3, 3]",4410,319,0.07233560090702948,13.824451410658307,0,0.09044479456211034,0.4736159481737536,0.054031414769906375,0.6833730160774052,0.2009465041189545,0.2375955519946649,0.13694358469995885,20.79956247368479,20.586457053691927,0.9897543315989228,0.0036160549322764076,0.002912903127608753,0.8055472558252867,240365.2997352183,251395.9922993946,1.0458913685807707,243246.90766632557,251395.9922993946,1.033501287688506,1.0,3354.1019662496847,3815.7894736842104,3815.7894736842104,1.0,,,,,,,,,,,,
K3_T2-4,3,eulerian,A_common_dense,moderate_rt_full,"[7, 4, 4, 3, 3]","[14, 7, 5, 3, 3]",4410,1172,0.2657596371882086,3.762798634812287,0,0.010687896294847624,0.053861167421127475,0.006144630661496761,0.06518733479978987,0.01916839958949434,0.057371766941972005,0.03306751898192379,20.79956247368479,20.846840566250485,1.0022730330325702,0.0036160549322764076,0.0034770945115493584,0.9615712638968209,240365.2997352183,237973.2361138517,0.9900482156783793,243246.90766632557,240260.575506953,0.9877230416286769,1.0,1500.0,3815.7894736842104,3815.7894736842104,1.0,,,,,,,,,,,,
K3_T2-4,3,eulerian,B_structured_missing,aggressive_temporal,"[6, 10, 3, 1, 3]","[45, 80, 9, 3, 3]",291600,1649,0.0056550068587105625,176.83444511825348,6,0.23758492783253113,2.2167492993676623,0.17502454557695668,2.65078717319569,0.3336952562350266,0.9466956262282764,0.47925159319129784,37.29520024552826,33.60130037776828,0.9009550868894215,0.0036099056005477904,0.003184622121411472,0.8821898613992057,504795.2927453443,265751.78185429296,0.5264545562796237,540440.2800584211,306457.93429266335,0.5670523563853078,0.6182965299684543,8395.932929144474,4578.9473684210525,4578.9473684210525,1.0,0.14455761316872429,42153,37929,4224,0.100206391004199,0.039119398382084315,0.04347596825647921,0.21410458240796076,False,2.2762134979502564,2.6457206622969003,0.9142864378184581
K3_T2-4,3,eulerian,B_structured_missing,compact_temporal,"[12, 20, 5, 2, 3]","[45, 80, 9, 3, 3]",291600,9400,0.03223593964334705,31.02127659574468,6,0.09734927279521634,0.9215818852669765,0.07276395699180732,0.9673207330969922,0.12177150363343227,0.608420636432938,0.30800454894109625,37.29520024552826,36.8508820123822,0.9880864499930033,0.0036099056005477904,0.004130046143489486,1.1440870206862934,504795.2927453443,497177.88278580114,0.9849099029467655,540440.2800584211,537446.0358722515,0.994459620615536,0.6182965299684543,1500.0,4578.9473684210525,4578.9473684210525,1.0,0.14455761316872429,42153,37929,4224,0.100206391004199,0.22299717695063223,0.24783147459727387,0.10540454476129972,False,1.201657833695569,1.1521416039669863,0.6191991095789761
K3_T2-4,3,eulerian,B_structured_missing,moderate_temporal,"[23, 40, 7, 3, 3]","[45, 80, 9, 3, 3]",291600,62276,0.21356652949245541,4.6823816558545825,6,0.13243146883608933,1.7570352801325273,0.13872759610462,0.9292752496464198,0.1169821348463037,0.1942290144015715,0.09832575752650961,37.29520024552826,37.931952774175684,1.0170733103577791,0.0036099056005477904,0.007877816322031527,2.1822776531430894,504795.2927453443,498747.4549210186,0.9880192269792487,540440.2800584211,537460.7000880335,0.9944867544475672,0.6182965299684543,5619.576486639956,4578.9473684210525,4578.9473684210525,1.0,0.14455761316872429,42153,37929,4224,0.100206391004199,1.4773800204018694,1.6419098842574285,0.3400368211438561,False,4.96152415379558,2.8146164836074057,0.5422147348616718
K3_T2-4,3,eulerian,B_structured_missing,compact_rt_full,"[12, 20, 5, 3, 3]","[45, 80, 9, 3, 3]",291600,13003,0.04459190672153635,22.425594093670693,6,0.03679635916316407,0.3787812886848869,0.0299068654015308,0.38554439368035026,0.04853438878083962,0.12568102170297504,0.06362428241591658,37.29520024552826,37.89633434066085,1.0161182696747866,0.0036099056005477904,0.003892524320395957,1.0782897812633327,504795.2927453443,502816.09577491693,0.9960792087428878,540440.2800584211,541456.1902361987,1.001879782494502,0.6182965299684543,0.0,4578.9473684210525,4578.9473684210525,1.0,0.14455761316872429,42153,37929,4224,0.100206391004199,0.30847152041373094,0.3428247515093991,0.07148086305073897,False,0.9361625187945549,0.7374600457862247,0.17505845835501163
K3_T2-4,3,eulerian,B_structured_missing,moderate_rt_full,"[23, 40, 7, 3, 3]","[45, 80, 9, 3, 3]",291600,62276,0.21356652949245541,4.6823816558545825,6,0.13243146883608933,1.7570352801325273,0.13872759610462,0.9292752496464198,0.1169821348463037,0.1942290144015715,0.09832575752650961,37.29520024552826,37.931952774175684,1.0170733103577791,0.0036099056005477904,0.007877816322031527,2.1822776531430894,504795.2927453443,498747.4549210186,0.9880192269792487,540440.2800584211,537460.7000880335,0.9944867544475672,0.6182965299684543,5619.576486639956,4578.9473684210525,4578.9473684210525,1.0,0.14455761316872429,42153,37929,4224,0.100206391004199,1.4773800204018694,1.6419098842574285,0.3400368211438561,False,4.96152415379558,2.8146164836074057,0.5422147348616718
K3_T2-4,3,storm_relative,A_common_dense,aggressive_temporal,"[2, 2, 2, 1, 3]","[14, 7, 5, 3, 3]",4410,88,0.019954648526077097,50.11363636363637,0,0.2389792454057113,1.7806182350331072,0.18994280277310183,1.4558034653450718,0.4248108402342243,0.7517731844005997,0.4417150779612313,20.415723989652815,21.134882584044142,1.035225720858874,0.003099843977644531,0.0010121332327333952,0.3265110244362949,178907.13026917566,38972.10278522076,0.21783426253936936,179304.298809563,43890.21941546778,0.24478063106609096,1.0,4500.0,3815.7894736842104,3815.7894736842104,1.0,,,,,,,,,,,,
K3_T2-4,3,storm_relative,A_common_dense,compact_temporal,"[4, 2, 3, 2, 3]","[14, 7, 5, 3, 3]",4410,244,0.055328798185941046,18.07377049180328,0,0.10007979658874892,0.489362513922743,0.0522014689268015,0.7905278508328573,0.23068003926014863,0.40304391376052356,0.236814211364131,20.415723989652815,20.644569616700995,1.01120928296073,0.003099843977644531,0.003102347956218858,1.0008077756791585,178907.13026917566,168626.41497454402,0.9425360225768323,179304.298809563,169362.13625430886,0.9445514545871898,1.0,4500.0,3815.7894736842104,3815.7894736842104,1.0,,,,,,,,,,,,
K3_T2-4,3,storm_relative,A_common_dense,moderate_temporal,"[7, 4, 4, 3, 3]","[14, 7, 5, 3, 3]",4410,1172,0.2657596371882086,3.762798634812287,0,0.009391943893332562,0.046288122540472654,0.00493766465908325,0.06939170618230527,0.020248852067132707,0.045667297574159285,0.026832473313519303,20.415723989652815,20.40034257827887,0.9992465899626317,0.003099843977644531,0.0030859258227572484,0.9955100466385864,178907.13026917566,179024.2242065188,1.0006544956434489,179304.298809563,179612.2168801584,1.0017172932977052,1.0,0.0,3815.7894736842104,3815.7894736842104,1.0,,,,,,,,,,,,
K3_T2-4,3,storm_relative,A_common_dense,compact_rt_full,"[4, 2, 3, 3, 3]","[14, 7, 5, 3, 3]",4410,319,0.07233560090702948,13.824451410658307,0,0.07005680592281306,0.38693577255210065,0.04127536362692306,0.5332246319632031,0.15559765403098622,0.2629152964173949,0.15447963968920356,20.415723989652815,20.07679774888582,0.9833987645533036,0.003099843977644531,0.002821696902171864,0.9102706208833059,178907.13026917566,163723.99429171404,0.9151339806601462,179304.298809563,163892.27880085775,0.914045451720741,1.0,4500.0,3815.7894736842104,3815.7894736842104,1.0,,,,,,,,,,,,
K3_T2-4,3,storm_relative,A_common_dense,moderate_rt_full,"[7, 4, 4, 3, 3]","[14, 7, 5, 3, 3]",4410,1172,0.2657596371882086,3.762798634812287,0,0.009391943893332562,0.046288122540472654,0.00493766465908325,0.06939170618230527,0.020248852067132707,0.045667297574159285,0.026832473313519303,20.415723989652815,20.40034257827887,0.9992465899626317,0.003099843977644531,0.0030859258227572484,0.9955100466385864,178907.13026917566,179024.2242065188,1.0006544956434489,179304.298809563,179612.2168801584,1.0017172932977052,1.0,0.0,3815.7894736842104,3815.7894736842104,1.0,,,,,,,,,,,,
K3_T2-4,3,storm_relative,B_structured_missing,aggressive_temporal,"[6, 10, 3, 1, 3]","[48, 80, 9, 3, 3]",311040,1667,0.005359439300411523,186.58668266346731,6,0.19358344896329785,1.8466984235990882,0.14865805885386954,2.008778171120499,0.253772004007074,0.9168745222818341,0.4507046444786448,37.27442304130637,36.86756907488068,0.9890849023746168,0.003560786006987954,0.0031731063304095645,0.891125252734206,495902.4976820281,313941.8987347355,0.6330718240020532,510158.0896339902,345022.63348188,0.6763053267065007,0.5110410094637224,3685.05629389792,4578.9473684210525,4578.9473684210525,1.0,0.11469907407407408,35676,32118,3558,0.09973091153716784,0.046726090368875435,0.051902360047325485,0.1861334952825722,False,2.156806995845392,2.1290010116710434,0.87521813658216
K3_T2-4,3,storm_relative,B_structured_missing,compact_temporal,"[12, 20, 5, 2, 3]","[48, 80, 9, 3, 3]",311040,9436,0.0303369341563786,32.963119966087326,6,0.08421570209497392,0.7496851880355215,0.0603491849999291,0.819147784835023,0.1034841865190049,0.5789400629325213,0.28458744233514627,37.27442304130637,36.45221262565987,0.9779416997350877,0.003560786006987954,0.003986345231676567,1.1195127210266116,495902.4976820281,485749.6377430422,0.9795264996920909,510158.0896339902,512943.1929206156,1.0054592945661678,0.5110410094637224,2254.4200966765643,4578.9473684210525,4578.9473684210525,1.0,0.11469907407407408,35676,32118,3558,0.09973091153716784,0.2644915349254401,0.2937916433152749,0.09232302797106134,False,1.0657179066282854,0.9837858885787282,0.5868801532496102
K3_T2-4,3,storm_relative,B_structured_missing,moderate_temporal,"[24, 40, 7, 3, 3]","[48, 80, 9, 3, 3]",311040,64913,0.20869663065843622,4.791644200699397,6,0.14115188286681854,1.8213553308605719,0.14661795586590093,1.0210362978316525,0.12898906966923582,0.21351907888906857,0.10495879010860375,37.27442304130637,37.827164631748495,1.0148289777639106,0.003560786006987954,0.007319178903817474,2.0554953006032286,495902.4976820281,485657.28150860785,0.9793402609962464,510158.0896339902,502923.41133993317,0.9858187521847444,0.5110410094637224,7088.137255350838,4578.9473684210525,4578.9473684210525,1.0,0.11469907407407408,35676,32118,3558,0.09973091153716784,1.8195145195649736,2.021078522946634,0.34964386451880985,False,5.034473505141682,3.0693385102126816,0.5869304521041951
K3_T2-4,3,storm_relative,B_structured_missing,compact_rt_full,"[12, 20, 5, 3, 3]","[48, 80, 9, 3, 3]",311040,13039,0.04192065329218107,23.85459007592607,6,0.03914265712991447,0.40492644597377003,0.03259632361614295,0.39881922982163476,0.05038344036362137,0.12552650831548295,0.06170460507744911,37.27442304130637,37.44928824491484,1.0046912920265645,0.003560786006987954,0.00372846651954357,1.047090870450105,495902.4976820281,492894.689750443,0.9939346788014894,510158.0896339902,512047.1182265204,1.0037028298304267,0.5110410094637224,1500.0,4578.9473684210525,4578.9473684210525,1.0,0.11469907407407408,35676,32118,3558,0.09973091153716784,0.36548379863213365,0.40597172924839653,0.06849242301734706,False,0.883306305047902,0.7316335655990586,0.17840823660888594
K3_T2-4,3,storm_relative,B_structured_missing,moderate_rt_full,"[24, 40, 7, 3, 3]","[48, 80, 9, 3, 3]",311040,64913,0.20869663065843622,4.791644200699397,6,0.14115188286681854,1.8213553308605719,0.14661795586590093,1.0210362978316525,0.12898906966923582,0.21351907888906857,0.10495879010860375,37.27442304130637,37.827164631748495,1.0148289777639106,0.003560786006987954,0.007319178903817474,2.0554953006032286,495902.4976820281,485657.28150860785,0.9793402609962464,510158.0896339902,502923.41133993317,0.9858187521847444,0.5110410094637224,7088.137255350838,4578.9473684210525,4578.9473684210525,1.0,0.11469907407407408,35676,32118,3558,0.09973091153716784,1.8195145195649736,2.021078522946634,0.34964386451880985,False,5.034473505141682,3.0693385102126816,0.5869304521041951
K3_T3-5,3,eulerian,A_common_dense,aggressive_temporal,"[3, 2, 2, 1, 3]","[20, 7, 4, 3, 3]",5040,130,0.025793650793650792,38.76923076923077,0,0.3395301822944322,2.05286307988682,0.26220867547094223,2.03900432177931,0.5783104992169497,0.6878695001932092,0.39721070827107713,24.093022729302223,24.510352359895197,1.0173215970151148,0.003765611469745636,0.0029283475014985788,0.7776552427211473,367520.97320929164,328445.40085292753,0.893677979748623,367549.4284071028,328445.40085292753,0.8936087923639399,1.0,3000.0,3052.631578947368,3052.631578947368,1.0,,,,,,,,,,,,
K3_T3-5,3,eulerian,A_common_dense,compact_temporal,"[5, 2, 2, 2, 3]","[20, 7, 4, 3, 3]",5040,257,0.05099206349206349,19.610894941634243,0,0.10825614469497205,0.48512238775400196,0.06196384940650341,0.7246333000941392,0.20552337287886546,0.3724738926369699,0.2150853013038948,24.093022729302223,24.672423957464574,1.0240485070998449,0.003765611469745636,0.0030482526858775774,0.8094973977980485,367520.97320929164,352089.54001315695,0.9580121018363026,367549.4284071028,352089.54001315695,0.9579379337877182,1.0,3000.0,3052.631578947368,3052.631578947368,1.0,,,,,,,,,,,,
K3_T3-5,3,eulerian,A_common_dense,moderate_temporal,"[10, 4, 3, 3, 3]","[20, 7, 4, 3, 3]",5040,1338,0.2654761904761905,3.766816143497758,0,0.014009354168063636,0.06467449743271322,0.008260762480815594,0.0971165864218201,0.027544591728397343,0.03799788780509225,0.021941906020874945,24.093022729302223,24.121014219818257,1.001161808994684,0.003765611469745636,0.00365576215873471,0.97082829391893,367520.97320929164,368402.2952811896,1.0023980184428716,367549.4284071028,368465.88448002737,1.0024934226585422,1.0,0.0,3052.631578947368,3052.631578947368,1.0,,,,,,,,,,,,
K3_T3-5,3,eulerian,A_common_dense,compact_rt_full,"[5, 2, 2, 3, 3]","[20, 7, 4, 3, 3]",5040,320,0.06349206349206349,15.75,0,0.08416659371374073,0.3954137285985051,0.05050551644416385,0.5619546307424045,0.15938380295257212,0.2671669915808992,0.15427576004270338,24.093022729302223,24.993696093232355,1.0373831616750488,0.003765611469745636,0.0033248998462227976,0.8829641275889231,367520.97320929164,352090.8392275229,0.9580156369117423,367549.4284071028,352145.48932447465,0.958090156337921,1.0,3000.0,3052.631578947368,3052.631578947368,1.0,,,,,,,,,,,,
K3_T3-5,3,eulerian,A_common_dense,moderate_rt_full,"[10, 4, 3, 3, 3]","[20, 7, 4, 3, 3]",5040,1338,0.2654761904761905,3.766816143497758,0,0.014009354168063636,0.06467449743271322,0.008260762480815594,0.0971165864218201,0.027544591728397343,0.03799788780509225,0.021941906020874945,24.093022729302223,24.121014219818257,1.001161808994684,0.003765611469745636,0.00365576215873471,0.97082829391893,367520.97320929164,368402.2952811896,1.0023980184428716,367549.4284071028,368465.88448002737,1.0024934226585422,1.0,0.0,3052.631578947368,3052.631578947368,1.0,,,,,,,,,,,,
K3_T3-5,3,eulerian,B_structured_missing,aggressive_temporal,"[6, 10, 3, 1, 3]","[45, 75, 9, 3, 3]",273375,1599,0.005849108367626886,170.96622889305817,6,0.2044367023383534,2.0377291182385537,0.16172558169717605,2.0808385282824426,0.2744629241092965,0.8339222987868075,0.455364410204103,37.29520024552826,34.20180703707964,0.9170565330636743,0.0036099056005477904,0.0031970973711831093,0.8856456996265945,504795.2927453443,475199.5238874009,0.9413707511078682,540440.2800584211,511987.3292598564,0.9473522758231696,0.6182965299684543,1500.0,4578.9473684210525,4578.9473684210525,1.0,0.17315775034293554,47337,42603,4734,0.10000633753723304,0.03377907345205653,0.037532568129004996,0.19367246681411862,False,2.2061662003110483,2.191936606995211,0.8387620973052775
K3_T3-5,3,eulerian,B_structured_missing,compact_temporal,"[12, 19, 5, 2, 3]","[45, 75, 9, 3, 3]",273375,8865,0.03242798353909465,30.83756345177665,6,0.08007240933724816,0.7709494864860963,0.06118686386975736,0.8346011463850888,0.1100840204505912,0.3420580814539512,0.18678128255285556,37.29520024552826,38.28805465319403,1.0266215062830992,0.0036099056005477904,0.0031104264733607546,0.8616365128464186,504795.2927453443,483490.8258971886,0.9577958290135974,540440.2800584211,523096.07263236033,0.9679072636403308,0.6182965299684543,1500.0,4578.9473684210525,4578.9473684210525,1.0,0.17315775034293554,47337,42603,4734,0.10000633753723304,0.18727422523607326,0.20808393775086262,0.0968956226275182,False,1.1445551257379625,1.0793708160848838,0.34921919814639985
K3_T3-5,3,eulerian,B_structured_missing,moderate_temporal,"[23, 38, 7, 3, 3]","[45, 75, 9, 3, 3]",273375,59028,0.21592318244170097,4.631276682252491,6,0.14572947890740637,1.9822942249755666,0.15732595847000877,0.8442940937553405,0.11136252170973152,0.14540734607644065,0.079399879918992,37.29520024552826,37.76558729911909,1.0126125359428049,0.0036099056005477904,0.0074849223036571625,2.073439898960613,504795.2927453443,495295.13350053434,0.9811801746542781,540440.2800584211,538022.9285536883,0.9955270700687383,0.6182965299684543,7841.663710635168,4578.9473684210525,5342.105263157895,1.1666666666666667,0.17315775034293554,47337,42603,4734,0.10000633753723304,1.2469738259712275,1.3855362298429688,0.3665250978277834,False,5.486197219539492,2.619656741963473,0.44572238794547503
K3_T3-5,3,eulerian,B_structured_missing,compact_rt_full,"[12, 19, 5, 3, 3]","[45, 75, 9, 3, 3]",273375,12288,0.044949245541838136,22.247314453125,6,0.0360869421588639,0.37374235846163173,0.0296622842487182,0.36186923030947693,0.04773060751518263,0.1238271476597417,0.0676159830998234,37.29520024552826,37.6943695077561,1.0107029660546119,0.0036099056005477904,0.0036995673922758632,1.02483771091257,504795.2927453443,499355.56417112733,0.9892238920362494,540440.2800584211,538215.4310320925,0.9958832657216298,0.6182965299684543,763.1578947368421,4578.9473684210525,4578.9473684210525,1.0,0.17315775034293554,47337,42603,4734,0.10000633753723304,0.25958552506495974,0.2884303922258996,0.0772242779795453,False,0.9950261841232031,0.7937232538550996,0.17175485144271263
K3_T3-5,3,eulerian,B_structured_missing,moderate_rt_full,"[23, 38, 7, 3, 3]","[45, 75, 9, 3, 3]",273375,59028,0.21592318244170097,4.631276682252491,6,0.14572947890740637,1.9822942249755666,0.15732595847000877,0.8442940937553405,0.11136252170973152,0.14540734607644065,0.079399879918992,37.29520024552826,37.76558729911909,1.0126125359428049,0.0036099056005477904,0.0074849223036571625,2.073439898960613,504795.2927453443,495295.13350053434,0.9811801746542781,540440.2800584211,538022.9285536883,0.9955270700687383,0.6182965299684543,7841.663710635168,4578.9473684210525,5342.105263157895,1.1666666666666667,0.17315775034293554,47337,42603,4734,0.10000633753723304,1.2469738259712275,1.3855362298429688,0.3665250978277834,False,5.486197219539492,2.619656741963473,0.44572238794547503
K3_T3-5,3,storm_relative,A_common_dense,aggressive_temporal,"[3, 2, 2, 1, 3]","[20, 7, 4, 3, 3]",5040,130,0.025793650793650792,38.76923076923077,0,0.22747667196460494,1.515061182726278,0.18799795193929877,1.1368546012637184,0.35514590293363285,0.6768473797963827,0.39101475083224685,24.093022729302223,25.553828765455652,1.0606319120919925,0.0035800519915483832,0.003210616884346924,0.8968073346215072,391063.02681277774,338490.9406478549,0.8655662065693266,391150.2475999798,338546.5414357413,0.8655153448399832,1.0,0.0,3052.631578947368,3052.631578947368,1.0,,,,,,,,,,,,
K3_T3-5,3,storm_relative,A_common_dense,compact_temporal,"[5, 2, 2, 2, 3]","[20, 7, 4, 3, 3]",5040,257,0.05099206349206349,19.610894941634243,0,0.09761159610303591,0.5026581966682803,0.06237286822245169,0.5538909067275114,0.1730318775838239,0.43073432924119276,0.2488352344273049,24.093022729302223,25.26190585763177,1.0485154204793048,0.0035800519915483832,0.003405053931840307,0.9511185703109332,391063.02681277774,367603.6781727691,0.9400113356887613,391150.2475999798,367603.6781727691,0.9398017269024171,1.0,0.0,3052.631578947368,3052.631578947368,1.0,,,,,,,,,,,,
K3_T3-5,3,storm_relative,A_common_dense,moderate_temporal,"[10, 4, 3, 3, 3]","[20, 7, 4, 3, 3]",5040,1338,0.2654761904761905,3.766816143497758,0,0.010433356938711433,0.05059024001452021,0.006277542860502196,0.06882641736490239,0.02150092027034435,0.03485508593832487,0.020135784151976248,24.093022729302223,24.145722037407282,1.0021873265425083,0.0035800519915483832,0.003572421839539895,0.997868703575674,391063.02681277774,392481.4112203259,1.0036269969552178,391150.2475999798,392614.0952199642,1.0037424177255831,1.0,3354.1019662496847,3052.631578947368,3052.631578947368,1.0,,,,,,,,,,,,
K3_T3-5,3,storm_relative,A_common_dense,compact_rt_full,"[5, 2, 2, 3, 3]","[20, 7, 4, 3, 3]",5040,320,0.06349206349206349,15.75,0,0.07587386057966711,0.37617399107499505,0.04667794324165448,0.46281275397864685,0.14457966147846862,0.3072828879455021,0.1775173332297886,24.093022729302223,25.255448388421026,1.0482473981027316,0.0035800519915483832,0.003485562914137481,0.9736067862606557,391063.02681277774,368686.30073208536,0.9427797450884937,391150.2475999798,368796.9903091018,0.9428525037935342,1.0,0.0,3052.631578947368,3052.631578947368,1.0,,,,,,,,,,,,
K3_T3-5,3,storm_relative,A_common_dense,moderate_rt_full,"[10, 4, 3, 3, 3]","[20, 7, 4, 3, 3]",5040,1338,0.2654761904761905,3.766816143497758,0,0.010433356938711433,0.05059024001452021,0.006277542860502196,0.06882641736490239,0.02150092027034435,0.03485508593832487,0.020135784151976248,24.093022729302223,24.145722037407282,1.0021873265425083,0.0035800519915483832,0.003572421839539895,0.997868703575674,391063.02681277774,392481.4112203259,1.0036269969552178,391150.2475999798,392614.0952199642,1.0037424177255831,1.0,3354.1019662496847,3052.631578947368,3052.631578947368,1.0,,,,,,,,,,,,
K3_T3-5,3,storm_relative,B_structured_missing,aggressive_temporal,"[6, 10, 3, 1, 3]","[48, 74, 9, 3, 3]",287712,1607,0.00558544655766878,179.03671437461108,6,0.16631313832203307,1.6700049375848365,0.13563630246663058,1.5467242688925906,0.20806591326811594,0.8015417197068526,0.41722421079180616,37.29520024552826,36.71134666442466,0.9843450745066424,0.0035800519915483832,0.003325693417238205,0.9289511507344989,495730.66704935353,490531.7658136108,0.989512649546805,512294.2714496391,498476.4573761153,0.9730275842546052,0.5173501577287066,1500.0,4578.9473684210525,4578.9473684210525,1.0,0.1395457957957958,40149,36102,4047,0.10079952178136442,0.040025903509427384,0.04451276937565786,0.17102517513380955,False,2.048090168977718,1.7564397639277773,0.8006507877344758
K3_T3-5,3,storm_relative,B_structured_missing,compact_temporal,"[12, 19, 5, 2, 3]","[48, 74, 9, 3, 3]",287712,8882,0.03087114892670448,32.39270434586805,6,0.07763087123458816,0.6936817396374054,0.056340208424238813,0.7983109012858518,0.10738907385662035,0.3877855032587248,0.20185287499794455,37.29520024552826,38.259819987549335,1.0258644473195109,0.0035800519915483832,0.0034024103855356575,0.95038016027921,495730.66704935353,469591.58158508147,0.9472715988707034,512294.2714496391,486544.6061842046,0.9497365738785821,0.5173501577287066,763.1578947368421,4578.9473684210525,4578.9473684210525,1.0,0.1395457957957958,40149,36102,4047,0.10079952178136442,0.2212259333980921,0.2460251509611656,0.09200479399648116,False,1.0954852095551453,0.9712928408386899,0.38573667144257684
K3_T3-5,3,storm_relative,B_structured_missing,moderate_temporal,"[24, 37, 7, 3, 3]","[48, 74, 9, 3, 3]",287712,59915,0.2082464408853298,4.802002837352917,6,0.14880956844698726,1.9728405042260064,0.16023233544243642,0.8622365370227961,0.11598837371138707,0.16389320077646802,0.08531085739755824,37.29520024552826,38.15211417189222,1.0229765203222554,0.0035800519915483832,0.006987140397246817,1.9516868508451068,495730.66704935353,481419.79966997216,0.9711317690620971,512294.2714496391,503150.5673797154,0.9821514614167951,0.5173501577287066,5872.962604230723,4578.9473684210525,4578.9473684210525,1.0,0.1395457957957958,40149,36102,4047,0.10079952178136442,1.4923161224438966,1.6596033460750097,0.36679145923870154,False,5.407208119558086,2.631414381586382,0.5197170844601682
K3_T3-5,3,storm_relative,B_structured_missing,compact_rt_full,"[12, 19, 5, 3, 3]","[48, 74, 9, 3, 3]",287712,12305,0.0427684629073518,23.381714750101583,6,0.039031693858763726,0.4113810905511723,0.033412003025420155,0.36950921423928257,0.04970651438522116,0.12243845988481769,0.06373254010370202,37.29520024552826,37.66017259131683,1.009786040653645,0.0035800519915483832,0.0035859048227600884,1.001634845311052,495730.66704935353,487724.8817798682,0.9838505345712488,512294.2714496391,508164.48805352976,0.9919386500566885,0.5173501577287066,763.1578947368421,4578.9473684210525,4578.9473684210525,1.0,0.1395457957957958,40149,36102,4047,0.10079952178136442,0.30648334952302675,0.3408398426679962,0.06999928218855306,False,0.9233062110930655,0.6651778949236289,0.17870922084665775
K3_T3-5,3,storm_relative,B_structured_missing,moderate_rt_full,"[24, 37, 7, 3, 3]","[48, 74, 9, 3, 3]",287712,59915,0.2082464408853298,4.802002837352917,6,0.14880956844698726,1.9728405042260064,0.16023233544243642,0.8622365370227961,0.11598837371138707,0.16389320077646802,0.08531085739755824,37.29520024552826,38.15211417189222,1.0229765203222554,0.0035800519915483832,0.006987140397246817,1.9516868508451068,495730.66704935353,481419.79966997216,0.9711317690620971,512294.2714496391,503150.5673797154,0.9821514614167951,0.5173501577287066,5872.962604230723,4578.9473684210525,4578.9473684210525,1.0,0.1395457957957958,40149,36102,4047,0.10079952178136442,1.4923161224438966,1.6596033460750097,0.36679145923870154,False,5.407208119558086,2.631414381586382,0.5197170844601682
K3_T4-6,3,eulerian,A_common_dense,aggressive_temporal,"[2, 2, 2, 1, 3]","[11, 11, 6, 3, 3]",6534,92,0.014080195898377716,71.02173913043478,0,0.4247978733355948,2.934289814250922,0.35322426852426614,2.4203148134034085,0.6543560017656055,0.9750969223088245,0.587469505780857,24.793572556863477,22.018121297698226,0.8880576305492152,0.003583911577860514,0.0026831161892835477,0.7486557999528789,283002.81069427734,290451.9543017238,1.0263218007947406,308185.4900121689,310611.3610385962,1.0078714641183513,1.0,3354.1019662496847,4578.9473684210525,4578.9473684210525,1.0,,,,,,,,,,,,
K3_T4-6,3,eulerian,A_common_dense,compact_temporal,"[3, 3, 3, 2, 3]","[11, 11, 6, 3, 3]",6534,261,0.03994490358126722,25.03448275862069,0,0.10974666662495924,0.48266702671308803,0.058102545503003186,0.7145563004887349,0.1931873495277813,0.5343852053251258,0.3219526236690619,24.793572556863477,25.020448848260816,1.009150609129725,0.003583911577860514,0.003575682652451082,0.9977039262184184,283002.81069427734,301657.5521666856,1.0659171597152814,308185.4900121689,315719.57244929305,1.0244465838960384,1.0,2121.3203435596424,4578.9473684210525,4578.9473684210525,1.0,,,,,,,,,,,,
K3_T4-6,3,eulerian,A_common_dense,moderate_temporal,"[6, 6, 5, 3, 3]","[11, 11, 6, 3, 3]",6534,1800,0.27548209366391185,3.63,0,0.008241239826300428,0.039904881174085166,0.004803674263805574,0.05300810536944702,0.014331264552294389,0.037429742011331125,0.022550406567622784,24.793572556863477,24.811632655982596,1.0007284185882328,0.003583911577860514,0.003641616207956215,1.0161010194705051,283002.81069427734,283364.1306602755,1.0012767363161934,308185.4900121689,309249.81119381136,1.0034535084101475,1.0,0.0,4578.9473684210525,4578.9473684210525,1.0,,,,,,,,,,,,
K3_T4-6,3,eulerian,A_common_dense,compact_rt_full,"[3, 3, 3, 3, 3]","[11, 11, 6, 3, 3]",6534,345,0.052800734618916434,18.93913043478261,0,0.07992551542132874,0.39597854906527186,0.047667150213172554,0.5189325947047768,0.1402985495838766,0.34603323363397526,0.20847565826109837,24.793572556863477,24.970992381034666,1.007155879765382,0.003583911577860514,0.0033584403318012677,0.9370879439514951,283002.81069427734,278828.46510469454,0.9852498087233054,308185.4900121689,293755.2940349253,0.9531769131094595,1.0,2121.3203435596424,4578.9473684210525,4578.9473684210525,1.0,,,,,,,,,,,,
K3_T4-6,3,eulerian,A_common_dense,moderate_rt_full,"[6, 6, 5, 3, 3]","[11, 11, 6, 3, 3]",6534,1800,0.27548209366391185,3.63,0,0.008241239826300428,0.039904881174085166,0.004803674263805574,0.05300810536944702,0.014331264552294389,0.037429742011331125,0.022550406567622784,24.793572556863477,24.811632655982596,1.0007284185882328,0.003583911577860514,0.003641616207956215,1.0161010194705051,283002.81069427734,283364.1306602755,1.0012767363161934,308185.4900121689,309249.81119381136,1.0034535084101475,1.0,0.0,4578.9473684210525,4578.9473684210525,1.0,,,,,,,,,,,,
K3_T4-6,3,eulerian,B_structured_missing,aggressive_temporal,"[6, 10, 3, 1, 3]","[45, 79, 9, 3, 3]",287955,1639,0.005691861575593408,175.68944478340453,6,0.2034933290529114,2.1459841246030433,0.17194775163092701,1.9227342027416525,0.2569648340844493,0.7608389644316713,0.4613867551998631,35.73174248482447,31.316770403043506,0.8764411759752261,0.0036099056005477904,0.003206448904156679,0.8882362197144744,504795.2927453443,554355.2462583089,1.0981783194598176,540440.2800584211,605288.7084988154,1.1199918489298841,0.6182965299684543,2121.3203435596424,4578.9473684210525,5342.105263157895,1.1666666666666667,0.18541438766473928,53391,48066,5325,0.09973591054672136,0.030698057725084753,0.0340989472808222,0.1927569428378955,False,2.224782997384052,2.077131237052342,0.7382191100242296
K3_T4-6,3,eulerian,B_structured_missing,compact_temporal,"[12, 20, 5, 2, 3]","[45, 79, 9, 3, 3]",287955,9380,0.032574534215415604,30.698827292110874,6,0.07735493733482544,0.71066552743277,0.05694233158704067,0.786176803057799,0.10506901654463076,0.40026583766919605,0.24272857292146585,35.73174248482447,35.844835242929676,1.0031650501834115,0.0036099056005477904,0.003707062134525493,1.0269138710893047,504795.2927453443,513371.0905968985,1.0169886644641921,540440.2800584211,553644.7551113344,1.0244328106918417,0.6182965299684543,763.1578947368421,4578.9473684210525,4578.9473684210525,1.0,0.18541438766473928,53391,48066,5325,0.09973591054672136,0.1756850405499054,0.19514833770232598,0.09249804483189505,False,1.0390730501621332,1.0107234862167198,0.396921773860351
K3_T4-6,3,eulerian,B_structured_missing,moderate_temporal,"[23, 40, 7, 3, 3]","[45, 79, 9, 3, 3]",287955,62236,0.21613099268983002,4.626823703322835,6,0.15463590708449565,2.1065160920684347,0.16878536129550106,0.8216606345634543,0.10981127205895491,0.12603642563686504,0.07643080885719335,35.73174248482447,36.31091843555745,1.0162090038284295,0.0036099056005477904,0.006597334917238671,1.8275643873450733,504795.2927453443,500956.84669631725,0.9923960343842521,540440.2800584211,540425.4112449517,0.9999724875920281,0.6182965299684543,6763.260290029692,4578.9473684210525,5342.105263157895,1.1666666666666667,0.18541438766473928,53391,48066,5325,0.09973591054672136,1.1656646251240845,1.2948029792368827,0.3909510635775436,False,5.8265813283959496,2.5049021175446953,0.35690653590917165
K3_T4-6,3,eulerian,B_structured_missing,compact_rt_full,"[12, 20, 5, 3, 3]","[45, 79, 9, 3, 3]",287955,12983,0.04508690594016426,22.17938843102519,6,0.03735408014135588,0.3810969558743526,0.03053553097840685,0.3673291675267527,0.04909190175807866,0.13815860986605447,0.08378192454514778,35.73174248482447,36.59458766182605,1.0241478617329685,0.0036099056005477904,0.003647545555900934,1.0104268530865272,504795.2927453443,497008.42878376995,0.9845742143924813,540440.2800584211,537213.7961569211,0.9940298974363065,0.6182965299684543,763.1578947368421,4578.9473684210525,4578.9473684210525,1.0,0.18541438766473928,53391,48066,5325,0.09973591054672136,0.24316832424940532,0.2701077684849998,0.06973751193363924,False,0.8943480147303109,0.6718601296396808,0.18076963168058155
K3_T4-6,3,eulerian,B_structured_missing,moderate_rt_full,"[23, 40, 7, 3, 3]","[45, 79, 9, 3, 3]",287955,62236,0.21613099268983002,4.626823703322835,6,0.15463590708449565,2.1065160920684347,0.16878536129550106,0.8216606345634543,0.10981127205895491,0.12603642563686504,0.07643080885719335,35.73174248482447,36.31091843555745,1.0162090038284295,0.0036099056005477904,0.006597334917238671,1.8275643873450733,504795.2927453443,500956.84669631725,0.9923960343842521,540440.2800584211,540425.4112449517,0.9999724875920281,0.6182965299684543,6763.260290029692,4578.9473684210525,5342.105263157895,1.1666666666666667,0.18541438766473928,53391,48066,5325,0.09973591054672136,1.1656646251240845,1.2948029792368827,0.3909510635775436,False,5.8265813283959496,2.5049021175446953,0.35690653590917165
K3_T4-6,3,storm_relative,A_common_dense,aggressive_temporal,"[2, 2, 2, 1, 3]","[11, 11, 6, 3, 3]",6534,92,0.014080195898377716,71.02173913043478,0,0.2593951219846121,1.6058982412779337,0.18901696592117379,1.6218101433381837,0.46980939013771006,0.7875067867958875,0.4945249858464027,24.793572556863477,23.47320849159891,0.9467457115251808,0.003583911577860514,0.0024266478251810013,0.677094781068688,283002.81069427734,280268.4260463051,0.990337959396007,308185.4900121689,282039.0503700461,0.9151600562340221,1.0,1500.0,4578.9473684210525,4578.9473684210525,1.0,,,,,,,,,,,,
K3_T4-6,3,storm_relative,A_common_dense,compact_temporal,"[3, 3, 3, 2, 3]","[11, 11, 6, 3, 3]",6534,261,0.03994490358126722,25.03448275862069,0,0.08787541518232694,0.4150596002209704,0.04885322388035745,0.550391630245782,0.15943861074295385,0.4402293795329613,0.27644768443009593,24.793572556863477,25.03053632591244,1.0095574677068218,0.003583911577860514,0.0034479772989952674,0.9620709730382367,283002.81069427734,287083.57636724296,1.014419523477362,308185.4900121689,298958.3934973741,0.9700599255518796,1.0,1682.976521612577,4578.9473684210525,4578.9473684210525,1.0,,,,,,,,,,,,
K3_T4-6,3,storm_relative,A_common_dense,moderate_temporal,"[6, 6, 5, 3, 3]","[11, 11, 6, 3, 3]",6534,1800,0.27548209366391185,3.63,0,0.008156769490611221,0.04091289209321663,0.004815517279828562,0.051924692613501244,0.015041654702951402,0.037337305293934246,0.023446439677238442,24.793572556863477,24.79993017055211,1.0002564218478016,0.003583911577860514,0.0036086804522491543,1.0069111287626762,283002.81069427734,282442.6857898828,0.9980207797123272,308185.4900121689,308855.58571198856,1.0021743259223308,1.0,0.0,4578.9473684210525,4578.9473684210525,1.0,,,,,,,,,,,,
K3_T4-6,3,storm_relative,A_common_dense,compact_rt_full,"[3, 3, 3, 3, 3]","[11, 11, 6, 3, 3]",6534,345,0.052800734618916434,18.93913043478261,0,0.06983513256338128,0.28957133066214635,0.03408304021552449,0.4785740444554119,0.13863434069942832,0.33110747854010336,0.20792318730977796,24.793572556863477,25.268072598976314,1.0191380262374283,0.003583911577860514,0.0035084120176255987,0.9789337547551923,283002.81069427734,285005.3207952847,1.0070759371473899,308185.4900121689,300397.57640642795,0.9747297849569965,1.0,1682.976521612577,4578.9473684210525,4578.9473684210525,1.0,,,,,,,,,,,,
K3_T4-6,3,storm_relative,A_common_dense,moderate_rt_full,"[6, 6, 5, 3, 3]","[11, 11, 6, 3, 3]",6534,1800,0.27548209366391185,3.63,0,0.008156769490611221,0.04091289209321663,0.004815517279828562,0.051924692613501244,0.015041654702951402,0.037337305293934246,0.023446439677238442,24.793572556863477,24.79993017055211,1.0002564218478016,0.003583911577860514,0.0036086804522491543,1.0069111287626762,283002.81069427734,282442.6857898828,0.9980207797123272,308185.4900121689,308855.58571198856,1.0021743259223308,1.0,0.0,4578.9473684210525,4578.9473684210525,1.0,,,,,,,,,,,,
K3_T4-6,3,storm_relative,B_structured_missing,aggressive_temporal,"[6, 10, 3, 1, 3]","[48, 78, 9, 3, 3]",303264,1647,0.005430911680911681,184.13114754098362,6,0.1781810164526714,1.8590545428546958,0.1531798868183697,1.5845043438948707,0.21942787089214286,0.6716089637156962,0.4080780435096028,35.73174248482447,33.82180134875173,0.946547775080269,0.0036099056005477904,0.003351961357768778,0.928545432672846,504795.2927453443,620371.6006385166,1.2289567861550512,540440.2800584211,637989.250111295,1.1804990739075352,0.6182965299684543,0.0,4578.9473684210525,4578.9473684210525,1.0,0.15195671098448876,46083,41505,4578,0.09934249072326021,0.035739860686153244,0.039681966028189374,0.18031267937155826,False,2.1527330014030523,1.8119802060789625,0.6638199569914995
K3_T4-6,3,storm_relative,B_structured_missing,compact_temporal,"[12, 20, 5, 2, 3]","[48, 78, 9, 3, 3]",303264,9396,0.030982905982905984,32.275862068965516,6,0.06751344909019542,0.6335655107529422,0.052203682566587126,0.6501956187250363,0.0900414320919654,0.31181846999301516,0.18946481961901415,35.73174248482447,36.830119186602055,1.0307395224916354,0.0036099056005477904,0.0034035690756537814,0.94284157323596,504795.2927453443,515250.55474775453,1.0207118849019947,540440.2800584211,554009.6838928605,1.0251080541831052,0.6182965299684543,2121.3203435596424,4578.9473684210525,4578.9473684210525,1.0,0.15195671098448876,46083,41505,4578,0.09934249072326021,0.20389297571772672,0.22638236357065414,0.09014864234363236,False,1.0770812115695596,0.9087488257116015,0.3213440424698475
K3_T4-6,3,storm_relative,B_structured_missing,moderate_temporal,"[24, 39, 7, 3, 3]","[48, 78, 9, 3, 3]",303264,63243,0.20854107312440645,4.795218443147858,6,0.15986049547201397,2.1130753727449902,0.1741103550080515,0.8265409982674727,0.11446237566574398,0.13279738589634674,0.08068935995129331,35.73174248482447,36.332888491721704,1.0168238648633645,0.0036099056005477904,0.0064372379513522315,1.783215037638492,504795.2927453443,495543.2765559805,0.9816717463052271,540440.2800584211,539052.6868381464,0.9974324763133409,0.6182965299684543,4060.996152508953,4578.9473684210525,5342.105263157895,1.1666666666666667,0.15195671098448876,46083,41505,4578,0.09934249072326021,1.3723715903912506,1.5237441272135888,0.39502556194410104,False,5.8115279147606245,2.490911987033074,0.3698641909903307
K3_T4-6,3,storm_relative,B_structured_missing,compact_rt_full,"[12, 20, 5, 3, 3]","[48, 78, 9, 3, 3]",303264,12999,0.042863643558088,23.329794599584584,6,0.04001758848859184,0.41190553033961863,0.03393964031867294,0.3703405335238776,0.05128609150824542,0.12999334830671447,0.0789855914858252,35.73174248482447,36.230550948294514,1.01395981356582,0.0036099056005477904,0.0035566860157674185,0.9852573472358125,504795.2927453443,494464.6617049045,0.9795350091633059,540440.2800584211,538451.8082408055,0.9963206446836261,0.6182965299684543,2121.3203435596424,4578.9473684210525,4578.9473684210525,1.0,0.15195671098448876,46083,41505,4578,0.09934249072326021,0.28207798971421133,0.31319118178532707,0.07695957343099585,False,0.9845957498334851,0.7237783125992825,0.1712105234291247
K3_T4-6,3,storm_relative,B_structured_missing,moderate_rt_full,"[24, 39, 7, 3, 3]","[48, 78, 9, 3, 3]",303264,63243,0.20854107312440645,4.795218443147858,6,0.15986049547201397,2.1130753727449902,0.1741103550080515,0.8265409982674727,0.11446237566574398,0.13279738589634674,0.08068935995129331,35.73174248482447,36.332888491721704,1.0168238648633645,0.0036099056005477904,0.0064372379513522315,1.783215037638492,504795.2927453443,495543.2765559805,0.9816717463052271,540440.2800584211,539052.6868381464,0.9974324763133409,0.6182965299684543,4060.996152508953,4578.9473684210525,5342.105263157895,1.1666666666666667,0.15195671098448876,46083,41505,4578,0.09934249072326021,1.3723715903912506,1.5237441272135888,0.39502556194410104,False,5.8115279147606245,2.490911987033074,0.3698641909903307
K4_T1-4,4,eulerian,A_common_dense,aggressive_temporal,"[2, 2, 2, 1, 3]","[10, 7, 5, 4, 3]",4200,81,0.019285714285714285,51.851851851851855,0,0.40170807411341813,3.178157333747049,0.3328504633426656,2.030352018152226,0.856784830308185,1.3243455580423384,0.8883350888637918,20.473207761552597,24.137635319125838,1.1789864881093428,0.0031674555142720538,0.0002771740589843074,0.0875068513939359,118054.56026270986,8029.475145162816,0.0680149511149304,144067.81573221087,10475.128694520088,0.07270970717006606,1.0,1682.976521612577,3815.7894736842104,0.0,0.0,,,,,,,,,,,,
K4_T1-4,4,eulerian,A_common_dense,compact_temporal,"[3, 2, 3, 2, 3]","[10, 7, 5, 4, 3]",4200,184,0.04380952380952381,22.82608695652174,0,0.16913533696132024,0.8544637052578838,0.08948853386980046,1.293370304533112,0.5457871575903075,0.6552796097116752,0.43954379337695654,20.473207761552597,19.688081519432554,0.9616510391891562,0.0031674555142720538,0.0017532273767258792,0.5535128650824341,118054.56026270986,109164.2509377345,0.9246932155336353,144067.81573221087,113140.7336911471,0.7853296943256908,1.0,2121.3203435596424,3815.7894736842104,3815.7894736842104,1.0,,,,,,,,,,,,
K4_T1-4,4,eulerian,A_common_dense,moderate_temporal,"[5, 4, 4, 3, 3]","[10, 7, 5, 4, 3]",4200,839,0.19976190476190475,5.00595947556615,0,0.040661695626840966,0.21309570061085475,0.022317649894641193,0.2738272730361754,0.11555190999616233,0.20810217012267035,0.13958929273862547,20.473207761552597,20.4336125157736,0.9980659969732073,0.0031674555142720538,0.0038871547958938164,1.2272168554156204,118054.56026270986,123911.92450837049,1.0496157389653231,144067.81573221087,147149.7535551711,1.0213922714611627,1.0,0.0,3815.7894736842104,3815.7894736842104,1.0,,,,,,,,,,,,
K4_T1-4,4,eulerian,A_common_dense,compact_rt_full,"[3, 2, 3, 4, 3]","[10, 7, 5, 4, 3]",4200,300,0.07142857142857142,14.0,0,0.10535987969045123,0.641584900512338,0.06719359961874889,0.7799202674495236,0.3291172407673368,0.2813446838253095,0.18871838485776965,20.473207761552597,20.681717043167573,1.0101844949772132,0.0031674555142720538,0.002176181346666893,0.6870440127292597,118054.56026270986,136965.52579961892,1.1601883526974817,144067.81573221087,139117.81347170414,0.9656411653404418,1.0,1682.976521612577,3815.7894736842104,3815.7894736842104,1.0,,,,,,,,,,,,
K4_T1-4,4,eulerian,A_common_dense,moderate_rt_full,"[5, 4, 4, 4, 3]","[10, 7, 5, 4, 3]",4200,1083,0.25785714285714284,3.8781163434903045,0,0.008866956002029108,0.04489496571203583,0.004701878657903334,0.062459458254445356,0.02635716164647065,0.043215473220665844,0.028987767588784942,20.473207761552597,20.418850898660143,0.9973449757592685,0.0031674555142720538,0.0033701460356921646,1.063991592149225,118054.56026270986,117679.01627690604,0.9968188947130199,144067.81573221087,143855.45089083852,0.9985259383555374,1.0,763.1578947368421,3815.7894736842104,3815.7894736842104,1.0,,,,,,,,,,,,
K4_T1-4,4,eulerian,B_structured_missing,aggressive_temporal,"[6, 10, 3, 1, 3]","[45, 80, 9, 4, 3]",388800,1650,0.004243827160493827,235.63636363636363,6,0.26201602542337743,2.6037631056963444,0.2020877519511332,2.841096119584399,0.35410397130967913,1.1013627603517415,0.5791283938143061,37.29520024552826,33.405198533996945,0.895696988193602,0.0036099056005477904,0.0029184591596026492,0.8084585810664365,504795.2927453443,143471.1993975294,0.284216595240532,540440.2800584211,198081.96616126926,0.3665196201509199,0.6182965299684543,8395.932929144474,4578.9473684210525,4578.9473684210525,1.0,0.13800154320987654,53655,48249,5406,0.10075482247693598,0.030752026838132513,0.034197599950258034,0.23092328821446448,False,2.60159605522101,2.776878043776905,1.0583693586143308
K4_T1-4,4,eulerian,B_structured_missing,compact_temporal,"[12, 20, 5, 2, 3]","[45, 80, 9, 4, 3]",388800,9402,0.0241820987654321,41.35290363752393,6,0.12674150556314265,1.2149134538286752,0.09429395791126044,1.3128760419173675,0.1636321337654279,0.7477437270214217,0.39318527846024076,37.29520024552826,34.84524090281343,0.9343089907927608,0.0036099056005477904,0.0038915825002641367,1.0780288824377022,504795.2927453443,488778.853166653,0.9682714165348385,540440.2800584211,530499.0389025799,0.9816052919764483,0.6182965299684543,1500.0,4578.9473684210525,4578.9473684210525,1.0,0.13800154320987654,53655,48249,5406,0.10075482247693598,0.17523064020128598,0.1948641422620158,0.12539739900194355,False,1.4307987572806733,1.4188911133194042,0.7345092468740619
K4_T1-4,4,eulerian,B_structured_missing,moderate_temporal,"[23, 40, 7, 3, 3]","[45, 80, 9, 4, 3]",388800,62279,0.16018261316872429,6.2428748053115815,6,0.08731352397308843,1.0029771544274253,0.07784479239034926,0.7548710783821053,0.09408440807029968,0.4561940194004534,0.23988000977870472,37.29520024552826,36.84405878583403,0.9879034981251155,0.0036099056005477904,0.004346143053273568,1.2039492258783875,504795.2927453443,476728.49876014673,0.944399651921167,540440.2800584211,518626.8926707157,0.9596377468656715,0.6182965299684543,4060.996152508953,4578.9473684210525,4578.9473684210525,1.0,0.13800154320987654,53655,48249,5406,0.10075482247693598,1.160730593607306,1.2907832286679517,0.1659124848707558,False,2.1174894890136806,1.7529418519295676,0.7042593973567101
K4_T1-4,4,eulerian,B_structured_missing,compact_rt_full,"[12, 20, 5, 4, 3]","[45, 80, 9, 4, 3]",388800,16610,0.04272119341563786,23.40758579169175,6,0.03774658394556319,0.3907374984904229,0.030326592499981337,0.40678483373732366,0.050700194232078596,0.12348830010685227,0.06493371981534991,37.29520024552826,37.74407601587563,1.012035751715831,0.0036099056005477904,0.003783197584667189,1.0480045749930698,504795.2927453443,499166.7247507305,0.9888498009480187,540440.2800584211,541492.4501056687,1.001946875697596,0.6182965299684543,1500.0,4578.9473684210525,4578.9473684210525,1.0,0.13800154320987654,53655,48249,5406,0.10075482247693598,0.3095704035038673,0.34425583949926425,0.06819256520559079,False,0.8986091211879494,0.7248405133566581,0.16569086172969555
K4_T1-4,4,eulerian,B_structured_missing,moderate_rt_full,"[23, 40, 7, 4, 3]","[45, 80, 9, 4, 3]",388800,81603,0.20988425925925927,4.764530715782508,6,0.1256270972894709,1.6996927593737308,0.1319194853011001,0.8750971255600387,0.10906894888435656,0.19549657344052435,0.10279775261027815,37.29520024552826,38.295558878861215,1.0268227178496756,0.0036099056005477904,0.007837264896365184,2.171044277494654,504795.2927453443,497355.76698684925,0.9852622917340712,540440.2800584211,537537.5756118493,0.9946290005507029,0.6182965299684543,5048.929564837731,4578.9473684210525,4578.9473684210525,1.0,0.13800154320987654,53655,48249,5406,0.10075482247693598,1.5208834218618954,1.6912889386308525,0.32487655066921683,False,4.781178946167602,2.7781298259989344,0.5455961979214589
K4_T1-4,4,storm_relative,A_common_dense,aggressive_temporal,"[2, 2, 2, 1, 3]","[10, 7, 5, 4, 3]",4200,81,0.019285714285714285,51.851851851851855,0,0.23850297066781795,1.9132144138525307,0.17997011748772532,1.441264290892828,0.688685176792404,1.0153459025114489,0.8033819536665974,20.473207761552597,23.06267214535975,1.126480638206095,0.0013996519042345859,0.00038690519081326796,0.2764295819858517,54056.06807377187,3445.7757589778294,0.06374447646238865,57345.69803620651,8609.457159539868,0.15013257235275246,1.0,4751.803856347258,3815.7894736842104,1526.3157894736842,0.4,,,,,,,,,,,,
K4_T1-4,4,storm_relative,A_common_dense,compact_temporal,"[3, 2, 3, 2, 3]","[10, 7, 5, 4, 3]",4200,184,0.04380952380952381,22.82608695652174,0,0.1032523167995422,0.46939241947280175,0.04415428206515654,0.9234117247042799,0.44123757932432817,0.4421917443723082,0.3498796485122565,20.473207761552597,20.893910263622704,1.0205489294579504,0.0013996519042345859,0.0009755724660594225,0.697010780400377,54056.06807377187,29723.7502422805,0.5498688917165718,57345.69803620651,35681.79180087759,0.6222226430716578,1.0,4500.0,3815.7894736842104,3815.7894736842104,1.0,,,,,,,,,,,,
K4_T1-4,4,storm_relative,A_common_dense,moderate_temporal,"[5, 4, 4, 3, 3]","[10, 7, 5, 4, 3]",4200,839,0.19976190476190475,5.00595947556615,0,0.03725520924545291,0.18312743522229477,0.01722622712517497,0.2733339746895815,0.1306082845956408,0.2385465137424054,0.1887474640678609,20.473207761552597,20.319520029181003,0.9924932265543551,0.0013996519042345859,0.0011865945566472877,0.8477783319247433,54056.06807377187,53659.65604727065,0.9926666507456623,57345.69803620651,56924.96461070305,0.9926632085769046,1.0,0.0,3815.7894736842104,3815.7894736842104,1.0,,,,,,,,,,,,
K4_T1-4,4,storm_relative,A_common_dense,compact_rt_full,"[3, 2, 3, 4, 3]","[10, 7, 5, 4, 3]",4200,300,0.07142857142857142,14.0,0,0.068763641197451,0.3207789752273985,0.03017467851029732,0.6481448062601128,0.30970566835442126,0.19910726705403492,0.15754156765633262,20.473207761552597,20.90119588856459,1.0209047908855655,0.0013996519042345859,0.0011460250030477471,0.8187928724138469,54056.06807377187,46097.12983619578,0.8527651284826284,57345.69803620651,46160.7381274746,0.804955553916703,1.0,3095.5467969809742,3815.7894736842104,3815.7894736842104,1.0,,,,,,,,,,,,
K4_T1-4,4,storm_relative,A_common_dense,moderate_rt_full,"[5, 4, 4, 4, 3]","[10, 7, 5, 4, 3]",4200,1083,0.25785714285714284,3.8781163434903045,0,0.007522832617731102,0.04571940239132184,0.004300681701046917,0.055551989822159725,0.026544633190172296,0.0394675443731612,0.03122828666221543,20.473207761552597,20.429794335380628,0.997879500531739,0.0013996519042345859,0.001185953148301617,0.847320069164031,54056.06807377187,53298.70563852414,0.9859893169770665,57345.69803620651,56632.39596637336,0.9875613673865686,1.0,0.0,3815.7894736842104,3815.7894736842104,1.0,,,,,,,,,,,,
K4_T1-4,4,storm_relative,B_structured_missing,aggressive_temporal,"[7, 10, 3, 1, 3]","[50, 79, 9, 4, 3]",426600,1810,0.004242850445382091,235.69060773480663,6,0.20531100968803312,2.052347348445355,0.1619165964550604,2.041809056509588,0.25649542985431517,1.1052710137036692,0.5687494941807102,37.21547751910364,35.037930393665505,0.9414881315355863,0.003549789055245328,0.0029736423080044673,0.8376954973170813,491752.45058823825,296789.7390605617,0.6035348450333891,508142.8514002836,337346.2148616008,0.6638806664936436,0.5110410094637224,3685.05629389792,4578.9473684210525,4578.9473684210525,1.0,0.10349507735583685,44151,39756,4395,0.0995447441734049,0.040995673937170164,0.04552771908642721,0.19979415754135765,False,2.374302795811032,2.2089842211913835,1.0629671293628744
K4_T1-4,4,storm_relative,B_structured_missing,compact_temporal,"[13, 20, 5, 2, 3]","[50, 79, 9, 4, 3]",426600,10092,0.023656821378340364,42.27110582639715,6,0.10675334402785534,1.073283158904323,0.08467492418082309,0.9918963682951575,0.1246036619074061,0.6785112522336246,0.34914778974494803,37.21547751910364,36.15682792053059,0.9715535129697147,0.003549789055245328,0.003715549467993736,1.0466958487303557,491752.45058823825,462791.0844543628,0.9411058021180543,508142.8514002836,490629.61530866794,0.9655348175353553,0.5110410094637224,1500.0,4578.9473684210525,4578.9473684210525,1.0,0.10349507735583685,44151,39756,4395,0.0995447441734049,0.2285791941292383,0.2538484757017809,0.11761694453142943,False,1.427897316498002,1.247682429558236,0.663838834496928
K4_T1-4,4,storm_relative,B_structured_missing,moderate_temporal,"[25, 40, 7, 3, 3]","[50, 79, 9, 4, 3]",426600,67494,0.15821378340365683,6.320561827718019,6,0.08979821355471239,1.0284735510974194,0.081139743262215,0.8023069034178717,0.10078711983922732,0.3681472477962658,0.18944092297012316,37.21547751910364,39.04894060017424,1.0492661441769606,0.003549789055245328,0.004828069642355362,1.3601004361713238,491752.45058823825,481434.47150165495,0.97901794068491,508142.8514002836,499252.3213661762,0.9825038765976775,0.5110410094637224,4060.996152508953,4578.9473684210525,4578.9473684210525,1.0,0.10349507735583685,44151,39756,4395,0.0995447441734049,1.528708296527825,1.6977060066405072,0.2078949049231768,False,2.789236388622996,2.0945329270636943,0.6659690877611464
K4_T1-4,4,storm_relative,B_structured_missing,compact_rt_full,"[13, 20, 5, 4, 3]","[50, 79, 9, 4, 3]",426600,17900,0.04195968120018753,23.83240223463687,6,0.04084457450259472,0.43630530252696864,0.03442159518171989,0.4189564363214089,0.052630000284253894,0.1190040875420506,0.06123703033537135,37.21547751910364,37.23130129479406,1.0004251934072939,0.003549789055245328,0.0037332972005748393,1.0516955071057958,491752.45058823825,487793.3433884008,0.9919489832839642,508142.8514002836,508962.15778849827,1.0016123544510307,0.5110410094637224,0.0,4578.9473684210525,4578.9473684210525,1.0,0.10349507735583685,44151,39756,4395,0.0995447441734049,0.4054268306493624,0.45024650367240165,0.07996281934733784,False,1.044226225161322,0.8593928724631293,0.191399642042182
K4_T1-4,4,storm_relative,B_structured_missing,moderate_rt_full,"[25, 40, 7, 4, 3]","[50, 79, 9, 4, 3]",426600,88498,0.20744960150023442,4.820447919726999,6,0.13027368233751913,1.702005614466554,0.13427695679806886,0.9595665456945834,0.12054233613425877,0.22046743903989416,0.1134479624296693,37.21547751910364,37.205239981453815,0.9997249118288332,0.003549789055245328,0.007633197652064506,2.150324296252294,491752.45058823825,482385.57156114915,0.9809520440297057,508142.8514002836,501386.09559955023,0.9867030387574797,0.5110410094637224,10850.884284273448,4578.9473684210525,4578.9473684210525,1.0,0.10349507735583685,44151,39756,4395,0.0995447441734049,2.0044393105478924,2.2260287755307373,0.3488060076481251,False,4.988095340616462,3.189409036203855,0.6671308189969725
K4_T2-5,4,eulerian,A_common_dense,aggressive_temporal,"[3, 2, 2, 1, 3]","[19, 6, 4, 4, 3]",5472,126,0.023026315789473683,43.42857142857143,0,0.5678649934675639,3.2280808346478223,0.4242388444751553,3.8019847250856045,0.8922515292733517,0.8274671965270796,0.46197127869096105,22.74380800800227,19.371258873891264,0.8517157226738639,0.0036160549322764076,0.0015584269131966853,0.4309743470118171,294317.01199337846,168123.60633704392,0.5712330564868142,294317.01199337846,168123.60633704392,0.5712330564868142,1.0,3354.1019662496847,3052.631578947368,3052.631578947368,1.0,,,,,,,,,,,,
K4_T2-5,4,eulerian,A_common_dense,compact_temporal,"[5, 2, 2, 2, 3]","[19, 6, 4, 4, 3]",5472,252,0.046052631578947366,21.714285714285715,0,0.19126005957880388,1.075502917743139,0.14134407978751423,1.1682348283649313,0.2741618884688002,0.6148401982147509,0.34326256527388155,22.74380800800227,20.27498946484532,0.8914509592110385,0.0036160549322764076,0.002794619197627355,0.7728364889269157,294317.01199337846,289012.03788041143,0.9819753058885825,294317.01199337846,289012.03788041143,0.9819753058885825,1.0,3354.1019662496847,3052.631578947368,3052.631578947368,1.0,,,,,,,,,,,,
K4_T2-5,4,eulerian,A_common_dense,moderate_temporal,"[10, 3, 3, 3, 3]","[19, 6, 4, 4, 3]",5472,1051,0.1920687134502924,5.206470028544244,0,0.058872168597072255,0.2179131693406969,0.028638449869270985,0.41630352583352753,0.09769830349817878,0.23222550347459833,0.12965047223029286,22.74380800800227,22.10486126823373,0.9719067827364825,0.0036160549322764076,0.003366117304022795,0.9308811306977933,294317.01199337846,295701.7519809533,1.004704926766537,294317.01199337846,295701.7519809533,1.004704926766537,1.0,0.0,3052.631578947368,3052.631578947368,1.0,,,,,,,,,,,,
K4_T2-5,4,eulerian,A_common_dense,compact_rt_full,"[5, 2, 2, 4, 3]","[19, 6, 4, 4, 3]",5472,380,0.06944444444444445,14.4,0,0.09026349671569282,0.45257380101391725,0.05947787438316114,0.622505835621625,0.14608995668768096,0.2312278810846564,0.1290935040591478,22.74380800800227,22.968268224319008,1.0098690692533883,0.0036160549322764076,0.0031023636154789563,0.8579415063050305,294317.01199337846,288233.88808223605,0.9793313887296489,294317.01199337846,288233.88808223605,0.9793313887296489,1.0,2121.3203435596424,3052.631578947368,3052.631578947368,1.0,,,,,,,,,,,,
K4_T2-5,4,eulerian,A_common_dense,moderate_rt_full,"[10, 3, 3, 4, 3]","[19, 6, 4, 4, 3]",5472,1325,0.24214181286549707,4.129811320754717,0,0.020032731000587313,0.07724267013305994,0.010151338457731036,0.14905105346437836,0.03497936998955231,0.06022284877873897,0.033622150308185605,22.74380800800227,22.691230176198637,0.9976882573144685,0.0036160549322764076,0.003514360325360271,0.9718769186805144,294317.01199337846,294074.52506592683,0.9991761029177033,294317.01199337846,294074.52506592683,0.9991761029177033,1.0,1500.0,3052.631578947368,3052.631578947368,1.0,,,,,,,,,,,,
K4_T2-5,4,eulerian,B_structured_missing,aggressive_temporal,"[6, 11, 3, 1, 3]","[45, 82, 9, 4, 3]",398520,1806,0.004531767539897621,220.66445182724252,6,0.26437418988221906,2.5738706053525826,0.20299298893878584,2.868663085208496,0.3683829486778703,0.922357580426496,0.50907487605973,37.29520024552826,32.11960272440305,0.8612261769060815,0.0036099056005477904,0.002718411965233678,0.7530423966823866,504795.2927453443,358392.6791707362,0.7099762702255145,540440.2800584211,389133.46652125486,0.7200304656773361,0.6182965299684543,3354.1019662496847,4578.9473684210525,4578.9473684210525,1.0,0.15088828666064438,60132,54102,6030,0.10027938535222511,0.030033925364198764,0.03338139070644339,0.2382480333395159,False,2.604024269371491,2.862025088935806,0.9103386108761139
K4_T2-5,4,eulerian,B_structured_missing,compact_temporal,"[12, 21, 5, 2, 3]","[45, 82, 9, 4, 3]",398520,9884,0.02480176653618388,40.31970861999191,6,0.12600719643705013,1.215371271359356,0.09585246691520141,1.2657356403618463,0.16254102123299022,0.6988951073671528,0.38573970411471936,37.29520024552826,36.30232249937744,0.973377867939726,0.0036099056005477904,0.003166667807397841,0.8772162371551517,504795.2927453443,493421.3621950384,0.9774682317490553,540440.2800584211,533501.3177460354,0.987160538234427,0.6182965299684543,0.0,4578.9473684210525,4578.9473684210525,1.0,0.15088828666064438,60132,54102,6030,0.10027938535222511,0.1643717155591033,0.18269195223836457,0.13109685955285208,False,1.500504442438603,1.4328277716268258,0.6925730424669747
K4_T2-5,4,eulerian,B_structured_missing,moderate_temporal,"[23, 41, 7, 3, 3]","[45, 82, 9, 4, 3]",398520,63890,0.16031817725584663,6.23759586789795,6,0.08443584331444427,0.9346550529861095,0.0737132715365851,0.7879897299872558,0.10119068417526846,0.3277753099787899,0.18090833625038935,37.29520024552826,37.06715757249273,0.9938854685982583,0.0036099056005477904,0.003637992816686624,1.0077805957403905,504795.2927453443,508873.1900076163,1.0080783187182556,540440.2800584211,544548.5395899487,1.0076016901091893,0.6182965299684543,2121.3203435596424,4578.9473684210525,4578.9473684210525,1.0,0.15088828666064438,60132,54102,6030,0.10027938535222511,1.0624958424798776,1.1809175261543012,0.1843916011370439,False,2.4855289643366105,1.7430604704333044,0.49852102269317616
K4_T2-5,4,eulerian,B_structured_missing,compact_rt_full,"[12, 21, 5, 4, 3]","[45, 82, 9, 4, 3]",398520,17452,0.04379203051289772,22.835205134082052,6,0.03708102922631349,0.389582336261703,0.030725119868519994,0.37752184608431233,0.04847993881468455,0.12107586440070002,0.06682514674526813,37.29520024552826,37.83705328313165,1.0145287606457714,0.0036099056005477904,0.0037445643761179316,1.0373025753221101,504795.2927453443,501595.5782641751,0.993661362284566,540440.2800584211,539747.8751153606,0.99871881321839,0.6182965299684543,763.1578947368421,4578.9473684210525,4578.9473684210525,1.0,0.15088828666064438,60132,54102,6030,0.10027938535222511,0.29022816470431717,0.32257587519869874,0.07258000043617106,False,0.9493577539959946,0.7332141824785737,0.16591433397619676
K4_T2-5,4,eulerian,B_structured_missing,moderate_rt_full,"[23, 41, 7, 4, 3]","[45, 82, 9, 4, 3]",398520,83697,0.21001957241794642,4.761460984264669,6,0.13940742127725264,1.8956177122117397,0.14950134031094878,0.8644514209262466,0.11100960760138917,0.16180254705273037,0.08930333889480242,37.29520024552826,37.6283367869852,1.0089324239919288,0.0036099056005477904,0.007693113073883089,2.131111980522617,504795.2927453443,498225.29393266665,0.9869848255181888,540440.2800584211,536828.465898813,0.9933169042114742,0.6182965299684543,7841.663710635168,4578.9473684210525,4578.9473684210525,1.0,0.15088828666064438,60132,54102,6030,0.10027938535222511,1.3918878467371782,1.547022291227681,0.36004660152529816,False,5.344295203716993,2.7034608386582852,0.46458652140376466
K4_T2-5,4,storm_relative,A_common_dense,aggressive_temporal,"[3, 2, 2, 1, 3]","[19, 6, 4, 4, 3]",5472,126,0.023026315789473683,43.42857142857143,0,0.3478747303664093,2.0440526529562506,0.25601324041841683,2.302510546128846,0.5756354913270113,0.7692409970221814,0.41253722230220624,21.944022356322407,19.25954302291688,0.8776669431968526,0.0035662500095598113,0.002012490771553004,0.5643156722490719,289565.3806808756,147658.61576132517,0.5099318689759287,289816.3971882422,148884.5176592677,0.5137201314477866,1.0,1682.9765216125768,3052.631578947368,3052.631578947368,1.0,,,,,,,,,,,,
K4_T2-5,4,storm_relative,A_common_dense,compact_temporal,"[5, 2, 2, 2, 3]","[19, 6, 4, 4, 3]",5472,252,0.046052631578947366,21.714285714285715,0,0.15053893548585784,0.8004812441825478,0.10025857060039554,0.9806306617619065,0.24516101076831257,0.5325417083332219,0.2855974629099547,21.944022356322407,21.517892992217234,0.9805810731876876,0.0035662500095598113,0.0034245355782164593,0.9602623397228273,289565.3806808756,272532.93233867624,0.9411792656216369,289816.3971882422,272532.93233867624,0.9403640890672589,1.0,3354.1019662496847,3052.631578947368,3052.631578947368,1.0,,,,,,,,,,,,
K4_T2-5,4,storm_relative,A_common_dense,moderate_temporal,"[10, 3, 3, 3, 3]","[19, 6, 4, 4, 3]",5472,1051,0.1920687134502924,5.206470028544244,0,0.05610164723507357,0.25903559259346803,0.03244365615907547,0.37409700103413546,0.09352552645472036,0.23428411601220872,0.12564452339819512,21.944022356322407,22.216260917589942,1.0124060464780331,0.0035662500095598113,0.003449024243101852,0.9671291227076846,289565.3806808756,280515.66508367244,0.9687472460418993,289816.3971882422,280515.66508367244,0.9679081922389343,1.0,3000.0,3052.631578947368,3052.631578947368,1.0,,,,,,,,,,,,
K4_T2-5,4,storm_relative,A_common_dense,compact_rt_full,"[5, 2, 2, 4, 3]","[19, 6, 4, 4, 3]",5472,380,0.06944444444444445,14.4,0,0.07396173398569302,0.35960387943729416,0.0450396198496291,0.5038726407127216,0.12596987909156593,0.26843586455449614,0.143959807600335,21.944022356322407,22.31213225868573,1.0167749511181692,0.0035662500095598113,0.003433367280585081,0.9627388072573374,289565.3806808756,271167.3961230385,0.936463452521235,289816.3971882422,271367.07899141894,0.9363413582674551,1.0,4500.0,3052.631578947368,3052.631578947368,1.0,,,,,,,,,,,,
K4_T2-5,4,storm_relative,A_common_dense,moderate_rt_full,"[10, 3, 3, 4, 3]","[19, 6, 4, 4, 3]",5472,1325,0.24214181286549707,4.129811320754717,0,0.018702423047098876,0.1057769174128235,0.013248333573581291,0.12174041357697793,0.03043551870003715,0.05568182439683459,0.029861675675519134,21.944022356322407,22.016443146419018,1.0033002513814768,0.0035662500095598113,0.003543412756955585,0.9935962838996123,289565.3806808756,279394.4200700539,0.9648750807610149,289816.3971882422,279889.27260969655,0.9657468498164452,1.0,3354.1019662496847,3052.631578947368,3052.631578947368,1.0,,,,,,,,,,,,
K4_T2-5,4,storm_relative,B_structured_missing,aggressive_temporal,"[7, 11, 3, 1, 3]","[50, 82, 9, 4, 3]",442800,1985,0.004482836495031617,223.07304785894206,6,0.20393537675845783,1.951889544858734,0.1583128308907791,2.0815903012268318,0.2712027358221071,0.879803036572524,0.4716857932562234,37.27442304130637,36.118687371837055,0.9689938683104883,0.003560786006987954,0.003037758141014817,0.8531144907481921,495902.4976820281,444474.47890849074,0.896294092056554,510158.0896339902,454160.25778165186,0.8902343548202605,0.5110410094637224,1500.0,4578.9473684210525,4578.9473684210525,1.0,0.11268970189701898,49899,44868,5031,0.10082366380087777,0.039780356319765925,0.044240884371935456,0.20429242524678387,False,2.39661299017345,2.236927076790336,0.8614422728947722
K4_T2-5,4,storm_relative,B_structured_missing,compact_temporal,"[13, 21, 5, 2, 3]","[50, 82, 9, 4, 3]",442800,10624,0.023992773261065945,41.67921686746988,6,0.11080034279157622,1.00424321774925,0.08145163086892564,1.1162611350263274,0.1454335531504965,0.6145093432070983,0.32945479268087025,37.27442304130637,36.7172019611856,0.9850508462732401,0.003560786006987954,0.0035286189156754424,0.9909662947311677,495902.4976820281,493587.714135486,0.9953321801012054,510158.0896339902,507301.57170922635,0.9944007201242007,0.5110410094637224,1682.976521612577,4578.9473684210525,4578.9473684210525,1.0,0.11268970189701898,49899,44868,5031,0.10082366380087777,0.21291007835828374,0.2367834536863689,0.11861313460617927,False,1.3676251612759929,1.2746367354286963,0.6148934112755906
K4_T2-5,4,storm_relative,B_structured_missing,moderate_temporal,"[25, 41, 7, 3, 3]","[50, 82, 9, 4, 3]",442800,69271,0.15643857271906053,6.39228537194497,6,0.1000714004884146,1.171305198163305,0.09500160613429502,0.7835604511751353,0.1020872060729037,0.401460130594445,0.21523344690636134,37.27442304130637,38.08244465951261,1.0216776425301288,0.003560786006987954,0.0041858019996410265,1.1755275356133432,495902.4976820281,493496.4069793049,0.9951480568983422,510158.0896339902,514353.94240493944,1.00822461283317,0.5110410094637224,1682.976521612577,4578.9473684210525,4578.9473684210525,1.0,0.11268970189701898,49899,44868,5031,0.10082366380087777,1.3882242129100784,1.5438842827850583,0.22202924361839815,False,3.09420908597021,1.9003659546716567,0.6211689731851873
K4_T2-5,4,storm_relative,B_structured_missing,compact_rt_full,"[13, 21, 5, 4, 3]","[50, 82, 9, 4, 3]",442800,18822,0.04250677506775068,23.525661459993625,6,0.03956854136580484,0.4161064875508814,0.03374934620133252,0.38610730348236544,0.05030449890336197,0.11602076495019258,0.062201815946124325,37.27442304130637,37.67393848304708,1.0107182193349573,0.003560786006987954,0.003602722242172585,1.011777241064847,495902.4976820281,493817.6912060251,0.9957959347134812,510158.0896339902,512318.7911198054,1.0042353567055369,0.5110410094637224,1682.976521612577,4578.9473684210525,4578.9473684210525,1.0,0.11268970189701898,49899,44868,5031,0.10082366380087777,0.37720194793482836,0.41949719176250333,0.07367135493126727,False,0.9796815226903721,0.7118179366322059,0.16646828225845145
K4_T2-5,4,storm_relative,B_structured_missing,moderate_rt_full,"[25, 41, 7, 4, 3]","[50, 82, 9, 4, 3]",442800,90800,0.2050587172538392,4.8766519823788546,6,0.15248913913042522,1.9981300119946055,0.16206327838575849,0.9778828353357977,0.12740475399997933,0.19162951718659843,0.10273767771659291,37.27442304130637,38.31265569909827,1.0278537552852627,0.003560786006987954,0.007488247651220059,2.102976038583773,495902.4976820281,487459.7404291823,0.9829749652556513,510158.0896339902,505668.76994500676,0.9912001401522335,0.5110410094637224,5872.962604230723,4578.9473684210525,4578.9473684210525,1.0,0.11268970189701898,49899,44868,5031,0.10082366380087777,1.81967574500491,2.0237140055273244,0.37931572342729025,False,5.492164436231826,3.018018958097806,0.5811301873647573
K4_T3-6,4,eulerian,A_common_dense,aggressive_temporal,"[2, 2, 2, 1, 3]","[9, 10, 6, 4, 3]",6480,87,0.013425925925925926,74.48275862068965,0,0.5094735138298677,3.4727599253932113,0.4361553228410161,2.7524301735255423,0.7509937760506418,1.0953988126169478,0.5903178317432679,23.00676487963685,19.729334485275846,0.8575449259595016,0.003583911577860514,0.002400851256035203,0.6698969000425055,242542.57601872087,219458.1746243332,0.9048233024761563,267110.568176955,233529.49204086376,0.8742802414547504,1.0,0.0,4578.9473684210525,4578.9473684210525,1.0,,,,,,,,,,,,
K4_T3-6,4,eulerian,A_common_dense,compact_temporal,"[3, 3, 3, 2, 3]","[9, 10, 6, 4, 3]",6480,254,0.039197530864197534,25.511811023622048,0,0.16350339669205396,0.7362684908662859,0.09247037751827669,1.089966951264341,0.29739479110997225,0.6448554691693633,0.34751697551909205,23.00676487963685,22.367011458452918,0.9721928126561517,0.003583911577860514,0.003049551769545367,0.8509003928511697,242542.57601872087,195911.7790974342,0.8077418089363105,267110.568176955,214948.76981748574,0.8047183280112182,1.0,0.0,4578.9473684210525,4578.9473684210525,1.0,,,,,,,,,,,,
K4_T3-6,4,eulerian,A_common_dense,moderate_temporal,"[5, 5, 5, 3, 3]","[9, 10, 6, 4, 3]",6480,1271,0.19614197530864197,5.098347757671125,0,0.05168464766426579,0.25985694443678053,0.03263628696719398,0.2951922777601651,0.08054248404497773,0.2444758758158971,0.1317497036356966,23.00676487963685,22.728895533352613,0.9879222764374761,0.003583911577860514,0.003288990804407933,0.9177098075537232,242542.57601872087,230488.675214089,0.9503019181106517,267110.568176955,258036.61111424456,0.9660292098338126,1.0,0.0,4578.9473684210525,4578.9473684210525,1.0,,,,,,,,,,,,
K4_T3-6,4,eulerian,A_common_dense,compact_rt_full,"[3, 3, 3, 4, 3]","[9, 10, 6, 4, 3]",6480,424,0.0654320987654321,15.283018867924529,0,0.06885843523463425,0.3232541605148902,0.04059855151752529,0.4610407850900945,0.12579383972697517,0.2521104044060091,0.13586400274921306,23.00676487963685,22.68213664998954,0.9858898792878682,0.003583911577860514,0.003390401156670635,0.9460058048347837,242542.57601872087,234147.17731715666,0.965385876412411,267110.568176955,251444.16527940467,0.941348622016439,1.0,1500.0,4578.9473684210525,4578.9473684210525,1.0,,,,,,,,,,,,
K4_T3-6,4,eulerian,A_common_dense,moderate_rt_full,"[5, 5, 5, 4, 3]","[9, 10, 6, 4, 3]",6480,1650,0.25462962962962965,3.9272727272727272,0,0.011420515202783808,0.05229092478189337,0.00656738895572219,0.07527013360757685,0.02053727008427082,0.045495948833437834,0.024518074658393285,23.00676487963685,23.089034784345692,1.0035759006161555,0.003583911577860514,0.0036331693628679426,1.013744140706963,242542.57601872087,242279.90991942972,0.9989170309658504,267110.568176955,267517.7987577162,1.00152457682053,1.0,3354.1019662496847,4578.9473684210525,4578.9473684210525,1.0,,,,,,,,,,,,
K4_T3-6,4,eulerian,B_structured_missing,aggressive_temporal,"[6, 10, 3, 1, 3]","[45, 79, 9, 4, 3]",383940,1640,0.004271500755326353,234.109756097561,6,0.24665101357122787,2.6326468309153377,0.21025931346002247,2.316537564751911,0.3063793881607789,0.9602441684911103,0.5248389718843117,37.29520024552826,31.760449995196343,0.8515961782241527,0.0036099056005477904,0.0031489194236371315,0.8722996587942061,504795.2927453443,496591.03666519816,0.983747360171433,540440.2800584211,538919.863408908,0.9971867073835639,0.6182965299684543,1500.0,4578.9473684210525,5342.105263157895,1.1666666666666667,0.1750195343022347,67197,60471,6726,0.10009375418545471,0.024405851451701713,0.027120437895850905,0.22619256332908091,False,2.6343949731620855,2.4246377095253453,0.9441429982021324
K4_T3-6,4,eulerian,B_structured_missing,compact_temporal,"[12, 20, 5, 2, 3]","[45, 79, 9, 4, 3]",383940,9382,0.024436109808824297,40.9230441270518,6,0.11139055833984818,1.0173056152768467,0.08124826229455392,1.1658875137230675,0.1541973281823383,0.5494592512001474,0.30031697973792887,37.29520024552826,37.18916846359638,0.9971569590393984,0.0036099056005477904,0.0029541158566725057,0.8183360407607969,504795.2927453443,465132.44647550426,0.9214278602834578,540440.2800584211,501818.0134986646,0.9285355515033382,0.6182965299684543,0.0,4578.9473684210525,4578.9473684210525,1.0,0.1750195343022347,67197,60471,6726,0.10009375418545471,0.1396193282438204,0.15514874898711778,0.1178214666770083,False,1.2834627764713116,1.3344695914363998,0.5402636520534112
K4_T3-6,4,eulerian,B_structured_missing,moderate_temporal,"[23, 40, 7, 3, 3]","[45, 79, 9, 4, 3]",383940,62239,0.1621060582382664,6.168800912611064,6,0.1379536450517756,1.7831449621913995,0.14241288696505694,0.9216124659850341,0.12189012936644567,0.32607679090778735,0.17822322000069835,37.29520024552826,37.66488206198576,1.0099123161700096,0.0036099056005477904,0.005350179983889693,1.4820830724985778,504795.2927453443,473105.0644646128,0.937221624812737,540440.2800584211,508658.07413989847,0.9411920112337168,0.6182965299684543,5267.038043406609,4578.9473684210525,4578.9473684210525,1.0,0.1750195343022347,67197,60471,6726,0.10009375418545471,0.9262169442088188,1.0292371549999173,0.31107397447386553,False,4.630004912358954,2.0612887221573706,0.4950440871474454
K4_T3-6,4,eulerian,B_structured_missing,compact_rt_full,"[12, 20, 5, 4, 3]","[45, 79, 9, 4, 3]",383940,16590,0.043209876543209874,23.142857142857142,6,0.03753870546570583,0.38298414400875,0.03058746134868242,0.3760239471552508,0.04973197439842283,0.13462935648919808,0.07358413137386458,37.29520024552826,37.4510330367541,1.0041783604914287,0.0036099056005477904,0.0036892078815333983,1.0219679653045703,504795.2927453443,498704.3786762606,0.9879338928935766,540440.2800584211,537635.9383990165,0.9948110054655781,0.6182965299684543,763.1578947368421,4578.9473684210525,4578.9473684210525,1.0,0.1750195343022347,67197,60471,6726,0.10009375418545471,0.2468860216973972,0.27434638090985763,0.06804948677978973,False,0.8547387324145672,0.6924408090183233,0.1756634879180338
K4_T3-6,4,eulerian,B_structured_missing,moderate_rt_full,"[23, 40, 7, 4, 3]","[45, 79, 9, 4, 3]",383940,81563,0.21243683908944105,4.707281487929576,6,0.15044099783232012,2.058250610266427,0.16438451035713889,0.8136798345790207,0.10761523304016973,0.13912740264092543,0.07604262057403369,37.29520024552826,38.15524048856388,1.0230603465693615,0.0036099056005477904,0.006760133208540773,1.8726620462083403,504795.2927453443,498185.86496848904,0.9869067166991402,540440.2800584211,536486.9826669825,0.9926850430337811,0.6182965299684543,4060.996152508953,4578.9473684210525,5342.105263157895,1.1666666666666667,0.1750195343022347,67197,60471,6726,0.10009375418545471,1.2137893060702114,1.3487952903044436,0.38045620479727277,False,5.682837710841964,2.5147196953982864,0.41203627712154883
K4_T3-6,4,storm_relative,A_common_dense,aggressive_temporal,"[2, 2, 2, 1, 3]","[9, 10, 6, 4, 3]",6480,87,0.013425925925925926,74.48275862068965,0,0.25344653116166815,1.627490472038021,0.2013281946213236,1.3956453735375522,0.3977821387854185,0.7730018154745688,0.43191181737181134,22.99862412001536,21.969572473413912,0.955255947432704,0.0035384644149560824,0.0018460781966485012,0.5217173271110638,284430.3650141544,156573.3480252632,0.5504804243297704,287905.5763856852,156573.3480252632,0.5438357602893867,1.0,1682.9765216125768,4578.9473684210525,4578.9473684210525,1.0,,,,,,,,,,,,
K4_T3-6,4,storm_relative,A_common_dense,compact_temporal,"[3, 3, 3, 2, 3]","[9, 10, 6, 4, 3]",6480,254,0.039197530864197534,25.511811023622048,0,0.1058959603430269,0.5230171233799793,0.06469966799514962,0.6797804640642143,0.19374873590890157,0.4136630002445996,0.23113262432046516,22.99862412001536,22.740589137219974,0.9887804165393171,0.0035384644149560824,0.003221489707982848,0.9104202643289353,284430.3650141544,258261.09407486618,0.9079941027464281,287905.5763856852,264014.0726579854,0.917016182778988,1.0,0.0,4578.9473684210525,4578.9473684210525,1.0,,,,,,,,,,,,
K4_T3-6,4,storm_relative,A_common_dense,moderate_temporal,"[5, 5, 5, 3, 3]","[9, 10, 6, 4, 3]",6480,1271,0.19614197530864197,5.098347757671125,0,0.04040260163907099,0.1966614374659372,0.02432794098454574,0.20784996832517846,0.05924069718176611,0.2238679746462002,0.12508537734989056,22.99862412001536,22.830175030451226,0.9926756883940054,0.0035384644149560824,0.0034213400925043576,0.9668996749107682,284430.3650141544,281812.41211072064,0.9907958037345855,287905.5763856852,285710.8335940528,0.9923768659878535,1.0,0.0,4578.9473684210525,4578.9473684210525,1.0,,,,,,,,,,,,
K4_T3-6,4,storm_relative,A_common_dense,compact_rt_full,"[3, 3, 3, 4, 3]","[9, 10, 6, 4, 3]",6480,424,0.0654320987654321,15.283018867924529,0,0.05630329838614615,0.26170793856267793,0.032374497850615566,0.36094051504342334,0.10287404864486538,0.2399239687707587,0.1340566028544409,22.99862412001536,22.93947876402931,0.9974283089424216,0.0035384644149560824,0.0033579184665227524,0.9489761864863714,284430.3650141544,263656.5893157099,0.9269635796536325,287905.5763856852,268120.66925937636,0.9312798752469994,1.0,0.0,4578.9473684210525,4578.9473684210525,1.0,,,,,,,,,,,,
K4_T3-6,4,storm_relative,A_common_dense,moderate_rt_full,"[5, 5, 5, 4, 3]","[9, 10, 6, 4, 3]",6480,1650,0.25462962962962965,3.9272727272727272,0,0.010151334602265123,0.049834812700787566,0.006164799759335842,0.06702191573890579,0.019102360451740293,0.03684007924286663,0.020584253826285547,22.99862412001536,23.055530510463278,1.0024743389061432,0.0035384644149560824,0.0034306260788436282,0.9695239732646025,284430.3650141544,281331.0000279593,0.9891032556033851,287905.5763856852,285555.4726199963,0.9918372412400216,1.0,0.0,4578.9473684210525,4578.9473684210525,1.0,,,,,,,,,,,,
K4_T3-6,4,storm_relative,B_structured_missing,aggressive_temporal,"[7, 10, 3, 1, 3]","[50, 78, 9, 4, 3]",421200,1800,0.004273504273504274,234.0,6,0.19040412518365307,2.021412518146387,0.16592785488937103,1.6176893360127467,0.2205874927848963,0.8697167425262524,0.46078095125608204,37.29520024552826,35.93052482208886,0.9634088189779053,0.0035800519915483832,0.0031967340676712407,0.8929295091853243,495730.66704935353,529059.2358300546,1.067231202336294,512294.2714496391,531318.5589983955,1.0371354680483218,0.5173501577287066,0.0,4578.9473684210525,4578.9473684210525,1.0,0.13403846153846155,56457,50760,5697,0.10090865614538498,0.03188267176789415,0.03546099290780142,0.19581913412073051,False,2.393823148424767,1.9114644229391928,0.8677354683189192
K4_T3-6,4,storm_relative,B_structured_missing,compact_temporal,"[13, 20, 5, 2, 3]","[50, 78, 9, 4, 3]",421200,10072,0.023912630579297246,41.81890389197776,6,0.09386775312295581,0.8717606049014703,0.07155855910153527,0.9138639636927629,0.12461413697287652,0.46673014004906244,0.24727632273354766,37.29520024552826,38.78362549454939,1.0399092976903803,0.0035800519915483832,0.003258970870857179,0.9103138386120656,495730.66704935353,444666.1054407254,0.8969913200799734,512294.2714496391,464635.6466286696,0.9069702171642289,0.5173501577287066,763.1578947368421,4578.9473684210525,4578.9473684210525,1.0,0.13403846153846155,56457,50760,5697,0.10090865614538498,0.1784012611367944,0.1984239558707644,0.10725736632924829,False,1.2252899032301123,1.1465277046867655,0.47477710305504717
K4_T3-6,4,storm_relative,B_structured_missing,moderate_temporal,"[25, 39, 7, 3, 3]","[50, 78, 9, 4, 3]",421200,65801,0.1562226970560304,6.401118524034589,6,0.14804796585858115,1.8653298598185066,0.15311579379383353,0.9368345128696612,0.12774639218283745,0.39076081321412665,0.2070273347887982,37.29520024552826,38.39401620906684,1.0294626642652316,0.0035800519915483832,0.00418105908439443,1.1678766381786845,495730.66704935353,437484.89890006563,0.8825052149870544,512294.2714496391,461430.7406515339,0.9007142307990743,0.5173501577287066,4060.996152508953,4578.9473684210525,4578.9473684210525,1.0,0.13403846153846155,56457,50760,5697,0.10090865614538498,1.1655064916662239,1.2963159968479117,0.3279134254344489,False,4.844635803277977,2.149408056965458,0.5794915793201948
K4_T3-6,4,storm_relative,B_structured_missing,compact_rt_full,"[13, 20, 5, 4, 3]","[50, 78, 9, 4, 3]",421200,17880,0.04245014245014245,23.55704697986577,6,0.03892954194475095,0.4081357596485474,0.033501865895352666,0.3600669363431473,0.04909858831018954,0.1249104461157519,0.06617827548755094,37.29520024552826,37.37536275363005,1.0021494054884825,0.0035800519915483832,0.0033470627802499567,0.9349201598612377,495730.66704935353,485436.1878561704,0.9792337253322312,512294.2714496391,507632.98870379804,0.9909011616845704,0.5173501577287066,1682.976521612577,4578.9473684210525,4578.9473684210525,1.0,0.13403846153846155,56457,50760,5697,0.10090865614538498,0.31670120622774856,0.35224586288416077,0.06895877435238187,False,0.8799936937803297,0.6728786741241615,0.17313593565061416
K4_T3-6,4,storm_relative,B_structured_missing,moderate_rt_full,"[25, 39, 7, 4, 3]","[50, 78, 9, 4, 3]",421200,86280,0.20484330484330485,4.881780250347705,6,0.15458709473571824,2.051502357336465,0.16839778244050446,0.8278345867455073,0.11288320437402778,0.1517297302923288,0.08038728707791626,37.29520024552826,37.76557857445166,1.0126123020074091,0.0035800519915483832,0.006259439932970325,1.748421516711856,495730.66704935353,482934.6988117877,0.9741876605824511,512294.2714496391,503724.01309398614,0.9832708292220373,0.5173501577287066,4060.996152508953,4578.9473684210525,4578.9473684210525,1.0,0.13403846153846155,56457,50760,5697,0.10090865614538498,1.5282427334077262,1.6997635933806146,0.3784150127727499,False,5.598034715945074,2.51462147574719,0.44156276153254853
K5_T1-5,5,eulerian,A_common_dense,aggressive_temporal,"[2, 2, 2, 1, 3]","[12, 7, 4, 5, 3]",5040,84,0.016666666666666666,60.0,0,0.4175872100490539,3.420194801448052,0.3351501063822545,2.593376128383328,0.8763101496995653,1.265045434434547,0.910857407123029,21.616751324196105,25.39050969790158,1.1745756481678828,0.00360679026444753,0.00047655337126392965,0.13212672107978135,210977.5132164359,27658.15407773177,0.13109527008860913,214510.2525539696,29444.689766154883,0.13726472005689688,1.0,3439.8270265086253,3052.6315789473683,0.0,0.0,,,,,,,,,,,,
K5_T1-5,5,eulerian,A_common_dense,compact_temporal,"[3, 2, 2, 2, 3]","[12, 7, 4, 5, 3]",5040,149,0.029563492063492063,33.8255033557047,0,0.1996851528790355,0.9149293939780948,0.08965532711592467,1.6918436813211701,0.5716794310785287,0.9376862837123514,0.6751524283859641,21.616751324196105,21.392344043921682,0.9896188249145819,0.00360679026444753,0.0028571838659741293,0.7921680099166449,210977.5132164359,210248.9601719979,0.9965467739507831,214510.2525539696,210846.34353354533,0.9829196554626104,1.0,1682.976521612577,3052.6315789473683,3052.6315789473683,1.0,,,,,,,,,,,,
K5_T1-5,5,eulerian,A_common_dense,moderate_temporal,"[6, 4, 3, 3, 3]","[12, 7, 4, 5, 3]",5040,784,0.15555555555555556,6.428571428571429,0,0.07778113367464166,0.5345290445543363,0.052379316543883024,0.5580490489573151,0.18856657168982857,0.31234740296214636,0.2248962273128797,21.616751324196105,21.84161501095637,1.0104022886412434,0.00360679026444753,0.003176014477318807,0.8805653349530965,210977.5132164359,199227.4034966274,0.9443063408006217,214510.2525539696,204807.89450824994,0.9547697234504976,1.0,0.0,3052.6315789473683,3052.6315789473683,1.0,,,,,,,,,,,,
K5_T1-5,5,eulerian,A_common_dense,compact_rt_full,"[3, 2, 2, 5, 3]","[12, 7, 4, 5, 3]",5040,272,0.05396825396825397,18.529411764705884,0,0.0798159274750965,0.42982392905616745,0.04211910253995547,0.6748571991198185,0.22803642198834365,0.3022300140335232,0.21761150978769445,21.616751324196105,21.755520730537548,1.0064195310507233,0.00360679026444753,0.0032605515518340598,0.9040036466698999,210977.5132164359,217807.05989966114,1.03237096967874,214510.2525539696,218728.9800430047,1.0196667871992444,1.0,763.1578947368421,3052.6315789473683,3052.6315789473683,1.0,,,,,,,,,,,,
K5_T1-5,5,eulerian,A_common_dense,moderate_rt_full,"[6, 4, 3, 5, 3]","[12, 7, 4, 5, 3]",5040,1226,0.24325396825396825,4.1109298531810765,0,0.009809129474363491,0.05169322763585087,0.005065498238305729,0.07744958024328247,0.026170462708573018,0.048765252852664295,0.035111933976451085,21.616751324196105,21.61355863569943,0.9998523048885194,0.00360679026444753,0.003496802960683546,0.9695054894518987,210977.5132164359,209350.35511278108,0.9922875282827627,214510.2525539696,212363.62447698956,0.9899928882119984,1.0,0.0,3052.6315789473683,3052.6315789473683,1.0,,,,,,,,,,,,
K5_T1-5,5,eulerian,B_structured_missing,aggressive_temporal,"[6, 11, 3, 1, 3]","[45, 82, 9, 5, 3]",498150,1807,0.003627421459399779,275.67791920309907,6,0.29017340648376677,2.96055888067975,0.23063788141901403,3.0855956702683627,0.3922095751821556,1.0322700632323747,0.5808078059523236,37.29520024552826,32.41176465735981,0.8690599445499967,0.0036099056005477904,0.0019182893159689451,0.531395977689237,504795.2927453443,244689.26632996585,0.4847296911173952,540440.2800584211,276172.8043705301,0.5110144720165494,0.6182965299684543,4242.640687119285,4578.9473684210525,4578.9473684210525,1.0,0.14380006022282446,71634,64440,7194,0.10042717145489571,0.025225451601194965,0.02804158907510863,0.2547748091888942,False,2.9014182666363135,3.0258840183842404,1.0048781307941808
K5_T1-5,5,eulerian,B_structured_missing,compact_temporal,"[12, 21, 5, 2, 3]","[45, 82, 9, 5, 3]",498150,9886,0.019845428083910467,50.38943961157192,6,0.1454367828511988,1.408502308364865,0.10972725132913964,1.4774546618638655,0.18779902722320185,0.833349487002818,0.46888494046024093,37.29520024552826,32.62406462816034,0.8747523652744567,0.0036099056005477904,0.0032043090536580405,0.8876434478430123,504795.2927453443,498616.6242528698,0.9877600512895601,540440.2800584211,537549.8572876041,0.9946517258659837,0.6182965299684543,0.0,4578.9473684210525,4578.9473684210525,1.0,0.14380006022282446,71634,64440,7194,0.10042717145489571,0.13800709160454533,0.15341402855369335,0.14110875774642803,False,1.5997749271854844,1.5782795017071467,0.8065525193634002
K5_T1-5,5,eulerian,B_structured_missing,moderate_temporal,"[23, 41, 7, 3, 3]","[45, 82, 9, 5, 3]",498150,63893,0.12826056408712236,7.796628738672468,6,0.11247188028706744,1.3305425408795422,0.10365391303951055,0.9587520854327856,0.12186682518254055,0.4666023454111366,0.2625342864655411,37.29520024552826,37.000939504181034,0.9921099567930995,0.0036099056005477904,0.0033964147412614085,0.9408597113304056,504795.2927453443,512534.5207359543,1.015331418699489,540440.2800584211,550745.3372821893,1.0190678926127679,0.6182965299684543,1500.0,4578.9473684210525,4578.9473684210525,1.0,0.14380006022282446,71634,64440,7194,0.10042717145489571,0.8919367897925566,0.9915114835505897,0.2043224785671996,False,2.801069586513993,1.9063692698159096,0.6872027108735886
K5_T1-5,5,eulerian,B_structured_missing,compact_rt_full,"[12, 21, 5, 5, 3]","[45, 82, 9, 5, 3]",498150,21241,0.042639767138412124,23.45228567393249,6,0.03788019206489397,0.39426993141721833,0.03071500529265227,0.40040109477251495,0.050894919511453626,0.11835501147902872,0.06659256815541527,37.29520024552826,37.82496147045765,1.0142045416418675,0.0036099056005477904,0.003767679520736111,1.0437058299154356,504795.2927453443,500173.2261517263,0.9908436812703211,540440.2800584211,542161.7049865706,1.0031852269189918,0.6182965299684543,0.0,4578.9473684210525,4578.9473684210525,1.0,0.14380006022282446,71634,64440,7194,0.10042717145489571,0.2965212050143786,0.32962445685909375,0.06885581821012814,False,0.9048792808347793,0.7168266231488891,0.15732366948073048
K5_T1-5,5,eulerian,B_structured_missing,moderate_rt_full,"[23, 41, 7, 5, 3]","[45, 82, 9, 5, 3]",498150,103509,0.20778681120144535,4.81262498913138,6,0.13548768611720394,1.8651110759973806,0.14529866978372907,0.8430502487831796,0.10715998311719944,0.1717603554814082,0.09664113953316392,37.29520024552826,37.920350967063214,1.0167622299228682,0.0036099056005477904,0.007698465035439646,2.132594557118455,504795.2927453443,497742.0945934081,0.9860276071245095,540440.2800584211,538477.4309021409,0.9963680554009261,0.6182965299684543,4820.963570770114,4578.9473684210525,4578.9473684210525,1.0,0.14380006022282446,71634,64440,7194,0.10042717145489571,1.444970265516375,1.6062849162011172,0.3419348552532183,False,5.137120186108942,2.6166407793111426,0.4874096959958359
K5_T1-5,5,storm_relative,A_common_dense,aggressive_temporal,"[2, 2, 2, 1, 3]","[12, 7, 4, 5, 3]",5040,84,0.016666666666666666,60.0,0,0.22696286099077265,1.7306327257057896,0.14658000162725157,1.8889558446400232,0.6748819284387672,1.0479489576845091,0.8563695510297803,21.616751324196105,23.59050253804737,1.0913065605580614,0.0020235567004631546,0.0005571722409587198,0.2753430337935148,82944.42154406114,20783.53882565634,0.2505718701602597,85597.85992740754,22434.896678418518,0.2620964671014526,1.0,4564.253495622167,3052.6315789473683,1526.3157894736842,0.5,,,,,,,,,,,,
K5_T1-5,5,storm_relative,A_common_dense,compact_temporal,"[3, 2, 2, 2, 3]","[12, 7, 4, 5, 3]",5040,149,0.029563492063492063,33.8255033557047,0,0.10719170890628317,0.6272984983017169,0.05313051899231777,0.9832445253859531,0.35129140964424665,0.5904682513009456,0.48252257665412146,21.616751324196105,22.328213720462855,1.03291254942043,0.0020235567004631546,0.0015667384831444032,0.7742498556061245,82944.42154406114,68296.1544546984,0.8233965971830739,85597.85992740754,70976.45060544496,0.8291848729119808,1.0,4500.0,3052.6315789473683,3052.6315789473683,1.0,,,,,,,,,,,,
K5_T1-5,5,storm_relative,A_common_dense,moderate_temporal,"[6, 4, 3, 3, 3]","[12, 7, 4, 5, 3]",5040,784,0.15555555555555556,6.428571428571429,0,0.040652104417973386,0.2499865585271774,0.021173198455935162,0.3419262302792904,0.12216264045000014,0.25765230210853224,0.2105499362926984,21.616751324196105,21.51752738607421,0.9954098589268208,0.0020235567004631546,0.0015788147189400692,0.7802176823504415,82944.42154406114,86055.9828094512,1.0375138099400352,85597.85992740754,87660.78290418789,1.02410017001044,1.0,0.0,3052.6315789473683,3052.6315789473683,1.0,,,,,,,,,,,,
K5_T1-5,5,storm_relative,A_common_dense,compact_rt_full,"[3, 2, 2, 5, 3]","[12, 7, 4, 5, 3]",5040,272,0.05396825396825397,18.529411764705884,0,0.05325500291134417,0.2876926458618466,0.024366804043521106,0.5242945431040713,0.18731878425005133,0.25330386220792883,0.20699645069776273,21.616751324196105,21.8954038325723,1.0128905821322138,0.0020235567004631546,0.001605653523632756,0.7934808662713783,82944.42154406114,66528.55988767,0.8020860071021071,85597.85992740754,69819.59625269873,0.8156698813721536,1.0,3000.0,3052.6315789473683,3052.6315789473683,1.0,,,,,,,,,,,,
K5_T1-5,5,storm_relative,A_common_dense,moderate_rt_full,"[6, 4, 3, 5, 3]","[12, 7, 4, 5, 3]",5040,1226,0.24325396825396825,4.1109298531810765,0,0.005719355807036535,0.03163317050906958,0.0026792456399456805,0.05153538445235088,0.018412447141486186,0.034764692215104295,0.02840923085578393,21.616751324196105,21.64629698020262,1.0013667944624707,0.0020235567004631546,0.0020652236890207824,1.0205909666618638,82944.42154406114,82734.98456416887,0.9974749720837945,85597.85992740754,85288.97369363901,0.9963914257432314,1.0,0.0,3052.6315789473683,3052.6315789473683,1.0,,,,,,,,,,,,
K5_T1-5,5,storm_relative,B_structured_missing,aggressive_temporal,"[7, 11, 3, 1, 3]","[52, 82, 9, 5, 3]",575640,2000,0.0034743937182961575,287.82,6,0.2167145047761472,2.1612150281969273,0.17267439400158893,2.1486869680464693,0.2776458076401647,1.018284838127503,0.5613472592646375,37.21547751910364,34.36562928017833,0.9234230371634379,0.003549789055245328,0.002916010188674518,0.821460132783296,491752.45058823825,425548.1168218539,0.8653706073305986,508142.8514002836,438794.4292907838,0.8635257350991024,0.5110410094637224,1500.0,4578.9473684210525,4578.9473684210525,1.0,0.10140712945590995,58374,52539,5835,0.09995888580532429,0.03426182889642649,0.03806695978225699,0.2144441005361266,False,2.551634603123063,2.3516435388806443,0.9830324178660985
K5_T1-5,5,storm_relative,B_structured_missing,compact_temporal,"[13, 21, 5, 2, 3]","[52, 82, 9, 5, 3]",575640,10652,0.018504620943645335,54.04055576417574,6,0.12247867914059798,1.1855376083488751,0.09472078688001885,1.151511126958746,0.1487942364828374,0.7525157730405141,0.4148374314661155,37.21547751910364,34.59482820142066,0.9295817360844628,0.003549789055245328,0.003563585973824497,1.0038866868888396,491752.45058823825,499015.132499439,1.0147689796004333,508142.8514002836,512539.3854657207,1.0086521615984987,0.5110410094637224,1682.976521612577,4578.9473684210525,4578.9473684210525,1.0,0.10140712945590995,58374,52539,5835,0.09995888580532429,0.18247850070236749,0.20274462780030073,0.1269035512674267,False,1.5090360323561323,1.3227606429011032,0.7268743645619841
K5_T1-5,5,storm_relative,B_structured_missing,moderate_temporal,"[26, 41, 7, 3, 3]","[52, 82, 9, 5, 3]",575640,71959,0.1250069487874366,7.999555302324935,6,0.10772857354363967,1.2522500755619919,0.1000509066034535,0.8873441743672011,0.11465950769504948,0.4424683661537796,0.24391839625979578,37.21547751910364,37.38649242278567,1.0045952629143142,0.003549789055245328,0.0036730073454575548,1.0347114401150552,491752.45058823825,484239.04307162424,0.9847211589741416,508142.8514002836,507625.6042565959,0.9989820832030554,0.5110410094637224,2121.3203435596424,4578.9473684210525,4578.9473684210525,1.0,0.10140712945590995,58374,52539,5835,0.09995888580532429,1.2327234727789769,1.3696301794857153,0.2242182208100687,False,3.0675406327904504,2.0924067291628043,0.6574167710839625
K5_T1-5,5,storm_relative,B_structured_missing,compact_rt_full,"[13, 21, 5, 5, 3]","[52, 82, 9, 5, 3]",575640,22952,0.0398721423111667,25.08016730568142,6,0.04113010156809243,0.44133250644572336,0.03526110179203036,0.4051892024937441,0.05235713021321625,0.11375278229454057,0.06270820322945027,37.21547751910364,37.51308848608613,1.0079969675743035,0.003549789055245328,0.0036506438021875684,1.0284114761110137,491752.45058823825,487243.21969523997,0.9908302828229848,508142.8514002836,510344.8160267584,1.0043333574808873,0.5110410094637224,1500.0,4578.9473684210525,4578.9473684210525,1.0,0.10140712945590995,58374,52539,5835,0.09995888580532429,0.3931887484153904,0.4368564304611812,0.07692431964355129,False,1.024302088147811,0.771632988756807,0.17069413146528528
K5_T1-5,5,storm_relative,B_structured_missing,moderate_rt_full,"[26, 41, 7, 5, 3]","[52, 82, 9, 5, 3]",575640,116741,0.20280209853380585,4.930915445301993,6,0.14437672593225967,1.9199671663787892,0.15339943625785152,0.9280695056284941,0.11992189242470377,0.1865566538630401,0.10284260594135103,37.21547751910364,37.759334361563255,1.0146137273713722,0.003549789055245328,0.008326842225946828,2.3457287451046454,491752.45058823825,486395.18313648214,0.989105763590303,508142.8514002836,504388.1428630568,0.9926109192978314,0.5110410094637224,9873.788014267499,4578.9473684210525,4578.9473684210525,1.0,0.10140712945590995,58374,52539,5835,0.09995888580532429,1.9998800835988626,2.2219874759702316,0.3650405584573927,False,5.31500834743764,3.0149042659266625,0.5938774556062183
K5_T2-6,5,eulerian,A_common_dense,aggressive_temporal,"[3, 2, 2, 1, 3]","[17, 6, 4, 5, 3]",6120,121,0.01977124183006536,50.578512396694215,0,0.6699139299125236,4.4143788213628,0.5906120339196543,3.9229536372625415,0.8608185065881827,1.1024546392098262,0.5664229009310559,22.74380800800227,19.55603361888593,0.8598399006888056,0.0036160549322764076,0.002318600584567369,0.6411961731753187,294317.01199337846,247545.6383828564,0.841085048758329,294317.01199337846,247545.6383828564,0.841085048758329,1.0,3354.1019662496847,3052.631578947368,3052.631578947368,1.0,,,,,,,,,,,,
K5_T2-6,5,eulerian,A_common_dense,compact_temporal,"[5, 2, 2, 2, 3]","[17, 6, 4, 5, 3]",6120,244,0.03986928104575163,25.081967213114755,0,0.2793188930680521,1.4726804843969712,0.19703402254339353,1.7417283702553203,0.3821895829520132,1.0353569187264637,0.531949205478799,22.74380800800227,19.230223665663694,0.8455146850913294,0.0036160549322764076,0.0022776151232181325,0.6298618704291392,294317.01199337846,263427.31818531686,0.895046183029486,294317.01199337846,263427.31818531686,0.895046183029486,1.0,3354.1019662496847,3052.631578947368,3052.631578947368,1.0,,,,,,,,,,,,
K5_T2-6,5,eulerian,A_common_dense,moderate_temporal,"[9, 3, 3, 3, 3]","[17, 6, 4, 5, 3]",6120,936,0.15294117647058825,6.538461538461538,0,0.11284737388992001,0.4876928129498205,0.065249779377876,0.7653936569285436,0.16795126469275745,0.4477185276413508,0.2300303506445934,22.74380800800227,21.08498223935726,0.9270647304065633,0.0036160549322764076,0.0034909560448870775,0.9654045943072616,294317.01199337846,296574.1714771388,1.0076691437863985,294317.01199337846,296574.1714771388,1.0076691437863985,1.0,0.0,3052.631578947368,3052.631578947368,1.0,,,,,,,,,,,,
K5_T2-6,5,eulerian,A_common_dense,compact_rt_full,"[5, 2, 2, 5, 3]","[17, 6, 4, 5, 3]",6120,439,0.07173202614379084,13.940774487471526,0,0.09614598969606926,0.5430662782206964,0.07265834947850797,0.6173567173334739,0.13546733828290156,0.25954873462733663,0.13335183323821098,22.74380800800227,22.673138843274376,0.996892817389989,0.0036160549322764076,0.0032386140284324724,0.8956208047408379,294317.01199337846,289452.9442278264,0.9834733720194825,294317.01199337846,289452.9442278264,0.9834733720194825,1.0,1682.976521612577,3052.631578947368,3052.631578947368,1.0,,,,,,,,,,,,
K5_T2-6,5,eulerian,A_common_dense,moderate_rt_full,"[9, 3, 3, 5, 3]","[17, 6, 4, 5, 3]",6120,1432,0.23398692810457516,4.273743016759776,0,0.020741237719986712,0.08910808705060415,0.011922019079323056,0.14624271977974265,0.032090218565019236,0.07259369462790549,0.03729743577469354,22.74380800800227,22.692283294993246,0.9977345608531828,0.0036160549322764076,0.003541625026387307,0.9794168210154249,294317.01199337846,294672.766496073,1.0012087459718522,294317.01199337846,294672.766496073,1.0012087459718522,1.0,1500.0,3052.631578947368,3052.631578947368,1.0,,,,,,,,,,,,
K5_T2-6,5,eulerian,B_structured_missing,aggressive_temporal,"[6, 11, 3, 1, 3]","[45, 83, 9, 5, 3]",504225,1818,0.003605533244087461,277.3514851485148,6,0.29443900519583754,3.049612635704359,0.24220996042631143,2.990182086242861,0.3875842528972886,0.9736362600385465,0.5362540130256054,37.29520024552826,31.244352350685475,0.8377579995546938,0.0036099056005477904,0.0027352855702450934,0.7577166477234262,504795.2927453443,398331.45339082665,0.7890950234985139,540440.2800584211,435956.580754774,0.8066692969436836,0.6182965299684543,3354.1019662496847,4578.9473684210525,4578.9473684210525,1.0,0.15864346273984828,79992,71982,8010,0.10013501350135014,0.022727272727272728,0.02525631407851963,0.2623892212074328,False,2.984155488534525,2.9961620526122013,0.9618991131714988
K5_T2-6,5,eulerian,B_structured_missing,compact_temporal,"[12, 21, 5, 2, 3]","[45, 83, 9, 5, 3]",504225,9907,0.019647974614507412,50.89583123044312,6,0.15455688310993648,1.4916277528714141,0.11846983277937781,1.5672137314619512,0.20314059335506207,0.7786670427957139,0.4288699421418949,37.29520024552826,35.31446658120686,0.9468903866641957,0.0036099056005477904,0.002800221406517517,0.7757048843860608,504795.2927453443,439335.5291306781,0.8703241401902516,540440.2800584211,483237.80608477566,0.8941557909646152,0.6182965299684543,5408.326913195984,4578.9473684210525,4578.9473684210525,1.0,0.15864346273984828,79992,71982,8010,0.10013501350135014,0.12384988498849885,0.13763163012975466,0.15187777530675514,False,1.6985945343527495,1.685447856071811,0.7584706500776758
K5_T2-6,5,eulerian,B_structured_missing,moderate_temporal,"[23, 42, 7, 3, 3]","[45, 83, 9, 5, 3]",504225,65466,0.12983489513609994,7.702089634313995,6,0.11566836225618328,1.334756622037025,0.10601062732273059,0.9700304648673117,0.1257343272648683,0.48874168589424366,0.26918645201577834,37.29520024552826,36.85463101375657,0.9881869723484186,0.0036099056005477904,0.0036237439588703603,1.003833440497854,504795.2927453443,505754.10728936153,1.0018994126090255,540440.2800584211,541018.4526484956,1.0010698177234532,0.6182965299684543,1500.0,4578.9473684210525,4578.9473684210525,1.0,0.15864346273984828,79992,71982,8010,0.10013501350135014,0.8184068406840684,0.9094773693423356,0.2334808438032745,False,3.2944122208342956,1.895986806034672,0.6660537684845805
K5_T2-6,5,eulerian,B_structured_missing,compact_rt_full,"[12, 21, 5, 5, 3]","[45, 83, 9, 5, 3]",504225,21262,0.04216768307799098,23.714843382560435,6,0.037915679353471864,0.38859946675177676,0.030863808852855952,0.3868408117875442,0.050141898621045525,0.13247226627181996,0.07296234468511635,37.29520024552826,37.690400054223396,1.010596532693038,0.0036099056005477904,0.003717802247438138,1.029889049418349,504795.2927453443,500010.9335011016,0.990522179360622,540440.2800584211,538689.6352914253,0.9967607063507432,0.6182965299684543,763.1578947368421,4578.9473684210525,4578.9473684210525,1.0,0.15864346273984828,79992,71982,8010,0.10013501350135014,0.2658015801580158,0.29537940040565697,0.07148585038080665,False,0.9248366319937482,0.7142861989590236,0.17449006389461164
K5_T2-6,5,eulerian,B_structured_missing,moderate_rt_full,"[23, 42, 7, 5, 3]","[45, 83, 9, 5, 3]",504225,106048,0.21031880608855175,4.754686557030778,6,0.14574118039144646,2.0031994047067156,0.1591004847171222,0.8160289740043596,0.1057728162064618,0.1508317832371164,0.08307429824923497,37.29520024552826,37.91046553919497,1.0164971709393218,0.0036099056005477904,0.007404666750730924,2.05120786250125,504795.2927453443,498564.8707857746,0.9876575276174123,540440.2800584211,537223.2458203598,0.9940473825568413,0.6182965299684543,7841.663710635168,4578.9473684210525,4578.9473684210525,1.0,0.15864346273984828,79992,71982,8010,0.10013501350135014,1.3257325732573257,1.4732572031896862,0.3738748759109399,False,5.606442210268859,2.5611454985246196,0.4394070547333388
K5_T2-6,5,storm_relative,A_common_dense,aggressive_temporal,"[3, 2, 2, 1, 3]","[17, 6, 4, 5, 3]",6120,121,0.01977124183006536,50.578512396694215,0,0.41186114349401415,2.34786101167045,0.3156610282954616,2.509593622185385,0.6370916283333772,0.871791412970292,0.48237437421044693,21.944022356322407,19.23935047110268,0.8767467585795422,0.0035662500095598113,0.0023331786936364985,0.6542386785508868,289565.3806808756,191015.03755210328,0.659661169104387,289816.3971882422,191557.8213541172,0.6609626757236104,1.0,3000.0,3052.631578947368,3052.631578947368,1.0,,,,,,,,,,,,
K5_T2-6,5,storm_relative,A_common_dense,compact_temporal,"[5, 2, 2, 2, 3]","[17, 6, 4, 5, 3]",6120,244,0.03986928104575163,25.081967213114755,0,0.18334945625539187,1.0950730807227986,0.14722843175188632,1.0055093390656384,0.2552610815020727,0.5300766007034341,0.29329879228419664,21.944022356322407,20.24909894355069,0.9227614980859066,0.0035662500095598113,0.0032024426483777844,0.8979860188694588,289565.3806808756,273858.4325995118,0.9457568164936329,289816.3971882422,273858.4325995118,0.9449376752193723,1.0,3354.1019662496847,3052.631578947368,3052.631578947368,1.0,,,,,,,,,,,,
K5_T2-6,5,storm_relative,A_common_dense,moderate_temporal,"[9, 3, 3, 3, 3]","[17, 6, 4, 5, 3]",6120,936,0.15294117647058825,6.538461538461538,0,0.08909966057039846,0.3564785560026987,0.04792719287630795,0.6143187203981851,0.1559524659428088,0.2895559903430988,0.16021537670892175,21.944022356322407,22.342137926586762,1.0181423243104586,0.0035662500095598113,0.003401610034996167,0.9538338663519651,289565.3806808756,277107.74272365595,0.9569781514353437,289816.3971882422,277141.9549861024,0.956267339166778,1.0,3000.0,3052.631578947368,3052.631578947368,1.0,,,,,,,,,,,,
K5_T2-6,5,storm_relative,A_common_dense,compact_rt_full,"[5, 2, 2, 5, 3]","[17, 6, 4, 5, 3]",6120,439,0.07173202614379084,13.940774487471526,0,0.07702202702284444,0.3559170733299623,0.04785170365570884,0.4996393081069639,0.12683966741357672,0.2516110224706663,0.13921989561151402,21.944022356322407,22.192886387037763,1.0113408575089087,0.0035662500095598113,0.0034345918911579507,0.9630821961306881,289565.3806808756,272660.9263444025,0.9416212867134721,289816.3971882422,273646.3207842706,0.9442057918018049,1.0,3000.0,3052.631578947368,3052.631578947368,1.0,,,,,,,,,,,,
K5_T2-6,5,storm_relative,A_common_dense,moderate_rt_full,"[9, 3, 3, 5, 3]","[17, 6, 4, 5, 3]",6120,1432,0.23398692810457516,4.273743016759776,0,0.019538770033685548,0.09862304901571665,0.013259495733005723,0.12278170486802077,0.031169666511902342,0.05906798395603841,0.03268314114220083,21.944022356322407,22.00611406152751,1.0028295498517488,0.0035662500095598113,0.0035207136466338072,0.9872313038054154,289565.3806808756,279524.0826905311,0.9653228643329748,289816.3971882422,280016.0935821357,0.9661844405589619,1.0,3354.1019662496847,3052.631578947368,3052.631578947368,1.0,,,,,,,,,,,,
K5_T2-6,5,storm_relative,B_structured_missing,aggressive_temporal,"[7, 11, 3, 1, 3]","[52, 86, 9, 5, 3]",603720,2044,0.0033856754786987346,295.36203522504894,6,0.21848429037232633,2.184328381677784,0.17896589026950802,2.0860744323494194,0.27717810887541827,0.9250469415904091,0.4994083671386699,37.27442304130637,35.65780979095567,0.9566294225786078,0.003560786006987954,0.0030000557868900173,0.8425262795917763,495902.4976820281,496385.8948081905,1.0009747826002529,510158.0896339902,500995.93544818985,0.9820405588542688,0.5110410094637224,6231.565611650026,4578.9473684210525,4578.9473684210525,1.0,0.10966507652554164,66207,59571,6636,0.10023109338891659,0.030872868427809747,0.03431199744842289,0.21545958736502632,False,2.6077438012616745,2.2338689051821876,0.9081595231574825
K5_T2-6,5,storm_relative,B_structured_missing,compact_temporal,"[13, 22, 5, 2, 3]","[52, 86, 9, 5, 3]",603720,11212,0.018571523222686015,53.845879414912595,6,0.12563866689261668,1.2055779851527264,0.09877513802959152,1.212454496347182,0.1610996420758194,0.6134184449535195,0.3311683874553285,37.27442304130637,36.706787198905324,0.9847714385338169,0.003560786006987954,0.003138422385288133,0.8813847221172677,495902.4976820281,434092.2511550109,0.8753580657166807,510158.0896339902,447606.5632631625,0.8773879555341269,0.5110410094637224,3095.5467969809742,4578.9473684210525,4578.9473684210525,1.0,0.10966507652554164,66207,59571,6636,0.10023109338891659,0.1693476520609603,0.1882123852209968,0.1315059203938684,False,1.5361326827992403,1.3969439089889202,0.6232006500351563
K5_T2-6,5,storm_relative,B_structured_missing,moderate_temporal,"[26, 43, 7, 3, 3]","[52, 86, 9, 5, 3]",603720,75571,0.12517557808255483,7.988778764340818,6,0.11214051258412965,1.2351475607803704,0.10119782569481707,0.9516872530554344,0.1264513235731765,0.44442169597067566,0.2399315143122621,37.27442304130637,38.15719194159151,1.0236829661805062,0.003560786006987954,0.003953649602545961,1.110330582850815,495902.4976820281,485275.85602584924,0.9785711068085956,510158.0896339902,501322.0264909169,0.9826797549179066,0.5110410094637224,2613.3579718815167,4578.9473684210525,4578.9473684210525,1.0,0.10966507652554164,66207,59571,6636,0.10023109338891659,1.1414351956741735,1.2685870641755217,0.2294967487916296,False,3.1697538451108924,1.9595144870025467,0.6523223651042767
K5_T2-6,5,storm_relative,B_structured_missing,compact_rt_full,"[13, 22, 5, 5, 3]","[52, 86, 9, 5, 3]",603720,24097,0.03991419863512887,25.053741129601196,6,0.04097016447369466,0.42791572395497945,0.035059892615184995,0.38998859880032305,0.05181804667281475,0.12524251781117984,0.06761512146495118,37.27442304130637,37.79142008012578,1.0138700212273304,0.003560786006987954,0.003507933590293907,0.985157092678323,495902.4976820281,489143.41850898025,0.9863701449284054,510158.0896339902,507222.6019974578,0.9942459255352817,0.5110410094637224,2121.3203435596424,4578.9473684210525,4578.9473684210525,1.0,0.10966507652554164,66207,59571,6636,0.10023109338891659,0.36396453547207996,0.40450890533984657,0.07340235920107184,False,0.981817242865799,0.686564998847702,0.1697325942349494
K5_T2-6,5,storm_relative,B_structured_missing,moderate_rt_full,"[26, 43, 7, 5, 3]","[52, 86, 9, 5, 3]",603720,122537,0.20296991983038495,4.926838424312656,6,0.15139695413789286,1.996469148951465,0.16357425084742236,0.882427894998796,0.1172487862186278,0.16399874033565115,0.08853858052112869,37.27442304130637,37.61126212728721,1.0090367350718632,0.003560786006987954,0.007318927149429078,2.055424598688566,495902.4976820281,485036.9255072304,0.9780892973405335,510158.0896339902,499439.0602819076,0.9789888084303968,0.5110410094637224,4820.963570770114,4578.9473684210525,4578.9473684210525,1.0,0.10966507652554164,66207,59571,6636,0.10023109338891659,1.8508163789327412,2.0569908176797433,0.37738405621195587,False,5.562799355033126,2.742817880714059,0.4837682613485149
